arrival_rate,Rdynamic/RR_ratio,Rdynamic/SRPT_ratio,Dynamic/SRPT_ratio,Rdynamic/SETF_ratio,Rdynamic/FCFS_ratio,Rdynamic/RMLF_ratio,Rdynamic/Dynamic_ratio
20,0.5388881176412077,1.9834041766327013,1.0,0.810148725392891,0.8590445997234679,1.1969216185341096,1.9834041766327013
22,0.5854171589912374,1.959973422706066,1.0,0.88447288671551,0.8704838590689116,1.1644179358942406,1.959973422706066
24,0.541842725005501,2.2215330597610574,1.0000000000000002,1.0137942523168852,1.039469762256081,1.3022239791214585,2.2215330597610574
26,0.5791544279270389,2.1850494022090703,1.0,0.9936495010763632,1.02482220902602,1.2761597348341356,2.1850494022090703
28,0.5751500872347208,2.669246295229007,1.0,1.2024079895740372,1.0522574711150106,1.5286126399080524,2.669246295229007
30,0.4122728150482673,2.0892232430309168,1.0,0.7072783223625339,0.6645742513386143,1.2329752145115584,2.0892232430309168
