arrival_rate,bp_parameter_L,bp_parameter_H,Dynamic_njobs1_mode1_L2_norm_flow_time
20,8.500000,262144,41584335.719590
20,9.800000,32768,51562480.702673
20,12.400000,4096,74943342.605829
20,18.900000,512,119630786.413242
20,56.300000,64,208862199.983642
