arrival_rate,bp_parameter_L,bp_parameter_H,Dynamic_njobs1_mode1_L2_norm_flow_time
22,8.500000,262144,36044030.280888
22,9.800000,32768,47969284.264794
22,12.400000,4096,70499357.907161
22,18.900000,512,113776283.403689
22,56.300000,64,202906945.875481
