arrival_rate,bp_parameter_L,bp_parameter_H,Dynamic_njobs1_mode1_L2_norm_flow_time
26,9.800000,32768,38826063.938751
26,8.500000,262144,30457939.656384
26,12.400000,4096,62335632.173229
26,18.900000,512,102899454.470126
26,56.300000,64,189551574.642765
