arrival_rate,bp_parameter_L,bp_parameter_H,Dynamic_njobs1_mode1_L2_norm_flow_time
30,8.500000,262144,21977349.807122
30,9.800000,32768,31896248.446798
30,12.400000,4096,50139318.454298
30,18.900000,512,94681837.433484
30,56.300000,64,177725171.659551
