arrival_rate,bp_parameter_L,bp_parameter_H,Dynamic_njobs1_mode1_L2_norm_flow_time
34,8.500000,262144,16863423.979464
34,9.800000,32768,26901160.753196
34,12.400000,4096,44432179.729440
34,18.900000,512,83601016.864871
34,56.300000,64,163085338.198617
