arrival_rate,bp_parameter_L,bp_parameter_H,Dynamic_njobs1_mode1_L2_norm_flow_time
34,8.500000,262144,17724981.012541
34,9.800000,32768,28721981.501673
34,12.400000,4096,45234795.847242
34,18.900000,512,84186471.734951
34,56.300000,64,163823889.317454
