arrival_rate,bp_parameter_L,bp_parameter_H,Dynamic_njobs1_mode1_L2_norm_flow_time
36,8.500000,262144,14356254.260507
36,9.800000,32768,23718073.423897
36,12.400000,4096,44150362.714199
36,18.900000,512,80093189.838403
36,56.300000,64,158900745.900150
