arrival_rate,bp_parameter_L,bp_parameter_H,Dynamic_njobs1_mode1_L2_norm_flow_time
36,8.500000,262144,15011650.276038
36,9.800000,32768,23008033.505807
36,12.400000,4096,40650360.318870
36,18.900000,512,78797083.398454
36,56.300000,64,157935350.457243
