arrival_rate,bp_parameter_L,bp_parameter_H,Dynamic_njobs1_mode1_L2_norm_flow_time
36,8.500000,262144,15163153.919902
36,9.800000,32768,21927692.527146
36,12.400000,4096,40576571.446792
36,18.900000,512,81508555.370121
36,56.300000,64,157767775.003205
