arrival_rate,bp_parameter_L,bp_parameter_H,MLFQ_L2_norm_flow_time
20,13.000000,262144,15907671.810597
20,15.300000,32768,20129889.468076
20,19.700000,4096,28553167.347598
20,32.300000,512,45447085.374245
20,90.000000,18,66983391.502824
20,90.000000,27,63703289.830478
20,90.000000,36,61655849.930328
