arrival_rate,bp_parameter_L,bp_parameter_H,MLFQ_L2_norm_flow_time
20,13.000000,262144,16268799.349854
20,15.300000,32768,20154250.646163
20,19.700000,4096,28471955.602847
20,32.300000,512,46018524.766018
20,90.000000,18,67049981.329217
20,90.000000,27,63973838.281137
20,90.000000,36,61134831.620590
