arrival_rate,bp_parameter_L,bp_parameter_H,MLFQ_L2_norm_flow_time
24,13.000000,262144,14322576.493635
24,15.300000,32768,18445707.630592
24,19.700000,4096,26958783.825067
24,32.300000,512,43424298.919288
24,90.000000,18,63660108.815017
24,90.000000,27,60416362.215488
24,90.000000,36,58024964.726099
