arrival_rate,bp_parameter_L,bp_parameter_H,MLFQ_L2_norm_flow_time
26,13.000000,262144,13393533.434231
26,15.300000,32768,18118633.503732
26,19.700000,4096,24779499.791440
26,32.300000,512,41294570.111619
26,90.000000,18,62330482.518340
26,90.000000,27,59032651.721665
26,90.000000,36,56545832.872996
