arrival_rate,bp_parameter_L,bp_parameter_H,MLFQ_L2_norm_flow_time
28,13.000000,262144,12844824.573461
28,15.300000,32768,16608819.199452
28,19.700000,4096,24508903.714439
28,32.300000,512,41327802.966379
28,90.000000,18,60728322.993472
28,90.000000,27,57415357.804775
28,90.000000,36,55532035.060372
