arrival_rate,bp_parameter_L,bp_parameter_H,MLFQ_L2_norm_flow_time
28,13.000000,262144,12585216.943179
28,15.300000,32768,17271767.410706
28,19.700000,4096,24233772.538563
28,32.300000,512,41318119.008971
28,90.000000,18,60376661.969861
28,90.000000,27,57527032.092582
28,90.000000,36,55033705.202182
