arrival_rate,bp_parameter_L,bp_parameter_H,MLFQ_L2_norm_flow_time
32,13.000000,262144,11656058.702510
32,15.300000,32768,14458312.135575
32,19.700000,4096,22465870.848110
32,32.300000,512,38627430.881884
32,90.000000,18,57210727.020443
32,90.000000,27,54312724.759856
32,90.000000,36,52172096.738746
