arrival_rate,bp_parameter_L,bp_parameter_H,MLFQ_L2_norm_flow_time
32,13.000000,262144,10865967.671424
32,15.300000,32768,15621717.483750
32,19.700000,4096,22167914.527832
32,32.300000,512,39373489.963650
32,90.000000,18,57167358.560345
32,90.000000,27,54383330.141782
32,90.000000,36,51771586.024528
