arrival_rate,bp_parameter_L,bp_parameter_H,MLFQ_L2_norm_flow_time
38,13.000000,262144,8099476.876881
38,15.300000,32768,12752085.895884
38,19.700000,4096,20510178.889411
38,32.300000,512,36087180.246649
38,90.000000,18,51572207.232691
38,90.000000,27,50138935.391138
38,90.000000,36,48032984.073192
