arrival_rate,bp_parameter_L,bp_parameter_H,MLFQ_L2_norm_flow_time
38,13.000000,262144,9279531.619017
38,15.300000,32768,13627468.525197
38,19.700000,4096,20014611.538538
38,32.300000,512,35416707.568374
38,90.000000,18,52160283.667498
38,90.000000,27,50525439.160907
38,90.000000,36,47642375.858320
