arrival_rate,bp_parameter_L,bp_parameter_H,MLFQ_L2_norm_flow_time
38,13.000000,262144,9089011.631214
38,15.300000,32768,12159433.532953
38,19.700000,4096,20117667.459164
38,32.300000,512,35624336.567466
38,90.000000,18,51952645.863822
38,90.000000,27,50188800.715170
38,90.000000,36,48085627.082926
