arrival_rate,bp_parameter_L,bp_parameter_H,MLFQ_L2_norm_flow_time
40,13.000000,262144,7704199.688867
40,15.300000,32768,12471374.515007
40,19.700000,4096,19545752.694607
40,32.300000,512,34248207.267637
40,90.000000,18,49874319.072463
40,90.000000,27,48343966.428519
40,90.000000,36,46392529.036816
