arrival_rate,bp_parameter_L,bp_parameter_H,Dynamic_BAL_njobs1_mode1_L2_norm_flow_time
20,4.639000,32768,48497.907285
20,5.649000,4096,34393.262145
20,7.918000,512,93606.868599
20,16.772000,64,179085.357835
20,4.073000,262144,10598.560044
