arrival_rate,bp_parameter_L,bp_parameter_H,Dynamic_BAL_njobs1_mode1_L2_norm_flow_time
20,4.639000,32768,7430329.947660
20,4.073000,262144,5071634.293576
20,5.649000,4096,12829538.127051
20,7.918000,512,29575802.386415
20,16.772000,64,47035508.574759
