arrival_rate,bp_parameter_L,bp_parameter_H,Dynamic_BAL_njobs1_mode1_L2_norm_flow_time
20,4.073000,262144,33265.812856
20,5.649000,4096,69264.349322
20,16.772000,64,192998.821921
20,7.918000,512,81717.093971
20,4.639000,32768,51245.221367
