arrival_rate,bp_parameter_L,bp_parameter_H,Dynamic_BAL_njobs1_mode1_L2_norm_flow_time
20,4.073000,262144,4858294.905265
20,4.639000,32768,8573566.453799
20,5.649000,4096,13896249.534196
20,7.918000,512,30480524.116693
20,16.772000,64,47287296.772544
