arrival_rate,bp_parameter_L,bp_parameter_H,Dynamic_BAL_njobs1_mode1_L2_norm_flow_time
22,7.918000,512,83449.529082
22,5.649000,4096,49281.339633
22,4.073000,262144,34665.131314
22,4.639000,32768,39000.558509
22,16.772000,64,152004.080356
