arrival_rate,bp_parameter_L,bp_parameter_H,Dynamic_BAL_njobs1_mode1_L2_norm_flow_time
22,4.073000,262144,21479.454439
22,4.639000,32768,32701.826417
22,5.649000,4096,30867.912563
22,7.918000,512,82407.668132
22,16.772000,64,175606.837230
