arrival_rate,bp_parameter_L,bp_parameter_H,Dynamic_BAL_njobs1_mode1_L2_norm_flow_time
22,4.073000,262144,2784526.277940
22,4.639000,32768,5888977.823978
22,5.649000,4096,10612704.658856
22,7.918000,512,24829063.415423
22,16.772000,64,38516871.668628
