arrival_rate,bp_parameter_L,bp_parameter_H,Dynamic_BAL_njobs1_mode1_L2_norm_flow_time
22,4.073000,262144,4062214.455199
22,4.639000,32768,5804912.179668
22,5.649000,4096,11422709.154547
22,7.918000,512,22237225.487524
22,16.772000,64,37597323.187843
