arrival_rate,bp_parameter_L,bp_parameter_H,Dynamic_BAL_njobs1_mode1_L2_norm_flow_time
22,7.918000,512,69342.115356
22,5.649000,4096,55850.481842
22,16.772000,64,141835.891286
22,4.639000,32768,12439.109856
22,4.073000,262144,21645.295655
