arrival_rate,bp_parameter_L,bp_parameter_H,Dynamic_BAL_njobs1_mode1_L2_norm_flow_time
26,4.073000,262144,1671075.945115
26,5.649000,4096,5985928.470492
26,4.639000,32768,2966419.150609
26,7.918000,512,12187133.875679
26,16.772000,64,18967880.484941
