arrival_rate,bp_parameter_L,bp_parameter_H,Dynamic_BAL_njobs1_mode1_L2_norm_flow_time
26,16.772000,64,81413.547423
26,5.649000,4096,53167.674813
26,4.073000,262144,4309.213153
26,4.639000,32768,39309.931468
26,7.918000,512,45326.323886
