arrival_rate,bp_parameter_L,bp_parameter_H,Dynamic_BAL_njobs1_mode1_L2_norm_flow_time
28,4.639000,32768,38476.604398
28,4.073000,262144,7655.750845
28,7.918000,512,16068.451139
28,5.649000,4096,38406.277273
28,16.772000,64,56131.795927
