arrival_rate,bp_parameter_L,bp_parameter_H,Dynamic_BAL_njobs1_mode1_L2_norm_flow_time
28,5.649000,4096,11904.211650
28,7.918000,512,35858.170575
28,4.639000,32768,20508.065243
28,4.073000,262144,30206.815241
28,16.772000,64,48267.141152
