arrival_rate,bp_parameter_L,bp_parameter_H,Dynamic_BAL_njobs1_mode1_L2_norm_flow_time
28,16.772000,64,69128.724985
28,4.073000,262144,14819.870040
28,4.639000,32768,19419.685348
28,5.649000,4096,24919.647991
28,7.918000,512,20778.555291
