arrival_rate,bp_parameter_L,bp_parameter_H,Dynamic_BAL_njobs1_mode1_L2_norm_flow_time
28,16.772000,64,57718.284503
28,7.918000,512,33824.153219
28,4.639000,32768,33513.770796
28,5.649000,4096,34296.297672
28,4.073000,262144,25587.559204
