arrival_rate,bp_parameter_L,bp_parameter_H,Dynamic_BAL_njobs1_mode1_L2_norm_flow_time
30,4.073000,262144,21371.154976
30,7.918000,512,24112.875005
30,4.639000,32768,12843.706319
30,5.649000,4096,27326.306538
30,16.772000,64,50565.261129
