arrival_rate,bp_parameter_L,bp_parameter_H,Dynamic_BAL_njobs1_mode1_L2_norm_flow_time
30,4.073000,262144,276447.540004
30,5.649000,4096,3123255.503175
30,7.918000,512,2486395.861201
30,4.639000,32768,1738353.077604
30,16.772000,64,4035285.756314
