arrival_rate,bp_parameter_L,bp_parameter_H,Dynamic_BAL_njobs1_mode1_L2_norm_flow_time
30,4.639000,32768,13861.122105
30,4.073000,262144,10905.829771
30,5.649000,4096,30617.404201
30,16.772000,64,12276.493921
30,7.918000,512,7710.710732
