arrival_rate,bp_parameter_L,bp_parameter_H,Dynamic_BAL_njobs1_mode1_L2_norm_flow_time
32,16.772000,64,9012.136817
32,4.639000,32768,11778.856566
32,4.073000,262144,55891.371194
32,5.649000,4096,52117.845639
32,7.918000,512,13912.471815
