arrival_rate,bp_parameter_L,bp_parameter_H,Dynamic_BAL_njobs1_mode1_L2_norm_flow_time
32,5.649000,4096,20495.135398
32,7.918000,512,15406.728563
32,16.772000,64,22317.511667
32,4.073000,262144,20980.580378
32,4.639000,32768,8767.320229
