arrival_rate,bp_parameter_L,bp_parameter_H,Dynamic_BAL_njobs1_mode1_L2_norm_flow_time
32,4.639000,32768,5086.339352
32,5.649000,4096,9450.742987
32,16.772000,64,17425.884368
32,4.073000,262144,13304.578498
32,7.918000,512,17599.579256
