arrival_rate,bp_parameter_L,bp_parameter_H,Dynamic_BAL_njobs1_mode1_L2_norm_flow_time
34,4.639000,32768,8834.670226
34,5.649000,4096,22444.889129
34,16.772000,64,11597.688908
34,4.073000,262144,6122.890494
34,7.918000,512,13219.685057
