arrival_rate,bp_parameter_L,bp_parameter_H,Dynamic_BAL_njobs1_mode1_L2_norm_flow_time
36,4.639000,32768,481597.240097
36,7.918000,512,55500.136567
36,4.073000,262144,403560.638369
36,16.772000,64,42514.016912
36,5.649000,4096,129333.964967
