arrival_rate,bp_parameter_L,bp_parameter_H,Dynamic_BAL_njobs1_mode1_L2_norm_flow_time
36,7.918000,512,10106.215464
36,4.639000,32768,3526.882334
36,4.073000,262144,15577.265710
36,5.649000,4096,5588.855607
36,16.772000,64,11239.010099
