arrival_rate,bp_parameter_L,bp_parameter_H,Dynamic_BAL_njobs1_mode1_L2_norm_flow_time
36,5.649000,4096,9170.332382
36,4.073000,262144,13489.741806
36,4.639000,32768,14100.208757
36,16.772000,64,3316.311958
36,7.918000,512,10996.477982
