arrival_rate,bp_parameter_L,bp_parameter_H,Dynamic_BAL_njobs1_mode1_L2_norm_flow_time
38,16.772000,64,4006.796476
38,5.649000,4096,6255.690210
38,4.639000,32768,18488.324884
38,7.918000,512,7078.877453
38,4.073000,262144,5483.671763
