arrival_rate,bp_parameter_L,bp_parameter_H,Dynamic_BAL_njobs1_mode1_L2_norm_flow_time
38,7.918000,512,59426.711006
38,5.649000,4096,114208.155055
38,16.772000,64,33833.279031
38,4.073000,262144,754910.736602
38,4.639000,32768,300896.848227
