arrival_rate,bp_parameter_L,bp_parameter_H,Dynamic_BAL_njobs1_mode1_L2_norm_flow_time
40,4.639000,32768,4659.304347
40,16.772000,64,3123.232140
40,4.073000,262144,5689.487411
40,5.649000,4096,6598.751397
40,7.918000,512,6817.983426
