arrival_rate,bp_parameter_L,bp_parameter_H,Dynamic_BAL_njobs1_mode1_L2_norm_flow_time
40,7.918000,512,4907.782595
40,16.772000,64,6232.505756
40,4.073000,262144,9855.430229
40,5.649000,4096,23811.551272
40,4.639000,32768,4907.982274
