arrival_rate,bp_parameter_L,bp_parameter_H,Dynamic_BAL_njobs1_mode1_L2_norm_flow_time
40,16.772000,64,5658.155088
40,4.639000,32768,2772.263516
40,5.649000,4096,12928.958736
40,4.073000,262144,8414.031792
40,7.918000,512,6096.418457
