arrival_rate,bp_parameter_L,bp_parameter_H,Dynamic_BAL_njobs1_mode1_L2_norm_flow_time
40,7.918000,512,49794.238482
40,4.639000,32768,194196.447393
40,16.772000,64,28092.351023
40,4.073000,262144,142778.979136
40,5.649000,4096,74531.378949
