arrival_rate,bp_parameter_L,bp_parameter_H,SETF_L2_norm_flow_time
20,13.000000,262144,289103553.590046
20,15.300000,32768,278119677.542583
20,19.700000,4096,342972679.447544
20,32.300000,512,397632758.608727
