arrival_rate,bp_parameter_L,bp_parameter_H,SETF_L2_norm_flow_time
20,13.000000,262144,284228092.943434
20,15.300000,32768,306661041.171128
20,19.700000,4096,334619706.074507
20,32.300000,512,394815116.629566
20,90.000000,18,429598647.370962
20,90.000000,27,424207616.046201
20,90.000000,36,415935404.726075
20,300.000000,150,44375174.728579
20,1500.000000,600,218150915.037471
20,8000.000000,3000,1181542717.952164
