arrival_rate,bp_parameter_L,bp_parameter_H,SETF_L2_norm_flow_time
20,13.000000,262144,31993119.732452
20,15.300000,32768,34741856.140018
20,19.700000,4096,41502540.817692
20,32.300000,512,49649630.421091
20,90.000000,18,53925914.347187
20,90.000000,27,53284477.724627
20,90.000000,36,52174246.278710
