arrival_rate,bp_parameter_L,bp_parameter_H,SETF_L2_norm_flow_time
20,13.000000,262144,33622429.098330
20,15.300000,32768,34554106.718327
20,19.700000,4096,41675306.222997
20,32.300000,512,49904912.979026
20,90.000000,18,53712884.377792
20,90.000000,27,53052686.444310
20,90.000000,36,51769647.443748
