arrival_rate,bp_parameter_L,bp_parameter_H,SETF_L2_norm_flow_time
20,13.000000,262144,244773229.892903
20,15.300000,32768,287830078.651384
20,19.700000,4096,345202182.007918
20,32.300000,512,396926096.008137
