arrival_rate,bp_parameter_L,bp_parameter_H,SETF_L2_norm_flow_time
20,13.000000,262144,275430011.488185
20,15.300000,32768,308950434.099076
20,19.700000,4096,339741029.109982
20,32.300000,512,397137424.089187
