arrival_rate,bp_parameter_L,bp_parameter_H,SETF_L2_norm_flow_time
20,13.000000,262144,279553916.065728
20,15.300000,32768,288353705.606822
20,19.700000,4096,334817120.004987
20,32.300000,512,396285619.100321
20,90.000000,18,430319981.690687
20,90.000000,27,425662108.647891
20,90.000000,36,417422468.341480
20,300.000000,150,44426378.329308
20,1500.000000,600,218907491.635504
20,8000.000000,3000,1153064561.738537
