arrival_rate,bp_parameter_L,bp_parameter_H,SETF_L2_norm_flow_time
20,13.000000,262144,246790792.290668
20,15.300000,32768,310593562.358743
20,19.700000,4096,340025535.245314
20,32.300000,512,397311824.806721
