arrival_rate,bp_parameter_L,bp_parameter_H,SETF_L2_norm_flow_time
20,13.000000,262144,31548547.593609
20,15.300000,32768,40380003.766492
20,19.700000,4096,39886159.284025
20,32.300000,512,49363056.320821
20,90.000000,18,53879835.475385
20,90.000000,27,53100353.713108
20,90.000000,36,51927201.679651
