arrival_rate,bp_parameter_L,bp_parameter_H,SETF_L2_norm_flow_time
22,13.000000,262144,246728560.811710
22,15.300000,32768,285024306.528105
22,19.700000,4096,321545222.826894
22,32.300000,512,391141407.307138
