arrival_rate,bp_parameter_L,bp_parameter_H,SETF_L2_norm_flow_time
22,13.000000,262144,246719918.623160
22,15.300000,32768,280616707.784205
22,19.700000,4096,322214826.052014
22,32.300000,512,389539325.070588
