arrival_rate,bp_parameter_L,bp_parameter_H,SETF_L2_norm_flow_time
22,13.000000,262144,29460875.895995
22,15.300000,32768,33952939.486375
22,19.700000,4096,39315476.566081
22,32.300000,512,48515205.036752
22,90.000000,18,53559000.097686
22,90.000000,27,52758283.896187
22,90.000000,36,51935071.269012
