arrival_rate,bp_parameter_L,bp_parameter_H,SETF_L2_norm_flow_time
22,13.000000,262144,28570110.547076
22,15.300000,32768,37113241.443977
22,19.700000,4096,39710010.999325
22,32.300000,512,48909678.854742
22,90.000000,18,53611217.058693
22,90.000000,27,52346610.178794
22,90.000000,36,51499286.314801
