arrival_rate,bp_parameter_L,bp_parameter_H,SETF_L2_norm_flow_time
24,13.000000,262144,25771839.358866
24,15.300000,32768,34832667.905495
24,19.700000,4096,39332503.716073
24,32.300000,512,47498415.009066
24,90.000000,18,53482548.392126
24,90.000000,27,52452889.233139
24,90.000000,36,51391543.133994
