arrival_rate,bp_parameter_L,bp_parameter_H,SETF_L2_norm_flow_time
24,13.000000,262144,21282822.135210
24,15.300000,32768,35394805.046917
24,19.700000,4096,41102987.803961
24,32.300000,512,47684395.474879
24,90.000000,18,53691805.092128
24,90.000000,27,52416977.000111
24,90.000000,36,51275760.709679
