arrival_rate,bp_parameter_L,bp_parameter_H,SETF_L2_norm_flow_time
24,13.000000,262144,209577384.613607
24,15.300000,32768,254322186.330498
24,19.700000,4096,306621227.861419
24,32.300000,512,382866374.332089
