arrival_rate,bp_parameter_L,bp_parameter_H,SETF_L2_norm_flow_time
24,13.000000,262144,25150416.874519
24,15.300000,32768,31389964.570327
24,19.700000,4096,37818920.427711
24,32.300000,512,47680413.027779
24,90.000000,18,53348337.733530
24,90.000000,27,52225956.146723
24,90.000000,36,51251398.052328
