arrival_rate,bp_parameter_L,bp_parameter_H,SETF_L2_norm_flow_time
24,13.000000,262144,202223261.726360
24,15.300000,32768,257572449.732524
24,19.700000,4096,316989829.578207
24,32.300000,512,383383003.144068
