arrival_rate,bp_parameter_L,bp_parameter_H,SETF_L2_norm_flow_time
24,13.000000,262144,25719485.937023
24,15.300000,32768,30871620.947843
24,19.700000,4096,39297133.685968
24,32.300000,512,47998240.436664
24,90.000000,18,53281459.509703
24,90.000000,27,52217341.275809
24,90.000000,36,51544685.258071
