arrival_rate,bp_parameter_L,bp_parameter_H,SETF_L2_norm_flow_time
24,13.000000,262144,29410666.560902
24,15.300000,32768,31474117.291614
24,19.700000,4096,39060918.916411
24,32.300000,512,47642798.205191
24,90.000000,18,53521918.657752
24,90.000000,27,52263050.250028
24,90.000000,36,51251733.197921
