arrival_rate,bp_parameter_L,bp_parameter_H,SETF_L2_norm_flow_time
24,13.000000,262144,25773440.424636
24,15.300000,32768,31868355.122736
24,19.700000,4096,39233741.224777
24,32.300000,512,48460744.812496
24,90.000000,18,53493314.867409
24,90.000000,27,52753899.369434
24,90.000000,36,51034612.316858
