arrival_rate,bp_parameter_L,bp_parameter_H,SETF_L2_norm_flow_time
24,13.000000,262144,210956372.109692
24,15.300000,32768,258628179.148970
24,19.700000,4096,319487081.960685
24,32.300000,512,384117020.308706
24,90.000000,18,426966819.967219
24,90.000000,27,422887245.956113
24,90.000000,36,410892412.907076
24,300.000000,150,44053049.442208
24,1500.000000,600,220475979.868758
24,8000.000000,3000,1167106762.124006
