arrival_rate,bp_parameter_L,bp_parameter_H,SETF_L2_norm_flow_time
24,13.000000,262144,194623711.793545
24,15.300000,32768,263528259.369737
24,19.700000,4096,317456502.799542
24,32.300000,512,381046084.050013
