arrival_rate,bp_parameter_L,bp_parameter_H,SETF_L2_norm_flow_time
26,13.000000,262144,28197206.754671
26,15.300000,32768,29363647.286976
26,19.700000,4096,37904803.491376
26,32.300000,512,46571573.798130
26,90.000000,18,53028953.786886
26,90.000000,27,52234504.954112
26,90.000000,36,50748119.508382
