arrival_rate,bp_parameter_L,bp_parameter_H,SETF_L2_norm_flow_time
26,13.000000,262144,23363676.057314
26,15.300000,32768,29006005.816169
26,19.700000,4096,37561192.030584
26,32.300000,512,46736798.150377
26,90.000000,18,53191699.670649
26,90.000000,27,51831480.749183
26,90.000000,36,50761676.816050
