arrival_rate,bp_parameter_L,bp_parameter_H,SETF_L2_norm_flow_time
26,13.000000,262144,29671854.566943
26,15.300000,32768,33333507.863829
26,19.700000,4096,37459802.419359
26,32.300000,512,46844639.785303
26,90.000000,18,53430809.052161
26,90.000000,27,51936377.596022
26,90.000000,36,51121792.098809
