arrival_rate,bp_parameter_L,bp_parameter_H,SETF_L2_norm_flow_time
26,13.000000,262144,23774944.433473
26,15.300000,32768,30390942.568683
26,19.700000,4096,37872250.575514
26,32.300000,512,47217925.653700
26,90.000000,18,53182501.155543
26,90.000000,27,52218013.753848
26,90.000000,36,50517104.416108
