arrival_rate,bp_parameter_L,bp_parameter_H,SETF_L2_norm_flow_time
26,13.000000,262144,208099711.862610
26,15.300000,32768,245151746.352977
26,19.700000,4096,297692837.616676
26,32.300000,512,377848099.105709
26,90.000000,18,424253151.374128
26,90.000000,27,416625091.325002
26,90.000000,36,407166466.327048
26,300.000000,150,44832487.111148
26,1500.000000,600,222268880.610293
26,8000.000000,3000,1155213889.980544
