arrival_rate,bp_parameter_L,bp_parameter_H,SETF_L2_norm_flow_time
26,13.000000,262144,190351380.340718
26,15.300000,32768,244325958.815331
26,19.700000,4096,298255919.833460
26,32.300000,512,376735488.563566
26,90.000000,18,424985580.120853
26,90.000000,27,417743152.845926
26,90.000000,36,409805373.679241
26,300.000000,150,44225908.670003
26,1500.000000,600,220599016.452292
26,8000.000000,3000,1176861684.427914
