arrival_rate,bp_parameter_L,bp_parameter_H,SETF_L2_norm_flow_time
28,13.000000,262144,186742880.107297
28,15.300000,32768,241690969.064483
28,19.700000,4096,282501627.380068
28,32.300000,512,374085686.007465
28,90.000000,18,421991558.395148
28,90.000000,27,415005872.045796
28,90.000000,36,402614526.043544
28,300.000000,150,43658031.035655
28,1500.000000,600,222817727.464103
28,8000.000000,3000,1167189214.768450
