arrival_rate,bp_parameter_L,bp_parameter_H,SETF_L2_norm_flow_time
28,13.000000,262144,21000644.462573
28,15.300000,32768,28218444.588899
28,19.700000,4096,34264664.889392
28,32.300000,512,45942905.535827
28,90.000000,18,52846761.211604
28,90.000000,27,52127277.418928
28,90.000000,36,50233595.297834
