arrival_rate,bp_parameter_L,bp_parameter_H,SETF_L2_norm_flow_time
28,13.000000,262144,180242651.267934
28,15.300000,32768,233737515.508603
28,19.700000,4096,286924224.996672
28,32.300000,512,366906675.073270
