arrival_rate,bp_parameter_L,bp_parameter_H,SETF_L2_norm_flow_time
28,13.000000,262144,26850479.873721
28,15.300000,32768,31110057.762625
28,19.700000,4096,34530880.378194
28,32.300000,512,46310863.087009
28,90.000000,18,52859958.141492
28,90.000000,27,51725673.683625
28,90.000000,36,50294264.226818
