arrival_rate,bp_parameter_L,bp_parameter_H,SETF_L2_norm_flow_time
28,13.000000,262144,18792672.476346
28,15.300000,32768,29833380.258233
28,19.700000,4096,36169690.974474
28,32.300000,512,46424777.152057
28,90.000000,18,52923455.486251
28,90.000000,27,51413318.501168
28,90.000000,36,50735478.038171
