arrival_rate,bp_parameter_L,bp_parameter_H,SETF_L2_norm_flow_time
28,13.000000,262144,22508173.050936
28,15.300000,32768,30917342.712245
28,19.700000,4096,35413971.167013
28,32.300000,512,46245872.117178
28,90.000000,18,52601953.754734
28,90.000000,27,51829057.749467
28,90.000000,36,50765245.361079
