arrival_rate,bp_parameter_L,bp_parameter_H,SETF_L2_norm_flow_time
28,13.000000,262144,192695081.154275
28,15.300000,32768,229013054.033459
28,19.700000,4096,281208225.875598
28,32.300000,512,363095638.812432
28,90.000000,18,422578243.649189
28,90.000000,27,414840494.308812
28,90.000000,36,405067971.293680
28,300.000000,150,44495647.238702
28,1500.000000,600,222510313.489204
28,8000.000000,3000,1169423969.662202
