arrival_rate,bp_parameter_L,bp_parameter_H,SETF_L2_norm_flow_time
28,13.000000,262144,25782115.887958
28,15.300000,32768,30703552.907716
28,19.700000,4096,37245231.376860
28,32.300000,512,45680726.535155
28,90.000000,18,52763266.652637
28,90.000000,27,51419492.166854
28,90.000000,36,50510999.736206
