arrival_rate,bp_parameter_L,bp_parameter_H,SETF_L2_norm_flow_time
30,13.000000,262144,169840413.359798
30,15.300000,32768,216885477.463058
30,19.700000,4096,262260765.676442
30,32.300000,512,364054683.972464
