arrival_rate,bp_parameter_L,bp_parameter_H,SETF_L2_norm_flow_time
30,13.000000,262144,30984932.966470
30,15.300000,32768,28104765.910460
30,19.700000,4096,33162788.015345
30,32.300000,512,44888338.811440
30,90.000000,18,52243885.426528
30,90.000000,27,51076847.891811
30,90.000000,36,49930059.978356
