arrival_rate,bp_parameter_L,bp_parameter_H,SETF_L2_norm_flow_time
30,13.000000,262144,32809383.667810
30,15.300000,32768,29450435.619559
30,19.700000,4096,34901538.924896
30,32.300000,512,45256826.993918
30,90.000000,18,52136475.335829
30,90.000000,27,51203087.477414
30,90.000000,36,49822235.181428
