arrival_rate,bp_parameter_L,bp_parameter_H,SETF_L2_norm_flow_time
30,13.000000,262144,17113955.862362
30,15.300000,32768,27834576.308492
30,19.700000,4096,33747297.514667
30,32.300000,512,44859640.995870
30,90.000000,18,52409041.032383
30,90.000000,27,51150840.369858
30,90.000000,36,49583585.007904
