arrival_rate,bp_parameter_L,bp_parameter_H,SETF_L2_norm_flow_time
30,13.000000,262144,171338439.058670
30,15.300000,32768,204686221.200849
30,19.700000,4096,271455904.997792
30,32.300000,512,360962193.811120
