arrival_rate,bp_parameter_L,bp_parameter_H,SETF_L2_norm_flow_time
30,13.000000,262144,173759384.799029
30,15.300000,32768,217780989.947822
30,19.700000,4096,271998392.265501
30,32.300000,512,363299320.918719
30,90.000000,18,419027058.728864
30,90.000000,27,410950556.526615
30,90.000000,36,402352251.752541
30,300.000000,150,43958668.350066
30,1500.000000,600,222031536.785144
30,8000.000000,3000,1175033199.300415
