arrival_rate,bp_parameter_L,bp_parameter_H,SETF_L2_norm_flow_time
32,13.000000,262144,22433455.088814
32,15.300000,32768,23066231.998024
32,19.700000,4096,30875877.082682
32,32.300000,512,44261518.755504
32,90.000000,18,52366993.665747
32,90.000000,27,50822213.305544
32,90.000000,36,49666810.508066
