arrival_rate,bp_parameter_L,bp_parameter_H,SETF_L2_norm_flow_time
32,13.000000,262144,21963390.911675
32,15.300000,32768,23346822.212191
32,19.700000,4096,32494463.306577
32,32.300000,512,43912471.011388
32,90.000000,18,51781135.071093
32,90.000000,27,51286964.062398
32,90.000000,36,49947082.143543
