arrival_rate,bp_parameter_L,bp_parameter_H,SETF_L2_norm_flow_time
32,13.000000,262144,154352634.112543
32,15.300000,32768,198720911.439780
32,19.700000,4096,264026755.089846
32,32.300000,512,353338099.854229
32,90.000000,18,414899638.924255
32,90.000000,27,407132387.194891
32,90.000000,36,398698559.694893
32,300.000000,150,44007765.808892
32,1500.000000,600,222854741.956675
32,8000.000000,3000,1185633981.717053
