arrival_rate,bp_parameter_L,bp_parameter_H,SETF_L2_norm_flow_time
32,13.000000,262144,18395378.075145
32,15.300000,32768,23891038.928716
32,19.700000,4096,34424194.567453
32,32.300000,512,44212548.467140
32,90.000000,18,52158390.049268
32,90.000000,27,51314580.721223
32,90.000000,36,49517234.155512
