arrival_rate,bp_parameter_L,bp_parameter_H,SETF_L2_norm_flow_time
32,13.000000,262144,151874379.693520
32,15.300000,32768,197283893.896462
32,19.700000,4096,271059899.281118
32,32.300000,512,352941481.405017
32,90.000000,18,416051505.259221
32,90.000000,27,407500155.399657
32,90.000000,36,396351948.215635
32,300.000000,150,42987535.934233
32,1500.000000,600,222755226.857368
32,8000.000000,3000,1179889288.788439
