arrival_rate,bp_parameter_L,bp_parameter_H,SETF_L2_norm_flow_time
32,13.000000,262144,168930806.408128
32,15.300000,32768,196814943.430330
32,19.700000,4096,266663221.341336
32,32.300000,512,352557158.079630
