arrival_rate,bp_parameter_L,bp_parameter_H,SETF_L2_norm_flow_time
32,13.000000,262144,147224963.403405
32,15.300000,32768,192022174.725837
32,19.700000,4096,262998967.913411
32,32.300000,512,357243917.273456
32,90.000000,18,414916393.737007
32,90.000000,27,407210718.965396
32,90.000000,36,398064624.890701
32,300.000000,150,44108314.863090
32,1500.000000,600,221148290.407439
32,8000.000000,3000,1174119912.117170
