arrival_rate,bp_parameter_L,bp_parameter_H,SETF_L2_norm_flow_time
32,13.000000,262144,17893660.480592
32,15.300000,32768,23533119.977983
32,19.700000,4096,31548710.187051
32,32.300000,512,44334812.596883
32,90.000000,18,52394022.132535
32,90.000000,27,51522059.958805
32,90.000000,36,49263475.656226
