arrival_rate,bp_parameter_L,bp_parameter_H,SETF_L2_norm_flow_time
32,13.000000,262144,163462899.490326
32,15.300000,32768,187612132.012312
32,19.700000,4096,258531366.620153
32,32.300000,512,352233428.284198
32,90.000000,18,415565676.997000
32,90.000000,27,407735730.094757
32,90.000000,36,396796367.734855
32,300.000000,150,43582881.511941
32,1500.000000,600,221716460.696782
32,8000.000000,3000,1166972254.318922
