arrival_rate,bp_parameter_L,bp_parameter_H,SETF_L2_norm_flow_time
32,13.000000,262144,178413804.859567
32,15.300000,32768,199666678.217067
32,19.700000,4096,259925765.960746
32,32.300000,512,353672990.758397
