arrival_rate,bp_parameter_L,bp_parameter_H,SETF_L2_norm_flow_time
34,13.000000,262144,16020882.786748
34,15.300000,32768,23882447.970004
34,19.700000,4096,30223153.551903
34,32.300000,512,43336752.135121
34,90.000000,18,51737250.422779
34,90.000000,27,50459555.399258
34,90.000000,36,48878025.741999
