arrival_rate,bp_parameter_L,bp_parameter_H,SETF_L2_norm_flow_time
34,13.000000,262144,146662963.179870
34,15.300000,32768,180473504.020922
34,19.700000,4096,243436489.943256
34,32.300000,512,348004237.883717
34,90.000000,18,411116795.271158
34,90.000000,27,403655110.523858
34,90.000000,36,392363165.770637
34,300.000000,150,43433876.153121
34,1500.000000,600,220108934.417026
34,8000.000000,3000,1167278636.329271
