arrival_rate,bp_parameter_L,bp_parameter_H,SETF_L2_norm_flow_time
34,13.000000,262144,17356974.610033
34,15.300000,32768,22722502.334093
34,19.700000,4096,30306600.772463
34,32.300000,512,43614060.680822
34,90.000000,18,51428191.170200
34,90.000000,27,50356723.043166
34,90.000000,36,49490432.918463
