arrival_rate,bp_parameter_L,bp_parameter_H,SETF_L2_norm_flow_time
34,13.000000,262144,144927840.541103
34,15.300000,32768,176014224.914591
34,19.700000,4096,242759515.280968
34,32.300000,512,350948676.461256
34,90.000000,18,413314997.215503
34,90.000000,27,403780586.557903
34,90.000000,36,393870214.197352
34,300.000000,150,44192402.394189
34,1500.000000,600,219086086.722581
34,8000.000000,3000,1170505084.049186
