arrival_rate,bp_parameter_L,bp_parameter_H,SETF_L2_norm_flow_time
34,13.000000,262144,143025946.572229
34,15.300000,32768,183002877.842486
34,19.700000,4096,251683021.377143
34,32.300000,512,347467544.034400
