arrival_rate,bp_parameter_L,bp_parameter_H,SETF_L2_norm_flow_time
34,13.000000,262144,15330013.012846
34,15.300000,32768,21256666.258931
34,19.700000,4096,31529353.566217
34,32.300000,512,43552779.392801
34,90.000000,18,51793366.278493
34,90.000000,27,50837024.578998
34,90.000000,36,49081024.695861
