arrival_rate,bp_parameter_L,bp_parameter_H,SETF_L2_norm_flow_time
34,13.000000,262144,126670801.342145
34,15.300000,32768,182758543.747017
34,19.700000,4096,247010837.709702
34,32.300000,512,344912547.500676
