arrival_rate,bp_parameter_L,bp_parameter_H,SETF_L2_norm_flow_time
36,13.000000,262144,131168553.591983
36,15.300000,32768,172764785.093355
36,19.700000,4096,235126209.396258
36,32.300000,512,338613435.340198
