arrival_rate,bp_parameter_L,bp_parameter_H,SETF_L2_norm_flow_time
36,13.000000,262144,126195754.463725
36,15.300000,32768,164867281.179899
36,19.700000,4096,230002623.922415
36,32.300000,512,340426107.253386
36,90.000000,18,407854719.504919
36,90.000000,27,398528483.972530
36,90.000000,36,389086842.860785
36,300.000000,150,44113936.271204
36,1500.000000,600,218535758.667246
36,8000.000000,3000,1169536926.363700
