arrival_rate,bp_parameter_L,bp_parameter_H,SETF_L2_norm_flow_time
36,13.000000,262144,14506894.865651
36,15.300000,32768,23851382.728209
36,19.700000,4096,29417814.921688
36,32.300000,512,42642921.099900
36,90.000000,18,51351324.568735
36,90.000000,27,49710539.685917
36,90.000000,36,48604144.920890
