arrival_rate,bp_parameter_L,bp_parameter_H,SETF_L2_norm_flow_time
36,13.000000,262144,15312442.601699
36,15.300000,32768,23130331.488839
36,19.700000,4096,29549775.731036
36,32.300000,512,42746511.903279
36,90.000000,18,51168072.243503
36,90.000000,27,49930813.368287
36,90.000000,36,48741270.359703
