arrival_rate,bp_parameter_L,bp_parameter_H,SETF_L2_norm_flow_time
36,13.000000,262144,14224402.835328
36,15.300000,32768,20451418.301808
36,19.700000,4096,30796008.943143
36,32.300000,512,41486731.386972
36,90.000000,18,51334507.692786
36,90.000000,27,49535763.034905
36,90.000000,36,48496118.564521
