arrival_rate,bp_parameter_L,bp_parameter_H,SETF_L2_norm_flow_time
36,13.000000,262144,109918440.166614
36,15.300000,32768,176790051.181098
36,19.700000,4096,238562842.660137
36,32.300000,512,341109847.079350
