arrival_rate,bp_parameter_L,bp_parameter_H,SETF_L2_norm_flow_time
36,13.000000,262144,131757285.841430
36,15.300000,32768,175953814.045109
36,19.700000,4096,236758063.562046
36,32.300000,512,339377345.353532
36,90.000000,18,407404276.382308
36,90.000000,27,398620611.365565
36,90.000000,36,389867203.424863
36,300.000000,150,43808275.466792
36,1500.000000,600,223972195.283744
36,8000.000000,3000,1167010745.388157
