arrival_rate,bp_parameter_L,bp_parameter_H,SETF_L2_norm_flow_time
36,13.000000,262144,134924826.958208
36,15.300000,32768,173300586.589103
36,19.700000,4096,231725184.456324
36,32.300000,512,339135018.113479
36,90.000000,18,409442100.153863
36,90.000000,27,400801980.157564
36,90.000000,36,386932563.520083
36,300.000000,150,43233496.090266
36,1500.000000,600,221387426.866514
36,8000.000000,3000,1159826275.678630
