arrival_rate,bp_parameter_L,bp_parameter_H,SETF_L2_norm_flow_time
38,13.000000,262144,120221419.188333
38,15.300000,32768,157873534.882077
38,19.700000,4096,222340648.913426
38,32.300000,512,331222456.496414
38,90.000000,18,403114548.740737
38,90.000000,27,395128961.361840
38,90.000000,36,382563252.248079
38,300.000000,150,43989527.096880
38,1500.000000,600,220514963.914089
38,8000.000000,3000,1165524276.681649
