arrival_rate,bp_parameter_L,bp_parameter_H,SETF_L2_norm_flow_time
38,13.000000,262144,123397195.793452
38,15.300000,32768,165265791.189326
38,19.700000,4096,216955245.053878
38,32.300000,512,330165162.167607
38,90.000000,18,403657578.119109
38,90.000000,27,396075091.196637
38,90.000000,36,385412735.951763
38,300.000000,150,44533380.495631
38,1500.000000,600,221214338.564190
38,8000.000000,3000,1167718250.855468
