arrival_rate,bp_parameter_L,bp_parameter_H,SETF_L2_norm_flow_time
38,13.000000,262144,11398621.190277
38,15.300000,32768,21128050.560089
38,19.700000,4096,27371542.979446
38,32.300000,512,41631968.065820
38,90.000000,18,50878347.055312
38,90.000000,27,49085533.446309
38,90.000000,36,47962623.242648
