arrival_rate,bp_parameter_L,bp_parameter_H,SETF_L2_norm_flow_time
38,13.000000,262144,107372498.024951
38,15.300000,32768,155322603.848043
38,19.700000,4096,219924672.961560
38,32.300000,512,330346929.804036
38,90.000000,18,404481587.726878
38,90.000000,27,394331607.303587
38,90.000000,36,382052986.834018
38,300.000000,150,43800820.459331
38,1500.000000,600,220894226.204562
38,8000.000000,3000,1170322219.791053
