arrival_rate,bp_parameter_L,bp_parameter_H,SETF_L2_norm_flow_time
38,13.000000,262144,14349932.376723
38,15.300000,32768,19534313.390555
38,19.700000,4096,28864655.783492
38,32.300000,512,41266062.052684
38,90.000000,18,50246911.980214
38,90.000000,27,49490622.034548
38,90.000000,36,47740582.502153
