arrival_rate,bp_parameter_L,bp_parameter_H,SETF_L2_norm_flow_time
40,13.000000,262144,11931530.247012
40,15.300000,32768,17782282.519591
40,19.700000,4096,26239876.386093
40,32.300000,512,41033621.946750
40,90.000000,18,50220086.880261
40,90.000000,27,49088852.495029
40,90.000000,36,47170409.609858
