arrival_rate,bp_parameter_L,bp_parameter_H,SETF_L2_norm_flow_time
40,13.000000,262144,127467467.510281
40,15.300000,32768,151785955.085992
40,19.700000,4096,204121648.551493
40,32.300000,512,321007091.138753
