arrival_rate,bp_parameter_L,bp_parameter_H,SETF_L2_norm_flow_time
40,13.000000,262144,11384177.356579
40,15.300000,32768,18616188.739939
40,19.700000,4096,25943632.216406
40,32.300000,512,41160791.388701
40,90.000000,18,49840007.715888
40,90.000000,27,48753710.935165
40,90.000000,36,47418486.942452
