arrival_rate,bp_parameter_L,bp_parameter_H,SETF_L2_norm_flow_time
40,13.000000,262144,12065200.928315
40,15.300000,32768,18094322.087865
40,19.700000,4096,27145251.731860
40,32.300000,512,40994472.022337
40,90.000000,18,50191615.342336
40,90.000000,27,48939676.207796
40,90.000000,36,47417481.911382
