arrival_rate,bp_parameter_L,bp_parameter_H,SETF_L2_norm_flow_time
40,13.000000,262144,95107201.900518
40,15.300000,32768,143699562.891949
40,19.700000,4096,207690037.877444
40,32.300000,512,326963911.852291
40,90.000000,18,400297311.287776
40,90.000000,27,389940685.519670
40,90.000000,36,378100648.290256
40,300.000000,150,44277245.410490
40,1500.000000,600,220342945.539556
40,8000.000000,3000,1163337092.616008
