arrival_rate,bp_parameter_L,bp_parameter_H,SETF_L2_norm_flow_time
40,13.000000,262144,101270237.935070
40,15.300000,32768,145831802.398786
40,19.700000,4096,205513999.016766
40,32.300000,512,317881936.144787
