arrival_rate,bp_parameter_L,bp_parameter_H,SETF_L2_norm_flow_time
40,13.000000,262144,107964236.339394
40,15.300000,32768,141427473.300775
40,19.700000,4096,208997972.822475
40,32.300000,512,326195192.608256
40,90.000000,18,399394291.708178
40,90.000000,27,390548759.978286
40,90.000000,36,379833994.050470
40,300.000000,150,44041941.152061
40,1500.000000,600,221901215.101302
40,8000.000000,3000,1172744963.474544
