arrival_rate,bp_parameter_L,bp_parameter_H,SETF_L2_norm_flow_time
40,13.000000,262144,12667530.971531
40,15.300000,32768,15648896.565679
40,19.700000,4096,26906419.465140
40,32.300000,512,39644368.309663
40,90.000000,18,49929789.092934
40,90.000000,27,48937728.011041
40,90.000000,36,47473477.251574
