arrival_rate,bp_parameter_L,bp_parameter_H,SETF_L2_norm_flow_time
40,13.000000,262144,106274917.808765
40,15.300000,32768,145392489.337161
40,19.700000,4096,209517767.088962
40,32.300000,512,323291566.084427
