arrival_rate,bp_parameter_L,bp_parameter_H,Dynamic_njobs100_mode1_L2_norm_flow_time,Dynamic_njobs100_mode2_L2_norm_flow_time,Dynamic_njobs100_mode3_L2_norm_flow_time,Dynamic_njobs100_mode4_L2_norm_flow_time,Dynamic_njobs100_mode5_L2_norm_flow_time,Dynamic_njobs100_mode6_L2_norm_flow_time
20,13.000000,262144,10242754.346303,10242754.346303,10242754.346303,10242754.346303,10242754.346303,10242754.346303
20,15.300000,32768,13301132.833114,13301132.833114,13301132.833114,13301132.833114,13301132.833114,13301132.833114
20,19.700000,4096,17841675.622020,17841675.622020,17841675.622020,17841675.622020,17841675.622020,17841675.622020
20,32.300000,512,27761734.521907,27761734.521907,27761734.521907,27761734.521907,27761734.521907,27761734.521907
20,90.000000,36,36367234.101028,36367234.101028,36367234.101028,36367234.101028,36367234.101028,36367234.101028
20,90.000000,27,38040250.345760,38040250.345760,38040250.345760,38040250.345760,38040250.345760,38040250.345760
20,90.000000,18,40144377.475990,40200050.177727,40209859.874309,40209859.874309,40209859.874309,40209859.874309
