arrival_rate,bp_parameter_L,bp_parameter_H,Dynamic_njobs100_mode1_L2_norm_flow_time,Dynamic_njobs100_mode2_L2_norm_flow_time,Dynamic_njobs100_mode3_L2_norm_flow_time,Dynamic_njobs100_mode4_L2_norm_flow_time,Dynamic_njobs100_mode5_L2_norm_flow_time,Dynamic_njobs100_mode6_L2_norm_flow_time
20,13.000000,262144,10140404.226206,10140404.226206,10140404.226206,10140404.226206,10140404.226206,10140404.226206
20,15.300000,32768,13282214.887104,13282214.887104,13282214.887104,13282214.887104,13282214.887104,13282214.887104
20,19.700000,4096,18061230.549571,18061230.549571,18061230.549571,18061230.549571,18061230.549571,18061230.549571
20,32.300000,512,27626715.182378,27626715.182378,27626715.182378,27626715.182378,27626715.182378,27626715.182378
20,90.000000,27,38245011.383146,38245011.383146,38245011.383146,38245011.383146,38245011.383146,38245011.383146
20,90.000000,18,40081773.789388,40139130.364874,40174127.207866,40184588.257148,40184588.257148,40184588.257148
20,90.000000,36,36278178.294736,36278178.294736,36278178.294736,36278178.294736,36278178.294736,36278178.294736
