arrival_rate,bp_parameter_L,bp_parameter_H,Dynamic_njobs100_mode1_L2_norm_flow_time,Dynamic_njobs100_mode2_L2_norm_flow_time,Dynamic_njobs100_mode3_L2_norm_flow_time,Dynamic_njobs100_mode4_L2_norm_flow_time,Dynamic_njobs100_mode5_L2_norm_flow_time,Dynamic_njobs100_mode6_L2_norm_flow_time
20,13.000000,262144,10267166.399936,10267166.399936,10267166.399936,10267166.399936,10267166.399936,10267166.399936
20,15.300000,32768,13028551.799059,13028551.799059,13028551.799059,13028551.799059,13028551.799059,13028551.799059
20,19.700000,4096,18069678.875746,18069678.875746,18069678.875746,18069678.875746,18069678.875746,18069678.875746
20,32.300000,512,27977710.322138,27977710.322138,27977710.322138,27977710.322138,27977710.322138,27977710.322138
20,90.000000,18,39859392.014537,39921384.026806,39960726.054931,39947102.324737,39947102.324737,39974817.624286
20,90.000000,36,36669279.729795,36669279.729795,36669279.729795,36669279.729795,36669279.729795,36669279.729795
20,90.000000,27,38606643.609237,38606643.609237,38606643.609237,38606643.609237,38606643.609237,38606643.609237
