arrival_rate,bp_parameter_L,bp_parameter_H,Dynamic_njobs100_mode1_L2_norm_flow_time,Dynamic_njobs100_mode2_L2_norm_flow_time,Dynamic_njobs100_mode3_L2_norm_flow_time,Dynamic_njobs100_mode4_L2_norm_flow_time,Dynamic_njobs100_mode5_L2_norm_flow_time,Dynamic_njobs100_mode6_L2_norm_flow_time
20,13.000000,262144,10414455.920691,10414455.920691,10414455.920691,10414455.920691,10414455.920691,10414455.920691
20,15.300000,32768,12756674.698615,12756674.698615,12756674.698615,12756674.698615,12756674.698615,12756674.698615
20,19.700000,4096,18110816.558151,18110816.558151,18110816.558151,18110816.558151,18110816.558151,18110816.558151
20,32.300000,512,28103836.524798,28103836.524798,28103836.524798,28103836.524798,28103836.524798,28103836.524798
20,90.000000,36,36670814.298224,36670814.298224,36670814.298224,36670814.298224,36670814.298224,36670814.298224
20,90.000000,27,38051823.513476,38051823.513476,38051823.513476,38051823.513476,38051823.513476,38051823.513476
20,90.000000,18,39740068.101818,39765583.907254,39827037.576594,39816699.937878,39803297.769071,39827037.576594
