arrival_rate,bp_parameter_L,bp_parameter_H,Dynamic_njobs100_mode1_L2_norm_flow_time,Dynamic_njobs100_mode2_L2_norm_flow_time,Dynamic_njobs100_mode3_L2_norm_flow_time,Dynamic_njobs100_mode4_L2_norm_flow_time,Dynamic_njobs100_mode5_L2_norm_flow_time,Dynamic_njobs100_mode6_L2_norm_flow_time
20,13.000000,262144,84067006.077876,84067006.077876,84067006.077876,84067006.077876,84067006.077876,84067006.077876
20,19.700000,4096,141406536.694033,141406536.694033,141406536.694033,141406536.694033,141406536.694033,141406536.694033
20,15.300000,32768,104235036.372429,104235036.372429,104235036.372429,104235036.372429,104235036.372429,104235036.372429
20,32.300000,512,222591618.433072,222591618.433072,222591618.433072,222591618.433072,222591618.433072,222591618.433072
20,90.000000,27,305734204.478119,305734204.478119,305734204.478119,305734204.478119,305734204.478119,305734204.478119
20,90.000000,36,290165081.167685,290165081.167685,290165081.167685,290165081.167685,290165081.167685,290165081.167685
20,90.000000,18,320417362.914272,320904956.913795,321139569.878778,321161307.400337,321215110.325426,321215110.325426
