arrival_rate,bp_parameter_L,bp_parameter_H,Dynamic_njobs100_mode1_L2_norm_flow_time,Dynamic_njobs100_mode2_L2_norm_flow_time,Dynamic_njobs100_mode3_L2_norm_flow_time,Dynamic_njobs100_mode4_L2_norm_flow_time,Dynamic_njobs100_mode5_L2_norm_flow_time,Dynamic_njobs100_mode6_L2_norm_flow_time
22,13.000000,262144,9733254.070689,9733254.070689,9733254.070689,9733254.070689,9733254.070689,9733254.070689
22,19.700000,4096,17116737.610587,17116737.610587,17116737.610587,17116737.610587,17116737.610587,17116737.610587
22,15.300000,32768,12937166.532140,12937166.532140,12937166.532140,12937166.532140,12937166.532140,12937166.532140
22,90.000000,36,35662002.591907,35662002.591907,35662002.591907,35662002.591907,35662002.591907,35662002.591907
22,32.300000,512,27317411.813828,27317411.813828,27317411.813828,27317411.813828,27317411.813828,27317411.813828
22,90.000000,27,36931559.509774,36931559.509774,36931559.509774,36931559.509774,36931559.509774,36931559.509774
22,90.000000,18,38788742.394100,38747111.466976,38853369.338012,38890519.613569,38872197.380683,39066206.084220
