arrival_rate,bp_parameter_L,bp_parameter_H,Dynamic_njobs100_mode1_L2_norm_flow_time,Dynamic_njobs100_mode2_L2_norm_flow_time,Dynamic_njobs100_mode3_L2_norm_flow_time,Dynamic_njobs100_mode4_L2_norm_flow_time,Dynamic_njobs100_mode5_L2_norm_flow_time,Dynamic_njobs100_mode6_L2_norm_flow_time,Dynamic_njobs100_mode7_L2_norm_flow_time
22,13.000000,262144,76313797.264097,76313797.264097,76313797.264097,76313797.264097,76313797.264097,76313797.264097,76313797.264097
22,15.300000,32768,101547296.545974,101547296.545974,101547296.545974,101547296.545974,101547296.545974,101547296.545974,101547296.545974
22,19.700000,4096,139162921.919060,139162921.919060,139162921.919060,139162921.919060,139162921.919060,139162921.919060,139162921.919060
22,32.300000,512,217273509.989457,217273509.989457,217273509.989457,217273509.989457,217273509.989457,217273509.989457,217273509.989457
