arrival_rate,bp_parameter_L,bp_parameter_H,Dynamic_njobs100_mode1_L2_norm_flow_time,Dynamic_njobs100_mode2_L2_norm_flow_time,Dynamic_njobs100_mode3_L2_norm_flow_time,Dynamic_njobs100_mode4_L2_norm_flow_time,Dynamic_njobs100_mode5_L2_norm_flow_time,Dynamic_njobs100_mode6_L2_norm_flow_time
22,13.000000,262144,9501100.688118,9501100.688118,9501100.688118,9501100.688118,9501100.688118,9501100.688118
22,19.700000,4096,16811763.136370,16811763.136370,16811763.136370,16811763.136370,16811763.136370,16811763.136370
22,15.300000,32768,12233592.302794,12233592.302794,12233592.302794,12233592.302794,12233592.302794,12233592.302794
22,32.300000,512,26710856.355314,26710856.355314,26710856.355314,26710856.355314,26710856.355314,26710856.355314
22,90.000000,36,36117264.677428,36117264.677428,36117264.677428,36117264.677428,36117264.677428,36117264.677428
22,90.000000,27,37365781.778439,37365781.778439,37365781.778439,37365781.778439,37365781.778439,37365781.778439
22,90.000000,18,38995054.911103,39005557.660097,39105562.594043,39133070.322314,39245212.092913,39324907.537096
