arrival_rate,bp_parameter_L,bp_parameter_H,Dynamic_njobs100_mode1_L2_norm_flow_time,Dynamic_njobs100_mode2_L2_norm_flow_time,Dynamic_njobs100_mode3_L2_norm_flow_time,Dynamic_njobs100_mode4_L2_norm_flow_time,Dynamic_njobs100_mode5_L2_norm_flow_time,Dynamic_njobs100_mode6_L2_norm_flow_time
22,13.000000,262144,9783047.480783,9783047.480783,9783047.480783,9783047.480783,9783047.480783,9783047.480783
22,15.300000,32768,12074342.836679,12074342.836679,12074342.836679,12074342.836679,12074342.836679,12074342.836679
22,19.700000,4096,17363287.906650,17363287.906650,17363287.906650,17363287.906650,17363287.906650,17363287.906650
22,90.000000,36,35775225.013600,35775225.013600,35775225.013600,35775225.013600,35775225.013600,35775225.013600
22,32.300000,512,27182424.780859,27182424.780859,27182424.780859,27182424.780859,27182424.780859,27182424.780859
22,90.000000,27,37465130.664751,37465130.664751,37465130.664751,37465130.664751,37465130.664751,37465130.664751
22,90.000000,18,39061124.743685,39150171.217021,39183970.492236,39241958.878151,39196017.915024,39487669.968067
