arrival_rate,bp_parameter_L,bp_parameter_H,Dynamic_njobs100_mode1_L2_norm_flow_time,Dynamic_njobs100_mode2_L2_norm_flow_time,Dynamic_njobs100_mode3_L2_norm_flow_time,Dynamic_njobs100_mode4_L2_norm_flow_time,Dynamic_njobs100_mode5_L2_norm_flow_time,Dynamic_njobs100_mode6_L2_norm_flow_time
22,13.000000,262144,9323492.793684,9323492.793684,9323492.793684,9323492.793684,9323492.793684,9323492.793684
22,15.300000,32768,12662155.680143,12662155.680143,12662155.680143,12662155.680143,12662155.680143,12662155.680143
22,19.700000,4096,17186401.595633,17186401.595633,17186401.595633,17186401.595633,17186401.595633,17186401.595633
22,32.300000,512,27711568.415759,27711568.415759,27711568.415759,27711568.415759,27711568.415759,27711568.415759
22,90.000000,36,36049260.622954,36049260.622954,36049260.622954,36049260.622954,36049260.622954,36049260.622954
22,90.000000,18,38689870.101319,38686852.894525,38697033.216856,38684717.233848,38837837.719829,38811265.009475
22,90.000000,27,37644411.250477,37644411.250477,37644411.250477,37644411.250477,37644411.250477,37644411.250477
