arrival_rate,bp_parameter_L,bp_parameter_H,Dynamic_njobs100_mode1_L2_norm_flow_time,Dynamic_njobs100_mode2_L2_norm_flow_time,Dynamic_njobs100_mode3_L2_norm_flow_time,Dynamic_njobs100_mode4_L2_norm_flow_time,Dynamic_njobs100_mode5_L2_norm_flow_time,Dynamic_njobs100_mode6_L2_norm_flow_time
22,13.000000,262144,9636868.958194,9636868.958194,9636868.958194,9636868.958194,9636868.958194,9636868.958194
22,15.300000,32768,12590712.983760,12590712.983760,12590712.983760,12590712.983760,12590712.983760,12590712.983760
22,19.700000,4096,17215319.319939,17215319.319939,17215319.319939,17215319.319939,17215319.319939,17215319.319939
22,90.000000,36,36052862.401607,36052862.401607,36052862.401607,36052862.401607,36052862.401607,36052862.401607
22,32.300000,512,27396724.062428,27396724.062428,27396724.062428,27396724.062428,27396724.062428,27396724.062428
22,90.000000,27,37528541.568466,37528541.568466,37528541.568466,37528541.568466,37528541.568466,37528541.568466
22,90.000000,18,39206937.732578,39190840.419972,39231995.359665,39356938.095957,39379024.484632,39478203.228015
