arrival_rate,bp_parameter_L,bp_parameter_H,Dynamic_njobs100_mode1_L2_norm_flow_time,Dynamic_njobs100_mode2_L2_norm_flow_time,Dynamic_njobs100_mode3_L2_norm_flow_time,Dynamic_njobs100_mode4_L2_norm_flow_time,Dynamic_njobs100_mode5_L2_norm_flow_time,Dynamic_njobs100_mode6_L2_norm_flow_time,Dynamic_njobs100_mode7_L2_norm_flow_time
24,13.000000,262144,72020663.539950,71989838.313562,71989838.313562,71989838.313562,71989838.313562,71989838.313562,71989838.313562
24,15.300000,32768,95492442.587941,95492442.587941,95492442.587941,95492442.587941,95492442.587941,95492442.587941,95492442.587941
24,19.700000,4096,135881373.331387,135881373.331387,135881373.331387,135881373.331387,135881373.331387,135881373.331387,135881373.331387
24,32.300000,512,211617503.356414,211617503.356414,211617503.356414,211617503.356414,211617503.356414,211617503.356414,211617503.356414
