arrival_rate,bp_parameter_L,bp_parameter_H,Dynamic_njobs100_mode1_L2_norm_flow_time,Dynamic_njobs100_mode2_L2_norm_flow_time,Dynamic_njobs100_mode3_L2_norm_flow_time,Dynamic_njobs100_mode4_L2_norm_flow_time,Dynamic_njobs100_mode5_L2_norm_flow_time,Dynamic_njobs100_mode6_L2_norm_flow_time,Dynamic_njobs100_mode7_L2_norm_flow_time
24,13.000000,262144,73040696.524990,73040696.524990,73040696.524990,73040696.524990,73040696.524990,73040696.524990,73040696.524990
24,15.300000,32768,94868671.299112,94868671.299112,94868671.299112,94868671.299112,94868671.299112,94868671.299112,94868671.299112
24,19.700000,4096,132980875.480350,132980875.480350,132980875.480350,132980875.480350,132980875.480350,132980875.480350,132980875.480350
24,32.300000,512,213333371.981820,213333371.981820,213333371.981820,213333371.981820,213333371.981820,213333371.981820,213333371.981820
