arrival_rate,bp_parameter_L,bp_parameter_H,Dynamic_njobs100_mode1_L2_norm_flow_time,Dynamic_njobs100_mode2_L2_norm_flow_time,Dynamic_njobs100_mode3_L2_norm_flow_time,Dynamic_njobs100_mode4_L2_norm_flow_time,Dynamic_njobs100_mode5_L2_norm_flow_time,Dynamic_njobs100_mode6_L2_norm_flow_time
24,15.300000,32768,11522927.220146,11522927.220146,11522927.220146,11522927.220146,11522927.220146,11522927.220146
24,13.000000,262144,9462360.352722,9462360.352722,9462360.352722,9462360.352722,9462360.352722,9462360.352722
24,19.700000,4096,16722414.456698,16722414.456698,16722414.456698,16722414.456698,16722414.456698,16722414.456698
24,32.300000,512,26094972.793294,26094972.793294,26094972.793294,26094972.793294,26094972.793294,26094972.793294
24,90.000000,36,35321754.175359,35321754.175359,35321754.175359,35321754.175359,35321754.175359,35321754.175359
24,90.000000,18,37761984.719916,38076983.715308,38057922.992341,38205121.449922,38345113.948648,38424183.055443
24,90.000000,27,36762907.847901,36776870.268715,36776870.268715,36776870.268715,36776870.268715,36776870.268715
