arrival_rate,bp_parameter_L,bp_parameter_H,Dynamic_njobs100_mode1_L2_norm_flow_time,Dynamic_njobs100_mode2_L2_norm_flow_time,Dynamic_njobs100_mode3_L2_norm_flow_time,Dynamic_njobs100_mode4_L2_norm_flow_time,Dynamic_njobs100_mode5_L2_norm_flow_time,Dynamic_njobs100_mode6_L2_norm_flow_time,Dynamic_njobs100_mode7_L2_norm_flow_time
24,13.000000,262144,73733654.136416,73733654.136416,73733654.136416,73733654.136416,73733654.136416,73733654.136416,73733654.136416
24,15.300000,32768,95724361.038966,95724361.038966,95724361.038966,95724361.038966,95724361.038966,95724361.038966,95724361.038966
24,19.700000,4096,133796980.892024,133796980.892024,133796980.892024,133796980.892024,133796980.892024,133796980.892024,133796980.892024
24,32.300000,512,213245688.863193,213245688.863193,213245688.863193,213245688.863193,213245688.863193,213245688.863193,213245688.863193
