arrival_rate,bp_parameter_L,bp_parameter_H,Dynamic_njobs100_mode1_L2_norm_flow_time,Dynamic_njobs100_mode2_L2_norm_flow_time,Dynamic_njobs100_mode3_L2_norm_flow_time,Dynamic_njobs100_mode4_L2_norm_flow_time,Dynamic_njobs100_mode5_L2_norm_flow_time,Dynamic_njobs100_mode6_L2_norm_flow_time
24,13.000000,262144,73413387.453859,73413387.453859,73413387.453859,73413387.453859,73413387.453859,73413387.453859
24,15.300000,32768,94610782.124002,94610782.124002,94610782.124002,94610782.124002,94610782.124002,94610782.124002
24,19.700000,4096,133139420.766728,133139420.766728,133139420.766728,133139420.766728,133139420.766728,133139420.766728
24,90.000000,27,293300417.613946,293300417.613946,293300417.613946,293300417.613946,293300417.613946,293300417.613946
24,90.000000,36,280709422.107566,280709422.107566,280709422.107566,280709422.107566,280709422.107566,280709422.107566
24,32.300000,512,210976341.423273,210976341.423273,210976341.423273,210976341.423273,210976341.423273,210976341.423273
24,90.000000,18,301004018.447172,302687377.840589,303352962.957083,304408695.286658,305125381.238778,305924726.762926
