arrival_rate,bp_parameter_L,bp_parameter_H,Dynamic_njobs100_mode1_L2_norm_flow_time,Dynamic_njobs100_mode2_L2_norm_flow_time,Dynamic_njobs100_mode3_L2_norm_flow_time,Dynamic_njobs100_mode4_L2_norm_flow_time,Dynamic_njobs100_mode5_L2_norm_flow_time,Dynamic_njobs100_mode6_L2_norm_flow_time
24,13.000000,262144,8838690.864984,8838690.864984,8838690.864984,8838690.864984,8838690.864984,8838690.864984
24,15.300000,32768,11990324.522599,11990324.522599,11990324.522599,11990324.522599,11990324.522599,11990324.522599
24,19.700000,4096,16948877.652133,16948877.652133,16948877.652133,16948877.652133,16948877.652133,16948877.652133
24,32.300000,512,26867619.593556,26867619.593556,26867619.593556,26867619.593556,26867619.593556,26867619.593556
24,90.000000,36,34956693.170675,34956693.170675,34956693.170675,34956693.170675,34956693.170675,34956693.170675
24,90.000000,27,37180469.135426,37198302.038204,37198302.038204,37198302.038204,37198302.038204,37198302.038204
24,90.000000,18,38162100.820592,37923507.438887,37966059.973356,38252866.923586,38347560.556890,38648432.148501
