arrival_rate,bp_parameter_L,bp_parameter_H,Dynamic_njobs100_mode1_L2_norm_flow_time,Dynamic_njobs100_mode2_L2_norm_flow_time,Dynamic_njobs100_mode3_L2_norm_flow_time,Dynamic_njobs100_mode4_L2_norm_flow_time,Dynamic_njobs100_mode5_L2_norm_flow_time,Dynamic_njobs100_mode6_L2_norm_flow_time
24,13.000000,262144,9163358.077792,9163358.077792,9163358.077792,9163358.077792,9163358.077792,9163358.077792
24,15.300000,32768,12155153.422778,12155153.422778,12155153.422778,12155153.422778,12155153.422778,12155153.422778
24,19.700000,4096,16608454.700057,16608454.700057,16608454.700057,16608454.700057,16608454.700057,16608454.700057
24,32.300000,512,26641911.088523,26641911.088523,26641911.088523,26641911.088523,26641911.088523,26641911.088523
24,90.000000,36,35316018.798448,35316018.798448,35316018.798448,35316018.798448,35316018.798448,35316018.798448
24,90.000000,27,36578170.237573,36561944.866051,36578170.237573,36578170.237573,36578170.237573,36578170.237573
24,90.000000,18,37940540.021749,37879831.545227,38123891.434856,38168104.377330,38166946.917215,38546547.922839
