arrival_rate,bp_parameter_L,bp_parameter_H,Dynamic_njobs100_mode1_L2_norm_flow_time,Dynamic_njobs100_mode2_L2_norm_flow_time,Dynamic_njobs100_mode3_L2_norm_flow_time,Dynamic_njobs100_mode4_L2_norm_flow_time,Dynamic_njobs100_mode5_L2_norm_flow_time,Dynamic_njobs100_mode6_L2_norm_flow_time
24,13.000000,262144,8879774.366072,8879774.366072,8879774.366072,8879774.366072,8879774.366072,8879774.366072
24,15.300000,32768,11807144.809244,11807144.809244,11807144.809244,11807144.809244,11807144.809244,11807144.809244
24,19.700000,4096,16644470.554099,16644470.554099,16644470.554099,16644470.554099,16644470.554099,16644470.554099
24,32.300000,512,26702099.323198,26702099.323198,26702099.323198,26702099.323198,26702099.323198,26702099.323198
24,90.000000,27,36541400.064224,36581350.419598,36581350.419598,36581350.419598,36581350.419598,36581350.419598
24,90.000000,36,35262918.248453,35262918.248453,35262918.248453,35262918.248453,35262918.248453,35262918.248453
24,90.000000,18,37997917.005405,38001112.524088,37979224.369115,37643437.717069,38331839.715543,38438252.132770
