arrival_rate,bp_parameter_L,bp_parameter_H,Dynamic_njobs100_mode1_L2_norm_flow_time,Dynamic_njobs100_mode2_L2_norm_flow_time,Dynamic_njobs100_mode3_L2_norm_flow_time,Dynamic_njobs100_mode4_L2_norm_flow_time,Dynamic_njobs100_mode5_L2_norm_flow_time,Dynamic_njobs100_mode6_L2_norm_flow_time
24,13.000000,262144,8892967.600041,8892967.600041,8892967.600041,8892967.600041,8892967.600041,8892967.600041
24,15.300000,32768,12149676.267165,12149676.267165,12149676.267165,12149676.267165,12149676.267165,12149676.267165
24,19.700000,4096,17065351.968390,17065351.968390,17065351.968390,17065351.968390,17065351.968390,17065351.968390
24,32.300000,512,26270890.856676,26270890.856676,26270890.856676,26270890.856676,26270890.856676,26270890.856676
24,90.000000,36,34971391.664946,34971391.664946,34971391.664946,34971391.664946,34971391.664946,34971391.664946
24,90.000000,27,36943101.219984,36955017.837205,36955017.837205,36955017.837205,36955017.837205,36955017.837205
24,90.000000,18,37866317.205837,37761430.623912,37714661.114284,37642528.897687,38288987.126248,38487871.587086
