arrival_rate,bp_parameter_L,bp_parameter_H,Dynamic_njobs100_mode1_L2_norm_flow_time,Dynamic_njobs100_mode2_L2_norm_flow_time,Dynamic_njobs100_mode3_L2_norm_flow_time,Dynamic_njobs100_mode4_L2_norm_flow_time,Dynamic_njobs100_mode5_L2_norm_flow_time,Dynamic_njobs100_mode6_L2_norm_flow_time,Dynamic_njobs100_mode7_L2_norm_flow_time
24,13.000000,262144,73376933.840613,73364695.074045,73364695.074045,73364695.074045,73364695.074045,73364695.074045,73364695.074045
24,15.300000,32768,96031695.223351,96031695.223351,96031695.223351,96031695.223351,96031695.223351,96031695.223351,96031695.223351
24,19.700000,4096,134000700.222425,134000700.222425,134000700.222425,134000700.222425,134000700.222425,134000700.222425,134000700.222425
24,32.300000,512,213146455.910506,213146455.910506,213146455.910506,213146455.910506,213146455.910506,213146455.910506,213146455.910506
