arrival_rate,bp_parameter_L,bp_parameter_H,Dynamic_njobs100_mode1_L2_norm_flow_time,Dynamic_njobs100_mode2_L2_norm_flow_time,Dynamic_njobs100_mode3_L2_norm_flow_time,Dynamic_njobs100_mode4_L2_norm_flow_time,Dynamic_njobs100_mode5_L2_norm_flow_time,Dynamic_njobs100_mode6_L2_norm_flow_time
24,13.000000,262144,9263712.114441,9263712.114441,9263712.114441,9263712.114441,9263712.114441,9263712.114441
24,15.300000,32768,11823690.556721,11823690.556721,11823690.556721,11823690.556721,11823690.556721,11823690.556721
24,19.700000,4096,16248667.082889,16248667.082889,16248667.082889,16248667.082889,16248667.082889,16248667.082889
24,32.300000,512,26335554.084984,26335554.084984,26335554.084984,26335554.084984,26335554.084984,26335554.084984
24,90.000000,27,36837681.692559,36852087.479905,36852087.479905,36852087.479905,36852087.479905,36852087.479905
24,90.000000,36,35524292.202188,35524292.202188,35524292.202188,35524292.202188,35524292.202188,35524292.202188
24,90.000000,18,37785570.544329,37810901.358145,37930811.983476,38007543.979193,38117699.879622,38212899.120526
