arrival_rate,bp_parameter_L,bp_parameter_H,Dynamic_njobs100_mode1_L2_norm_flow_time,Dynamic_njobs100_mode2_L2_norm_flow_time,Dynamic_njobs100_mode3_L2_norm_flow_time,Dynamic_njobs100_mode4_L2_norm_flow_time,Dynamic_njobs100_mode5_L2_norm_flow_time,Dynamic_njobs100_mode6_L2_norm_flow_time,Dynamic_njobs100_mode7_L2_norm_flow_time
24,13.000000,262144,74358045.863095,74357811.059268,74357811.059268,74357811.059268,74357811.059268,74357811.059268,74357811.059268
24,15.300000,32768,94651280.184460,94651280.184460,94651280.184460,94651280.184460,94651280.184460,94651280.184460,94651280.184460
24,19.700000,4096,135157165.460098,135157165.460098,135157165.460098,135157165.460098,135157165.460098,135157165.460098,135157165.460098
24,32.300000,512,212772597.534126,212772597.534126,212772597.534126,212772597.534126,212772597.534126,212772597.534126,212772597.534126
