arrival_rate,bp_parameter_L,bp_parameter_H,Dynamic_njobs100_mode1_L2_norm_flow_time,Dynamic_njobs100_mode2_L2_norm_flow_time,Dynamic_njobs100_mode3_L2_norm_flow_time,Dynamic_njobs100_mode4_L2_norm_flow_time,Dynamic_njobs100_mode5_L2_norm_flow_time,Dynamic_njobs100_mode6_L2_norm_flow_time,Dynamic_njobs100_mode7_L2_norm_flow_time
26,13.000000,262144,69537520.112629,69537520.112629,69537520.112629,69537520.112629,69537520.112629,69537520.112629,69537520.112629
26,15.300000,32768,91307517.331479,91307517.331479,91307517.331479,91307517.331479,91307517.331479,91307517.331479,91307517.331479
26,19.700000,4096,129474190.529326,129474190.529326,129474190.529326,129474190.529326,129474190.529326,129474190.529326,129474190.529326
26,32.300000,512,208151191.339013,208151191.339013,208151191.339013,208151191.339013,208151191.339013,208151191.339013,208151191.339013
