arrival_rate,bp_parameter_L,bp_parameter_H,Dynamic_njobs100_mode1_L2_norm_flow_time,Dynamic_njobs100_mode2_L2_norm_flow_time,Dynamic_njobs100_mode3_L2_norm_flow_time,Dynamic_njobs100_mode4_L2_norm_flow_time,Dynamic_njobs100_mode5_L2_norm_flow_time,Dynamic_njobs100_mode6_L2_norm_flow_time
26,13.000000,262144,8683195.659883,8683195.659883,8683195.659883,8683195.659883,8683195.659883,8683195.659883
26,15.300000,32768,11223172.482029,11223172.482029,11223172.482029,11223172.482029,11223172.482029,11223172.482029
26,19.700000,4096,15436848.913700,15436848.913700,15436848.913700,15436848.913700,15436848.913700,15436848.913700
26,32.300000,512,26070271.589397,26070271.589397,26070271.589397,26070271.589397,26070271.589397,26070271.589397
26,90.000000,36,34564613.431137,34564613.431137,34564613.431137,34564613.431137,34564613.431137,34564613.431137
26,90.000000,27,36115446.375550,36160219.105824,36160628.817033,36160628.817033,36160628.817033,36181923.523734
26,90.000000,18,36957165.829325,36988906.446781,37151309.591453,37274534.173072,37298226.219684,37299963.150500
