arrival_rate,bp_parameter_L,bp_parameter_H,Dynamic_njobs100_mode1_L2_norm_flow_time,Dynamic_njobs100_mode2_L2_norm_flow_time,Dynamic_njobs100_mode3_L2_norm_flow_time,Dynamic_njobs100_mode4_L2_norm_flow_time,Dynamic_njobs100_mode5_L2_norm_flow_time,Dynamic_njobs100_mode6_L2_norm_flow_time,Dynamic_njobs100_mode7_L2_norm_flow_time
26,13.000000,262144,70971230.216196,70878696.750598,70878696.750598,70878696.750598,70878696.750598,70878696.750598,70878696.750598
26,15.300000,32768,89344846.168665,89344846.168665,89344846.168665,89344846.168665,89344846.168665,89344846.168665,89344846.168665
26,19.700000,4096,128118311.425005,128118311.425005,128118311.425005,128118311.425005,128118311.425005,128118311.425005,128118311.425005
26,32.300000,512,207885622.871414,207885622.871414,207885622.871414,207885622.871414,207885622.871414,207885622.871414,207885622.871414
