arrival_rate,bp_parameter_L,bp_parameter_H,Dynamic_njobs100_mode1_L2_norm_flow_time,Dynamic_njobs100_mode2_L2_norm_flow_time,Dynamic_njobs100_mode3_L2_norm_flow_time,Dynamic_njobs100_mode4_L2_norm_flow_time,Dynamic_njobs100_mode5_L2_norm_flow_time,Dynamic_njobs100_mode6_L2_norm_flow_time,Dynamic_njobs100_mode7_L2_norm_flow_time
26,13.000000,262144,70943514.553727,70943514.553727,70943514.553727,70943514.553727,70943514.553727,70943514.553727,70943514.553727
26,15.300000,32768,89051366.017766,89051366.017766,89051366.017766,89051366.017766,89051366.017766,89051366.017766,89051366.017766
26,19.700000,4096,130351446.964287,130351446.964287,130351446.964287,130351446.964287,130351446.964287,130351446.964287,130351446.964287
26,32.300000,512,205902223.761931,205902223.761931,205902223.761931,205902223.761931,205902223.761931,205902223.761931,205902223.761931
