arrival_rate,bp_parameter_L,bp_parameter_H,Dynamic_njobs100_mode1_L2_norm_flow_time,Dynamic_njobs100_mode2_L2_norm_flow_time,Dynamic_njobs100_mode3_L2_norm_flow_time,Dynamic_njobs100_mode4_L2_norm_flow_time,Dynamic_njobs100_mode5_L2_norm_flow_time,Dynamic_njobs100_mode6_L2_norm_flow_time
26,13.000000,262144,69502000.720151,69035851.669530,69035851.669530,69035851.669530,69035851.669530,69035851.669530
26,15.300000,32768,90897641.758015,90897641.758015,90897641.758015,90897641.758015,90897641.758015,90897641.758015
26,19.700000,4096,126758929.563386,126758929.563386,126758929.563386,126758929.563386,126758929.563386,126758929.563386
26,32.300000,512,208292499.305384,208292499.305384,208292499.305384,208292499.305384,208292499.305384,208292499.305384
26,90.000000,27,288963747.133552,289575885.042168,289767455.000557,289767455.000557,289767455.000557,289767455.000557
26,90.000000,18,294131420.318962,294739371.257509,295638045.924859,296681531.223485,297009409.034444,297009513.632846
26,90.000000,36,275364398.454263,275420451.986754,275420451.986754,275420451.986754,275420451.986754,275420451.986754
