arrival_rate,bp_parameter_L,bp_parameter_H,Dynamic_njobs100_mode1_L2_norm_flow_time,Dynamic_njobs100_mode2_L2_norm_flow_time,Dynamic_njobs100_mode3_L2_norm_flow_time,Dynamic_njobs100_mode4_L2_norm_flow_time,Dynamic_njobs100_mode5_L2_norm_flow_time,Dynamic_njobs100_mode6_L2_norm_flow_time
26,13.000000,262144,9294379.204003,9282427.612980,9282427.612980,9282427.612980,9282427.612980,9282427.612980
26,15.300000,32768,11187151.441705,11187151.441705,11187151.441705,11187151.441705,11187151.441705,11187151.441705
26,19.700000,4096,16184906.711647,16184906.711647,16184906.711647,16184906.711647,16184906.711647,16184906.711647
26,32.300000,512,25532121.839909,25532121.839909,25532121.839909,25532121.839909,25532121.839909,25532121.839909
26,90.000000,27,35846565.077956,35822129.665934,35896164.789925,35896164.789925,35896164.789925,35896164.789925
26,90.000000,18,37031962.675478,37322143.834251,37460962.550790,37646849.956995,37645285.656511,37646960.950041
26,90.000000,36,34488790.049754,34488790.049754,34488790.049754,34488790.049754,34488790.049754,34488790.049754
