arrival_rate,bp_parameter_L,bp_parameter_H,Dynamic_njobs100_mode1_L2_norm_flow_time,Dynamic_njobs100_mode2_L2_norm_flow_time,Dynamic_njobs100_mode3_L2_norm_flow_time,Dynamic_njobs100_mode4_L2_norm_flow_time,Dynamic_njobs100_mode5_L2_norm_flow_time,Dynamic_njobs100_mode6_L2_norm_flow_time,Dynamic_njobs100_mode7_L2_norm_flow_time
26,13.000000,262144,70940325.466029,70940325.466029,70940325.466029,70940325.466029,70940325.466029,70940325.466029,70940325.466029
26,15.300000,32768,90157334.729408,90157334.729408,90157334.729408,90157334.729408,90157334.729408,90157334.729408,90157334.729408
26,19.700000,4096,127585425.191412,127585425.191412,127585425.191412,127585425.191412,127585425.191412,127585425.191412,127585425.191412
26,32.300000,512,208795060.982274,208795060.982274,208795060.982274,208795060.982274,208795060.982274,208795060.982274,208795060.982274
