arrival_rate,bp_parameter_L,bp_parameter_H,Dynamic_njobs100_mode1_L2_norm_flow_time,Dynamic_njobs100_mode2_L2_norm_flow_time,Dynamic_njobs100_mode3_L2_norm_flow_time,Dynamic_njobs100_mode4_L2_norm_flow_time,Dynamic_njobs100_mode5_L2_norm_flow_time,Dynamic_njobs100_mode6_L2_norm_flow_time
26,13.000000,262144,8478381.683744,8478381.683744,8478381.683744,8478381.683744,8478381.683744,8478381.683744
26,15.300000,32768,11423316.087962,11423316.087962,11423316.087962,11423316.087962,11423316.087962,11423316.087962
26,19.700000,4096,16071119.101491,16071119.101491,16071119.101491,16071119.101491,16071119.101491,16071119.101491
26,32.300000,512,26131335.462680,26131335.462680,26131335.462680,26131335.462680,26131335.462680,26131335.462680
26,90.000000,27,36204312.636063,36256130.498967,36274978.620238,36274978.620238,36274978.620238,36286168.730091
26,90.000000,36,34227859.086365,34227859.086365,34227859.086365,34227859.086365,34227859.086365,34227859.086365
26,90.000000,18,36628255.814905,36794851.240719,36804403.913219,36895599.737573,36894866.428525,36895797.706572
