arrival_rate,bp_parameter_L,bp_parameter_H,Dynamic_njobs100_mode1_L2_norm_flow_time,Dynamic_njobs100_mode2_L2_norm_flow_time,Dynamic_njobs100_mode3_L2_norm_flow_time,Dynamic_njobs100_mode4_L2_norm_flow_time,Dynamic_njobs100_mode5_L2_norm_flow_time,Dynamic_njobs100_mode6_L2_norm_flow_time,Dynamic_njobs100_mode7_L2_norm_flow_time
26,15.300000,32768,89054830.528496,89054830.528496,89054830.528496,89054830.528496,89054830.528496,89054830.528496,89054830.528496
26,13.000000,262144,67877842.107278,67877842.107278,67877842.107278,67877842.107278,67877842.107278,67877842.107278,67877842.107278
26,19.700000,4096,128450560.146421,128450560.146421,128450560.146421,128450560.146421,128450560.146421,128450560.146421,128450560.146421
26,32.300000,512,209069783.922752,209069783.922752,209069783.922752,209069783.922752,209069783.922752,209069783.922752,209069783.922752
