arrival_rate,bp_parameter_L,bp_parameter_H,Dynamic_njobs100_mode1_L2_norm_flow_time,Dynamic_njobs100_mode2_L2_norm_flow_time,Dynamic_njobs100_mode3_L2_norm_flow_time,Dynamic_njobs100_mode4_L2_norm_flow_time,Dynamic_njobs100_mode5_L2_norm_flow_time,Dynamic_njobs100_mode6_L2_norm_flow_time
26,13.000000,262144,8834203.339607,8834203.339607,8834203.339607,8834203.339607,8834203.339607,8834203.339607
26,15.300000,32768,11330616.692581,11330616.692581,11330616.692581,11330616.692581,11330616.692581,11330616.692581
26,19.700000,4096,16028229.073210,16028229.073210,16028229.073210,16028229.073210,16028229.073210,16028229.073210
26,32.300000,512,25776726.931309,25776726.931309,25776726.931309,25776726.931309,25776726.931309,25776726.931309
26,90.000000,18,36874331.185764,36896289.069388,37064325.367473,37181130.588215,37180523.683645,37181229.360829
26,90.000000,27,35899582.464807,35992411.264568,35975363.135153,35998848.376184,35998848.376184,36016534.369519
26,90.000000,36,34349937.868251,34349937.868251,34349937.868251,34349937.868251,34349937.868251,34349937.868251
