arrival_rate,bp_parameter_L,bp_parameter_H,Dynamic_njobs100_mode1_L2_norm_flow_time,Dynamic_njobs100_mode2_L2_norm_flow_time,Dynamic_njobs100_mode3_L2_norm_flow_time,Dynamic_njobs100_mode4_L2_norm_flow_time,Dynamic_njobs100_mode5_L2_norm_flow_time,Dynamic_njobs100_mode6_L2_norm_flow_time,Dynamic_njobs100_mode7_L2_norm_flow_time
28,13.000000,262144,65728138.697729,65330616.793936,65330616.793936,65330616.793936,65330616.793936,65330616.793936,65330616.793936
28,15.300000,32768,88104202.641143,88104202.641143,88104202.641143,88104202.641143,88104202.641143,88104202.641143,88104202.641143
28,19.700000,4096,123387692.117214,123387692.117214,123387692.117214,123387692.117214,123387692.117214,123387692.117214,123387692.117214
28,32.300000,512,202029859.503590,202029859.503590,202029859.503590,202029859.503590,202029859.503590,202029859.503590,202029859.503590
