arrival_rate,bp_parameter_L,bp_parameter_H,Dynamic_njobs100_mode1_L2_norm_flow_time,Dynamic_njobs100_mode2_L2_norm_flow_time,Dynamic_njobs100_mode3_L2_norm_flow_time,Dynamic_njobs100_mode4_L2_norm_flow_time,Dynamic_njobs100_mode5_L2_norm_flow_time,Dynamic_njobs100_mode6_L2_norm_flow_time
28,15.300000,32768,10478331.830292,10478331.830292,10478331.830292,10478331.830292,10478331.830292,10478331.830292
28,13.000000,262144,8392275.231522,8392275.231522,8392275.231522,8392275.231522,8392275.231522,8392275.231522
28,19.700000,4096,15582271.908776,15582271.908776,15582271.908776,15582271.908776,15582271.908776,15582271.908776
28,32.300000,512,24780228.977574,24780228.977574,24780228.977574,24780228.977574,24780228.977574,24780228.977574
28,90.000000,18,36035855.223374,36215341.903602,36302922.419782,36302922.419782,36302922.419782,36302919.597528
28,90.000000,36,34276265.411382,34276265.411382,34276265.411382,34276265.411382,34276265.411382,34276265.411382
28,90.000000,27,34850577.878566,35065272.260836,35140027.506332,35253379.860705,35226360.530958,35344742.694492
