arrival_rate,bp_parameter_L,bp_parameter_H,Dynamic_njobs100_mode1_L2_norm_flow_time,Dynamic_njobs100_mode2_L2_norm_flow_time,Dynamic_njobs100_mode3_L2_norm_flow_time,Dynamic_njobs100_mode4_L2_norm_flow_time,Dynamic_njobs100_mode5_L2_norm_flow_time,Dynamic_njobs100_mode6_L2_norm_flow_time
28,13.000000,262144,8006945.224054,8006945.224054,8006945.224054,8006945.224054,8006945.224054,8006945.224054
28,15.300000,32768,11048994.901100,11048994.901100,11048994.901100,11048994.901100,11048994.901100,11048994.901100
28,19.700000,4096,15031803.368456,15031803.368456,15031803.368456,15031803.368456,15031803.368456,15031803.368456
28,90.000000,36,33550227.515566,33550227.515566,33550227.515566,33550227.515566,33550227.515566,33550227.515566
28,32.300000,512,25143290.466453,25143290.466453,25143290.466453,25143290.466453,25143290.466453,25143290.466453
28,90.000000,27,35212252.156549,35153267.365336,35475670.089155,35496370.604813,35475312.669127,35496370.604813
28,90.000000,18,35905600.305635,36079611.978896,36128587.652514,36128587.652514,36128265.993743,36128587.652514
