arrival_rate,bp_parameter_L,bp_parameter_H,Dynamic_njobs100_mode1_L2_norm_flow_time,Dynamic_njobs100_mode2_L2_norm_flow_time,Dynamic_njobs100_mode3_L2_norm_flow_time,Dynamic_njobs100_mode4_L2_norm_flow_time,Dynamic_njobs100_mode5_L2_norm_flow_time,Dynamic_njobs100_mode6_L2_norm_flow_time
28,13.000000,262144,65287049.083019,65226152.383888,65226152.383888,65226152.383888,65226152.383888,65226152.383888
28,15.300000,32768,86850789.346032,86850789.346032,86850789.346032,86850789.346032,86850789.346032,86850789.346032
28,19.700000,4096,126954413.094650,126954413.094650,126954413.094650,126954413.094650,126954413.094650,126954413.094650
28,32.300000,512,205074669.775925,205074669.775925,205074669.775925,205074669.775925,205074669.775925,205074669.775925
28,90.000000,27,281748503.000820,282563636.074841,283173674.783081,283616123.452726,283683163.371213,283836498.593701
28,90.000000,36,269917852.904576,269958407.023022,269958407.023022,269958407.023022,269958407.023022,269958407.023022
28,90.000000,18,285127033.647989,286431449.619597,287201227.883193,287201214.574532,287201214.574532,287201227.883193
