arrival_rate,bp_parameter_L,bp_parameter_H,Dynamic_njobs100_mode1_L2_norm_flow_time,Dynamic_njobs100_mode2_L2_norm_flow_time,Dynamic_njobs100_mode3_L2_norm_flow_time,Dynamic_njobs100_mode4_L2_norm_flow_time,Dynamic_njobs100_mode5_L2_norm_flow_time,Dynamic_njobs100_mode6_L2_norm_flow_time
30,13.000000,262144,61299638.504166,61299638.504166,61299638.504166,61299638.504166,61299638.504166,61299638.504166
30,15.300000,32768,82588213.295964,81359605.590606,81359605.590606,81359605.590606,81359605.590606,81359605.590606
30,19.700000,4096,117345342.835567,117345342.835567,117345342.835567,117345342.835567,117345342.835567,117345342.835567
30,32.300000,512,197099122.693912,197099122.693912,197099122.693912,197099122.693912,197099122.693912,197099122.693912
30,90.000000,36,264411358.495742,264613321.027448,264613321.027448,264613321.027448,264574437.252206,264613321.027448
30,90.000000,27,273406815.181954,273968327.705433,272497001.399702,274234628.648353,275264752.297583,278542154.461013
30,90.000000,18,278728889.234224,279473773.659212,279473773.659212,279473773.659212,279473773.659212,279473773.659212
