arrival_rate,bp_parameter_L,bp_parameter_H,Dynamic_njobs100_mode1_L2_norm_flow_time,Dynamic_njobs100_mode2_L2_norm_flow_time,Dynamic_njobs100_mode3_L2_norm_flow_time,Dynamic_njobs100_mode4_L2_norm_flow_time,Dynamic_njobs100_mode5_L2_norm_flow_time,Dynamic_njobs100_mode6_L2_norm_flow_time
30,15.300000,32768,80992437.612900,80992437.612900,80992437.612900,80992437.612900,80992437.612900,80992437.612900
30,13.000000,262144,61288919.162386,61288919.162386,61288919.162386,61288919.162386,61288919.162386,61288919.162386
30,19.700000,4096,122328500.056340,122328500.056340,122328500.056340,122328500.056340,122328500.056340,122328500.056340
30,32.300000,512,194101483.091219,194101483.091219,194101483.091219,194101483.091219,194101483.091219,194101483.091219
30,90.000000,18,279424873.426364,279800301.768959,279800301.768959,279800301.768959,279800301.768959,279800301.768959
30,90.000000,27,271664093.035488,272279364.795734,271337758.101774,271827900.746793,275565654.615159,276156906.821612
30,90.000000,36,263466158.651188,263845771.858415,263907194.914706,263907194.914706,263907194.914706,263907194.914706
