arrival_rate,bp_parameter_L,bp_parameter_H,Dynamic_njobs100_mode1_L2_norm_flow_time,Dynamic_njobs100_mode2_L2_norm_flow_time,Dynamic_njobs100_mode3_L2_norm_flow_time,Dynamic_njobs100_mode4_L2_norm_flow_time,Dynamic_njobs100_mode5_L2_norm_flow_time,Dynamic_njobs100_mode6_L2_norm_flow_time
30,15.300000,32768,10244152.667751,10244152.667751,10244152.667751,10244152.667751,10244152.667751,10244152.667751
30,13.000000,262144,7522673.956991,7522673.956991,7522673.956991,7522673.956991,7522673.956991,7522673.956991
30,19.700000,4096,15272662.951483,15272662.951483,15272662.951483,15272662.951483,15272662.951483,15272662.951483
30,32.300000,512,24580166.308262,24580166.308262,24580166.308262,24580166.308262,24580166.308262,24580166.308262
30,90.000000,36,32967882.910836,32963182.063914,32993717.002437,32967882.910836,32967882.910836,32993717.002437
30,90.000000,27,34009537.033054,33945890.955339,34201022.650757,34317827.615112,34580895.009501,34489847.381564
30,90.000000,18,35002498.056281,35130212.207691,35141169.449840,35141169.449840,35141169.449840,35141169.449840
