arrival_rate,bp_parameter_L,bp_parameter_H,Dynamic_njobs100_mode1_L2_norm_flow_time,Dynamic_njobs100_mode2_L2_norm_flow_time,Dynamic_njobs100_mode3_L2_norm_flow_time,Dynamic_njobs100_mode4_L2_norm_flow_time,Dynamic_njobs100_mode5_L2_norm_flow_time,Dynamic_njobs100_mode6_L2_norm_flow_time
30,13.000000,262144,7511523.177795,7511523.177795,7511523.177795,7511523.177795,7511523.177795,7511523.177795
30,19.700000,4096,14736378.618065,14736378.618065,14736378.618065,14736378.618065,14736378.618065,14736378.618065
30,15.300000,32768,10372277.542690,10372277.542690,10372277.542690,10372277.542690,10372277.542690,10372277.542690
30,90.000000,36,32831659.984288,32857896.846231,32857896.846231,32831659.984288,32831659.984288,32857896.846231
30,32.300000,512,24540004.812849,24540004.812849,24540004.812849,24540004.812849,24540004.812849,24540004.812849
30,90.000000,27,34274394.798168,34239333.984591,34313021.527302,34342384.070146,34286942.407664,34974114.154769
30,90.000000,18,35202809.626614,35203503.692495,35203503.692495,35203503.692495,35202809.626614,35203503.692495
