arrival_rate,bp_parameter_L,bp_parameter_H,Dynamic_njobs100_mode1_L2_norm_flow_time,Dynamic_njobs100_mode2_L2_norm_flow_time,Dynamic_njobs100_mode3_L2_norm_flow_time,Dynamic_njobs100_mode4_L2_norm_flow_time,Dynamic_njobs100_mode5_L2_norm_flow_time,Dynamic_njobs100_mode6_L2_norm_flow_time
30,13.000000,262144,7567120.348675,7567120.348675,7567120.348675,7567120.348675,7567120.348675,7567120.348675
30,15.300000,32768,10379710.110065,10379710.110065,10379710.110065,10379710.110065,10379710.110065,10379710.110065
30,19.700000,4096,14944940.499377,14944940.499377,14944940.499377,14944940.499377,14944940.499377,14944940.499377
30,90.000000,36,32765647.747045,32860856.769157,32860856.769157,32860856.769157,32860856.769157,32860856.769157
30,90.000000,27,33794539.524158,33833609.224287,33916367.176883,33738453.752714,33650681.850846,34533405.978185
30,32.300000,512,24505964.568237,24505964.568237,24505964.568237,24505964.568237,24505964.568237,24505964.568237
30,90.000000,18,34639972.254749,34640174.981179,34640174.981179,34639972.254749,34639972.254749,34640174.981179
