arrival_rate,bp_parameter_L,bp_parameter_H,Dynamic_njobs100_mode1_L2_norm_flow_time,Dynamic_njobs100_mode2_L2_norm_flow_time,Dynamic_njobs100_mode3_L2_norm_flow_time,Dynamic_njobs100_mode4_L2_norm_flow_time,Dynamic_njobs100_mode5_L2_norm_flow_time,Dynamic_njobs100_mode6_L2_norm_flow_time
30,15.300000,32768,10224796.135263,10224796.135263,10224796.135263,10224796.135263,10224796.135263,10224796.135263
30,13.000000,262144,6994125.127821,6994125.127821,6994125.127821,6994125.127821,6994125.127821,6994125.127821
30,19.700000,4096,14957235.358542,14957235.358542,14957235.358542,14957235.358542,14957235.358542,14957235.358542
30,32.300000,512,24350398.926019,24350398.926019,24350398.926019,24350398.926019,24350398.926019,24350398.926019
30,90.000000,36,33316100.727275,33351168.681328,33351168.681328,33351168.681328,33351168.681328,33351168.681328
30,90.000000,18,34025254.845774,34530526.730523,34530526.730523,34530447.963529,34530447.963529,34530526.730523
30,90.000000,27,33724804.962674,33892220.717888,34000569.217342,33903413.708969,34051065.944232,34593771.661077
