arrival_rate,bp_parameter_L,bp_parameter_H,Dynamic_njobs100_mode1_L2_norm_flow_time,Dynamic_njobs100_mode2_L2_norm_flow_time,Dynamic_njobs100_mode3_L2_norm_flow_time,Dynamic_njobs100_mode4_L2_norm_flow_time,Dynamic_njobs100_mode5_L2_norm_flow_time,Dynamic_njobs100_mode6_L2_norm_flow_time
30,13.000000,262144,7567521.150489,7567521.150489,7567521.150489,7567521.150489,7567521.150489,7567521.150489
30,15.300000,32768,9917491.651628,9917491.651628,9917491.651628,9917491.651628,9917491.651628,9917491.651628
30,19.700000,4096,14916977.134434,14916977.134434,14916977.134434,14916977.134434,14916977.134434,14916977.134434
30,32.300000,512,25089680.507504,25089680.507504,25089680.507504,25089680.507504,25089680.507504,25089680.507504
30,90.000000,36,32642891.078882,32674329.061525,32674329.061525,32674329.061525,32674329.061525,32674329.061525
30,90.000000,27,34221561.111495,34206927.991681,34222771.897323,34418425.291626,34622314.289528,34846995.511466
30,90.000000,18,34495592.480939,34584736.570631,34584736.570631,34584736.570631,34584736.570631,34584736.570631
