arrival_rate,bp_parameter_L,bp_parameter_H,Dynamic_njobs100_mode1_L2_norm_flow_time,Dynamic_njobs100_mode2_L2_norm_flow_time,Dynamic_njobs100_mode3_L2_norm_flow_time,Dynamic_njobs100_mode4_L2_norm_flow_time,Dynamic_njobs100_mode5_L2_norm_flow_time,Dynamic_njobs100_mode6_L2_norm_flow_time,Dynamic_njobs100_mode7_L2_norm_flow_time
30,13.000000,262144,60896217.396852,60896217.396852,60896217.396852,60896217.396852,60896217.396852,60896217.396852,60896217.396852
30,15.300000,32768,83297447.164461,82991908.424842,82991908.424842,83297447.164461,83297447.164461,82991908.424842,82991908.424842
30,19.700000,4096,119903448.067693,119903448.067693,119903448.067693,119903448.067693,119903448.067693,119903448.067693,119903448.067693
30,32.300000,512,197025011.664621,197025011.664621,197025011.664621,197025011.664621,197025011.664621,197025011.664621,197025011.664621
