arrival_rate,bp_parameter_L,bp_parameter_H,Dynamic_njobs100_mode1_L2_norm_flow_time,Dynamic_njobs100_mode2_L2_norm_flow_time,Dynamic_njobs100_mode3_L2_norm_flow_time,Dynamic_njobs100_mode4_L2_norm_flow_time,Dynamic_njobs100_mode5_L2_norm_flow_time,Dynamic_njobs100_mode6_L2_norm_flow_time,Dynamic_njobs100_mode7_L2_norm_flow_time
30,13.000000,262144,62323880.735158,61878964.045861,61878964.045861,61878964.045861,61878964.045861,61878964.045861,61878964.045861
30,15.300000,32768,81978777.093779,81978777.093779,81978777.093779,81978777.093779,81978777.093779,81978777.093779,81978777.093779
30,19.700000,4096,118344141.337847,118344141.337847,118344141.337847,118344141.337847,118344141.337847,118344141.337847,118344141.337847
30,32.300000,512,196378848.235915,196378848.235915,196378848.235915,196378848.235915,196378848.235915,196378848.235915,196378848.235915
