arrival_rate,bp_parameter_L,bp_parameter_H,Dynamic_njobs100_mode1_L2_norm_flow_time,Dynamic_njobs100_mode2_L2_norm_flow_time,Dynamic_njobs100_mode3_L2_norm_flow_time,Dynamic_njobs100_mode4_L2_norm_flow_time,Dynamic_njobs100_mode5_L2_norm_flow_time,Dynamic_njobs100_mode6_L2_norm_flow_time
32,13.000000,262144,7472267.345050,7472267.345050,7472267.345050,7472267.345050,7472267.345050,7472267.345050
32,15.300000,32768,9503269.578054,9503269.578054,9503269.578054,9503269.578054,9503269.578054,9503269.578054
32,19.700000,4096,14202324.739741,14202324.739741,14202324.739741,14202324.739741,14202324.739741,14202324.739741
32,32.300000,512,24001033.625317,24001033.625317,24001033.625317,24001033.625317,24001033.625317,24001033.625317
32,90.000000,36,32353718.464984,32391077.234077,32426621.925045,32426621.925045,32426621.925045,32426621.925045
32,90.000000,27,32431861.972319,32148885.952028,32473409.088215,32640108.041614,32575706.970568,33412617.007644
32,90.000000,18,33774409.481755,33774409.481755,33774409.481755,33774409.481755,33774409.481755,33774409.481755
