arrival_rate,bp_parameter_L,bp_parameter_H,Dynamic_njobs100_mode1_L2_norm_flow_time,Dynamic_njobs100_mode2_L2_norm_flow_time,Dynamic_njobs100_mode3_L2_norm_flow_time,Dynamic_njobs100_mode4_L2_norm_flow_time,Dynamic_njobs100_mode5_L2_norm_flow_time,Dynamic_njobs100_mode6_L2_norm_flow_time
32,13.000000,262144,6830637.162373,6830637.162373,6830637.162373,6830637.162373,6830637.162373,6830637.162373
32,15.300000,32768,9566410.623769,9528514.361224,9528514.361224,9566410.623769,9566410.623769,9528514.361224
32,19.700000,4096,14475499.652690,14475499.652690,14475499.652690,14475499.652690,14475499.652690,14475499.652690
32,32.300000,512,24254729.573945,24254729.573945,24254729.573945,24254729.573945,24254729.573945,24254729.573945
32,90.000000,27,33001577.175822,32908923.907998,33117133.590838,33365418.466640,33692207.537226,33988893.914969
32,90.000000,36,32310330.222520,32406477.203195,32406477.203195,32406477.203195,32380791.093227,32431805.314213
32,90.000000,18,34228063.284615,34254594.879961,34254594.879961,34254594.879961,34254594.879961,34254594.879961
