arrival_rate,bp_parameter_L,bp_parameter_H,Dynamic_njobs100_mode1_L2_norm_flow_time,Dynamic_njobs100_mode2_L2_norm_flow_time,Dynamic_njobs100_mode3_L2_norm_flow_time,Dynamic_njobs100_mode4_L2_norm_flow_time,Dynamic_njobs100_mode5_L2_norm_flow_time,Dynamic_njobs100_mode6_L2_norm_flow_time
32,13.000000,262144,56270858.897494,56254390.088134,56254390.088134,56254390.088134,56254390.088134,56254390.088134
32,15.300000,32768,76488680.949523,76488680.949523,76488680.949523,76488680.949523,76488680.949523,76488680.949523
32,19.700000,4096,113330711.874498,113330711.874498,113330711.874498,113330711.874498,113330711.874498,113330711.874498
32,32.300000,512,190358641.002231,190358641.002231,190358641.002231,190358641.002231,190358641.002231,190358641.002231
32,90.000000,18,270530669.585535,270960778.036416,271056809.028151,271056809.028151,271056809.028151,271056809.028151
32,90.000000,36,258244755.880410,259301318.402301,259741336.887323,259741336.887323,259713716.329187,259741336.887323
32,90.000000,27,264367517.936854,264459486.648148,264280407.820758,261596799.738675,265047847.946031,272046661.403231
