arrival_rate,bp_parameter_L,bp_parameter_H,Dynamic_njobs100_mode1_L2_norm_flow_time,Dynamic_njobs100_mode2_L2_norm_flow_time,Dynamic_njobs100_mode3_L2_norm_flow_time,Dynamic_njobs100_mode4_L2_norm_flow_time,Dynamic_njobs100_mode5_L2_norm_flow_time,Dynamic_njobs100_mode6_L2_norm_flow_time
32,13.000000,262144,55832355.245889,55644707.845272,55644707.845272,55644707.845272,55644707.845272,55644707.845272
32,19.700000,4096,113830384.192109,113830384.192109,113830384.192109,113830384.192109,113830384.192109,113830384.192109
32,15.300000,32768,77127762.028814,76807145.628960,76807145.628960,76807145.628960,76807145.628960,76807145.628960
32,32.300000,512,191829712.549215,191829712.549215,191829712.549215,191829712.549215,191829712.549215,191829712.549215
32,90.000000,27,262334037.863785,261190578.999224,260473635.079917,263093502.977714,265575663.729302,269596921.750163
32,90.000000,36,259193495.914711,259981004.863877,260203752.614376,260203752.614376,260203752.614376,260203752.614376
32,90.000000,18,269731982.456246,269948322.294142,269948322.294142,269948322.294142,269948322.294142,269948322.294142
