arrival_rate,bp_parameter_L,bp_parameter_H,Dynamic_njobs100_mode1_L2_norm_flow_time,Dynamic_njobs100_mode2_L2_norm_flow_time,Dynamic_njobs100_mode3_L2_norm_flow_time,Dynamic_njobs100_mode4_L2_norm_flow_time,Dynamic_njobs100_mode5_L2_norm_flow_time,Dynamic_njobs100_mode6_L2_norm_flow_time
34,13.000000,262144,54943231.365053,54737027.987562,54737027.987562,54737027.987562,54737027.987562,54737027.987562
34,15.300000,32768,77470277.085154,76756658.673928,76756658.673928,76756658.673928,76756658.673928,76756658.673928
34,19.700000,4096,110374530.026034,110374530.026034,110374530.026034,110374530.026034,110374530.026034,110374530.026034
34,32.300000,512,190868640.089677,190868640.089677,190868640.089677,190868640.089677,190868640.089677,190868640.089677
34,90.000000,27,253706615.602550,254004522.857500,255736854.680280,257517886.780723,260585096.347873,260585655.588026
34,90.000000,36,250788757.053234,251563571.627738,252736083.196931,253351433.635916,254007522.995952,254131395.683547
34,90.000000,18,258757130.333416,258757130.333416,258757130.333416,258757130.333416,258757130.333416,258757130.333416
