arrival_rate,bp_parameter_L,bp_parameter_H,Dynamic_njobs100_mode1_L2_norm_flow_time,Dynamic_njobs100_mode2_L2_norm_flow_time,Dynamic_njobs100_mode3_L2_norm_flow_time,Dynamic_njobs100_mode4_L2_norm_flow_time,Dynamic_njobs100_mode5_L2_norm_flow_time,Dynamic_njobs100_mode6_L2_norm_flow_time
34,13.000000,262144,6476440.880583,6547910.004612,6476440.880583,6476440.880583,6476440.880583,6476440.880583
34,15.300000,32768,9267204.426615,8888206.270490,8888206.270490,8888206.270490,8888206.270490,8888206.270490
34,19.700000,4096,14023124.792644,14023124.792644,14023124.792644,14023124.792644,14023124.792644,14023124.792644
34,32.300000,512,23392671.378679,23392671.378679,23392671.378679,23392671.378679,23392671.378679,23392671.378679
34,90.000000,27,31853900.647508,32367838.580592,32494232.684372,32739093.199929,32925950.008038,32927857.756691
34,90.000000,36,31407967.660073,31419493.095582,31521043.074073,31678999.274855,31641595.700610,31729476.003441
34,90.000000,18,33031639.953272,33032117.480837,33032117.480837,33032117.480837,33031639.953272,33032117.480837
