arrival_rate,bp_parameter_L,bp_parameter_H,Dynamic_njobs100_mode1_L2_norm_flow_time,Dynamic_njobs100_mode2_L2_norm_flow_time,Dynamic_njobs100_mode3_L2_norm_flow_time,Dynamic_njobs100_mode4_L2_norm_flow_time,Dynamic_njobs100_mode5_L2_norm_flow_time,Dynamic_njobs100_mode6_L2_norm_flow_time
34,13.000000,262144,54332188.508214,53873496.158068,53873496.158068,53873496.158068,53873496.158068,53873496.158068
34,15.300000,32768,73273575.666797,73273575.666797,73273575.666797,73273575.666797,73273575.666797,73273575.666797
34,19.700000,4096,110441874.198169,110441874.198169,110441874.198169,110441874.198169,110441874.198169,110441874.198169
34,32.300000,512,187990018.826720,187990018.826720,187990018.826720,187990018.826720,187990018.826720,187990018.826720
34,90.000000,27,253581736.746347,254251587.895517,255866218.164823,259565245.744572,260301218.176439,260301651.290555
34,90.000000,18,260202883.688059,260202883.688059,260202883.688059,260202883.688059,260202883.688059,260202883.688059
34,90.000000,36,250456468.883179,251601140.717747,252661820.214983,253140204.690720,253261814.312905,253408589.667846
