arrival_rate,bp_parameter_L,bp_parameter_H,Dynamic_njobs100_mode1_L2_norm_flow_time,Dynamic_njobs100_mode2_L2_norm_flow_time,Dynamic_njobs100_mode3_L2_norm_flow_time,Dynamic_njobs100_mode4_L2_norm_flow_time,Dynamic_njobs100_mode5_L2_norm_flow_time,Dynamic_njobs100_mode6_L2_norm_flow_time
34,13.000000,262144,6705824.741716,6705824.741716,6705824.741716,6705824.741716,6705824.741716,6705824.741716
34,15.300000,32768,9216053.481479,9216053.481479,9216053.481479,9216053.481479,9216053.481479,9216053.481479
34,19.700000,4096,14189910.723963,14189910.723963,14189910.723963,14189910.723963,14189910.723963,14189910.723963
34,32.300000,512,23024620.796920,23024620.796920,23024620.796920,23024620.796920,23024620.796920,23024620.796920
34,90.000000,18,32644421.908558,32644421.908558,32644421.908558,32644421.908558,32644421.908558,32644421.908558
34,90.000000,27,32081114.611712,32181381.796246,32352517.231753,32900672.985650,32897127.125393,32901091.566099
34,90.000000,36,31372585.143234,31484442.016884,31659452.208731,31804778.277797,31870451.103627,31894447.221910
