arrival_rate,bp_parameter_L,bp_parameter_H,Dynamic_njobs100_mode1_L2_norm_flow_time,Dynamic_njobs100_mode2_L2_norm_flow_time,Dynamic_njobs100_mode3_L2_norm_flow_time,Dynamic_njobs100_mode4_L2_norm_flow_time,Dynamic_njobs100_mode5_L2_norm_flow_time,Dynamic_njobs100_mode6_L2_norm_flow_time,Dynamic_njobs100_mode7_L2_norm_flow_time
36,13.000000,262144,47778891.655715,47757861.629425,47757861.629425,47757861.629425,47757861.629425,47757861.629425,47757861.629425
36,15.300000,32768,70071862.171413,70071862.171413,70071862.171413,70071862.171413,70071862.171413,70071862.171413,70071862.171413
36,19.700000,4096,107600582.063415,107600582.063415,107600582.063415,107600582.063415,107600582.063415,107600582.063415,107600582.063415
36,32.300000,512,184006535.589399,184006535.589399,184006535.589399,184006535.589399,184006535.589399,184006535.589399,184006535.589399
