arrival_rate,bp_parameter_L,bp_parameter_H,Dynamic_njobs100_mode1_L2_norm_flow_time,Dynamic_njobs100_mode2_L2_norm_flow_time,Dynamic_njobs100_mode3_L2_norm_flow_time,Dynamic_njobs100_mode4_L2_norm_flow_time,Dynamic_njobs100_mode5_L2_norm_flow_time,Dynamic_njobs100_mode6_L2_norm_flow_time
36,19.700000,4096,13431395.483751,13431395.483751,13431395.483751,13431395.483751,13431395.483751,13431395.483751
36,15.300000,32768,9054010.191552,8894387.076731,8894387.076731,8894387.076731,8894387.076731,8894387.076731
36,13.000000,262144,7783049.966155,6866903.530746,6866903.530746,6866903.530746,6866903.530746,6866903.530746
36,32.300000,512,22847587.042793,22847587.042793,22847587.042793,22847587.042793,22847587.042793,22847587.042793
36,90.000000,27,30383001.449350,30501333.781269,30940314.901086,31105241.434474,31102403.721212,31105799.391395
36,90.000000,36,30019459.147057,30430339.281831,30339572.694280,30688614.266866,30790066.627511,30750240.485079
36,90.000000,18,31642719.010454,31642719.010454,31642719.010454,31642719.010454,31642719.010454,31642719.010454
