arrival_rate,bp_parameter_L,bp_parameter_H,Dynamic_njobs100_mode1_L2_norm_flow_time,Dynamic_njobs100_mode2_L2_norm_flow_time,Dynamic_njobs100_mode3_L2_norm_flow_time,Dynamic_njobs100_mode4_L2_norm_flow_time,Dynamic_njobs100_mode5_L2_norm_flow_time,Dynamic_njobs100_mode6_L2_norm_flow_time,Dynamic_njobs100_mode7_L2_norm_flow_time
36,13.000000,262144,50202038.152728,50202038.152728,50202038.152728,50202038.152728,50202038.152728,50202038.152728,50202038.152728
36,15.300000,32768,70113392.529695,69958748.070909,69958748.070909,69958748.070909,69958748.070909,69958748.070909,69958748.070909
36,19.700000,4096,108073410.727417,108073410.727417,108073410.727417,108073410.727417,108073410.727417,108073410.727417,108073410.727417
36,32.300000,512,181485960.215479,181485960.215479,181485960.215479,181485960.215479,181485960.215479,181485960.215479,181485960.215479
