arrival_rate,bp_parameter_L,bp_parameter_H,Dynamic_njobs100_mode1_L2_norm_flow_time,Dynamic_njobs100_mode2_L2_norm_flow_time,Dynamic_njobs100_mode3_L2_norm_flow_time,Dynamic_njobs100_mode4_L2_norm_flow_time,Dynamic_njobs100_mode5_L2_norm_flow_time,Dynamic_njobs100_mode6_L2_norm_flow_time
36,13.000000,262144,6534580.771194,6534580.771194,6534580.771194,6534580.771194,6534580.771194,6534580.771194
36,15.300000,32768,9226934.669541,9226934.669541,9226934.669541,9226934.669541,9226934.669541,9226934.669541
36,19.700000,4096,12832546.958943,12832546.958943,12832546.958943,12832546.958943,12832546.958943,12832546.958943
36,32.300000,512,22578337.734886,22578337.734886,22578337.734886,22578337.734886,22578337.734886,22578337.734886
36,90.000000,27,31082906.690197,31375600.227850,31721339.010389,31744100.694160,31741088.851259,31744393.207034
36,90.000000,18,31477341.716920,31477341.716920,31477341.716920,31477341.716920,31477341.716920,31477341.716920
36,90.000000,36,29516781.444243,29840609.290462,29855005.757163,30140480.785136,30193051.947771,30152476.879066
