arrival_rate,bp_parameter_L,bp_parameter_H,Dynamic_njobs100_mode1_L2_norm_flow_time,Dynamic_njobs100_mode2_L2_norm_flow_time,Dynamic_njobs100_mode3_L2_norm_flow_time,Dynamic_njobs100_mode4_L2_norm_flow_time,Dynamic_njobs100_mode5_L2_norm_flow_time,Dynamic_njobs100_mode6_L2_norm_flow_time,Dynamic_njobs100_mode7_L2_norm_flow_time
38,15.300000,32768,64413481.219864,64263904.416368,64263904.416368,64263904.416368,64263904.416368,64263904.416368,64263904.416368
38,13.000000,262144,46811706.120675,44582598.838754,44582598.838754,44582598.838754,44582598.838754,44582598.838754,44582598.838754
38,19.700000,4096,100876127.662981,100876127.662981,100876127.662981,100876127.662981,100876127.662981,100876127.662981,100876127.662981
38,32.300000,512,176483426.967919,176483426.967919,176483426.967919,176483426.967919,176483426.967919,176483426.967919,176483426.967919
