arrival_rate,bp_parameter_L,bp_parameter_H,Dynamic_njobs100_mode1_L2_norm_flow_time,Dynamic_njobs100_mode2_L2_norm_flow_time,Dynamic_njobs100_mode3_L2_norm_flow_time,Dynamic_njobs100_mode4_L2_norm_flow_time,Dynamic_njobs100_mode5_L2_norm_flow_time,Dynamic_njobs100_mode6_L2_norm_flow_time
38,13.000000,262144,47977917.178446,47977917.178446,47977917.178446,47977917.178446,47977917.178446,47977917.178446
38,15.300000,32768,66297461.129067,65736866.078445,65736866.078445,65736866.078445,65736866.078445,65736866.078445
38,19.700000,4096,101696119.354412,101696119.354412,101696119.354412,101696119.354412,101696119.354412,101696119.354412
38,32.300000,512,175797035.622050,175797035.622050,175797035.622050,175797035.622050,175797035.622050,175797035.622050
38,90.000000,27,235090420.940281,240934441.894131,243109156.490328,243797721.544840,243797307.866856,243797726.335278
38,90.000000,36,230010753.407788,231461736.857365,229812282.732827,229299932.429733,228566484.938088,241891544.472636
38,90.000000,18,242558191.743456,242558191.743456,242558191.743456,242558191.743456,242558191.743456,242558191.743456
