arrival_rate,bp_parameter_L,bp_parameter_H,Dynamic_njobs100_mode1_L2_norm_flow_time,Dynamic_njobs100_mode2_L2_norm_flow_time,Dynamic_njobs100_mode3_L2_norm_flow_time,Dynamic_njobs100_mode4_L2_norm_flow_time,Dynamic_njobs100_mode5_L2_norm_flow_time,Dynamic_njobs100_mode6_L2_norm_flow_time
38,15.300000,32768,66521673.878196,66365760.021642,66365760.021642,66365760.021642,66365760.021642,66365760.021642
38,13.000000,262144,47341644.049909,46901236.026787,46901236.026787,46901236.026787,46901236.026787,46901236.026787
38,19.700000,4096,102509922.658127,102509922.658127,102509922.658127,102509922.658127,102509922.658127,102509922.658127
38,32.300000,512,177982846.324190,177982846.324190,177982846.324190,177982846.324190,177982846.324190,177982846.324190
38,90.000000,36,234152366.395673,233753282.279938,233257808.924607,231677453.452059,233959608.304195,242648806.636330
38,90.000000,18,242251887.196292,242251887.196292,242251887.196292,242251887.196292,242251887.196292,242251887.196292
38,90.000000,27,238299166.120502,240763580.282413,242473796.187115,242667303.987914,242667303.987914,242667302.480874
