arrival_rate,bp_parameter_L,bp_parameter_H,Dynamic_njobs100_mode1_L2_norm_flow_time,Dynamic_njobs100_mode2_L2_norm_flow_time,Dynamic_njobs100_mode3_L2_norm_flow_time,Dynamic_njobs100_mode4_L2_norm_flow_time,Dynamic_njobs100_mode5_L2_norm_flow_time,Dynamic_njobs100_mode6_L2_norm_flow_time,Dynamic_njobs100_mode7_L2_norm_flow_time
38,15.300000,32768,64645467.523192,64645467.523192,64645467.523192,64645467.523192,64645467.523192,64645467.523192,64645467.523192
38,13.000000,262144,48812469.102442,48783828.826077,48783828.826077,48783828.826077,48783828.826077,48783828.826077,48783828.826077
38,19.700000,4096,101468398.604611,101468398.604611,101468398.604611,101468398.604611,101468398.604611,101468398.604611,101468398.604611
38,32.300000,512,179331418.161686,179331418.161686,179331418.161686,179331418.161686,179331418.161686,179331418.161686,179331418.161686
