arrival_rate,bp_parameter_L,bp_parameter_H,Dynamic_njobs100_mode1_L2_norm_flow_time,Dynamic_njobs100_mode2_L2_norm_flow_time,Dynamic_njobs100_mode3_L2_norm_flow_time,Dynamic_njobs100_mode4_L2_norm_flow_time,Dynamic_njobs100_mode5_L2_norm_flow_time,Dynamic_njobs100_mode6_L2_norm_flow_time,Dynamic_njobs100_mode7_L2_norm_flow_time
38,13.000000,262144,45608966.367678,45608966.367678,45608966.367678,45608966.367678,45608966.367678,45608966.367678,45608966.367678
38,15.300000,32768,65878283.766445,65878283.766445,65878283.766445,65878283.766445,65878283.766445,65878283.766445,65878283.766445
38,19.700000,4096,100907477.774684,100907477.774684,100907477.774684,100907477.774684,100907477.774684,100907477.774684,100907477.774684
38,32.300000,512,177191462.987079,177191462.987079,177191462.987079,177191462.987079,177191462.987079,177191462.987079,177191462.987079
