arrival_rate,bp_parameter_L,bp_parameter_H,Dynamic_njobs100_mode1_L2_norm_flow_time,Dynamic_njobs100_mode2_L2_norm_flow_time,Dynamic_njobs100_mode3_L2_norm_flow_time,Dynamic_njobs100_mode4_L2_norm_flow_time,Dynamic_njobs100_mode5_L2_norm_flow_time,Dynamic_njobs100_mode6_L2_norm_flow_time
40,13.000000,262144,5082332.620150,5040584.696564,5040584.696564,5040584.696564,5040584.696564,5040584.696564
40,15.300000,32768,8100504.268842,8100504.268842,8100504.268842,8100504.268842,8100504.268842,8100504.268842
40,19.700000,4096,12467443.665860,12467443.665860,12467443.665860,12467443.665860,12467443.665860,12467443.665860
40,32.300000,512,21530052.064221,21530052.064221,21530052.064221,21530052.064221,21530052.064221,21530052.064221
40,90.000000,18,28960434.234395,28960434.234395,28960434.234395,28960434.234395,28960434.234395,28960434.234395
40,90.000000,36,27855815.395839,27854030.057365,28046936.226161,28529076.062134,29133491.083215,29161591.855271
40,90.000000,27,28855508.153016,29179452.377021,29179452.377021,29179209.244417,29179209.244417,29179452.377021
