arrival_rate,bp_parameter_L,bp_parameter_H,Dynamic_njobs100_mode1_L2_norm_flow_time,Dynamic_njobs100_mode2_L2_norm_flow_time,Dynamic_njobs100_mode3_L2_norm_flow_time,Dynamic_njobs100_mode4_L2_norm_flow_time,Dynamic_njobs100_mode5_L2_norm_flow_time,Dynamic_njobs100_mode6_L2_norm_flow_time,Dynamic_njobs100_mode7_L2_norm_flow_time
40,13.000000,262144,42482063.094657,42529522.888777,42529522.888777,42529522.888777,42529522.888777,42529522.888777,42529522.888777
40,15.300000,32768,64420967.626400,64420967.626400,64420967.626400,64420967.626400,64420967.626400,64420967.626400,64420967.626400
40,19.700000,4096,98595012.712135,98595012.712135,98595012.712135,98595012.712135,98595012.712135,98595012.712135,98595012.712135
40,32.300000,512,173651700.348527,173651700.348527,173651700.348527,173651700.348527,173651700.348527,173651700.348527,173651700.348527
