arrival_rate,bp_parameter_L,bp_parameter_H,Dynamic_njobs100_mode1_L2_norm_flow_time,Dynamic_njobs100_mode2_L2_norm_flow_time,Dynamic_njobs100_mode3_L2_norm_flow_time,Dynamic_njobs100_mode4_L2_norm_flow_time,Dynamic_njobs100_mode5_L2_norm_flow_time,Dynamic_njobs100_mode6_L2_norm_flow_time
40,13.000000,262144,43996122.825818,43812961.444490,43812961.444490,43812961.444490,43812961.444490,43812961.444490
40,15.300000,32768,60971273.633939,60553119.308088,60553119.308088,60553119.308088,60553119.308088,60553119.308088
40,19.700000,4096,97258919.701957,97258919.701957,97258919.701957,97258919.701957,97258919.701957,97258919.701957
40,32.300000,512,174010872.062487,174010872.062487,174010872.062487,174010872.062487,174010872.062487,174010872.062487
40,90.000000,36,222349826.709257,221331701.154682,219745368.731318,218340024.944141,218279891.212358,233664859.031787
40,90.000000,27,231601047.959760,233922901.746641,234770652.296755,234770652.296755,234770652.296755,234770652.296755
40,90.000000,18,233839712.920496,233839712.920496,233839712.920496,233839712.920496,233839712.920496,233839712.920496
