arrival_rate,bp_parameter_L,bp_parameter_H,Dynamic_njobs100_mode1_L2_norm_flow_time,Dynamic_njobs100_mode2_L2_norm_flow_time,Dynamic_njobs100_mode3_L2_norm_flow_time,Dynamic_njobs100_mode4_L2_norm_flow_time,Dynamic_njobs100_mode5_L2_norm_flow_time,Dynamic_njobs100_mode6_L2_norm_flow_time
40,15.300000,32768,8005593.213183,8005593.213183,8005593.213183,8005593.213183,8005593.213183,8005593.213183
40,19.700000,4096,12195193.161838,12195193.161838,12195193.161838,12195193.161838,12195193.161838,12195193.161838
40,13.000000,262144,5686877.116567,5686877.116567,5686877.116567,5686877.116567,5686877.116567,5686877.116567
40,32.300000,512,21634885.647545,21634885.647545,21634885.647545,21634885.647545,21634885.647545,21634885.647545
40,90.000000,27,28593843.851497,28876593.487413,28876593.487413,28876593.487413,28875497.175422,28876593.487413
40,90.000000,36,27578721.661336,27348639.177891,28404134.502720,28487816.242507,28937772.558989,29036302.792462
40,90.000000,18,29720769.222245,29720769.222245,29720769.222245,29720769.222245,29720769.222245,29720769.222245
