arrival_rate,bp_parameter_L,bp_parameter_H,RMLF_L2_norm_flow_time
20,4.073000,262144,1079233.572536
20,4.639000,32768,1347035.482798
20,5.649000,4096,3099931.645821
20,7.918000,512,5576451.377395
20,16.772000,64,12529133.444375
20,30.000000,6,15141112.444324
20,30.000000,9,14419772.546325
20,30.000000,12,13744859.224954
