arrival_rate,bp_parameter_L,bp_parameter_H,RMLF_L2_norm_flow_time
20,4.073000,262144,992558.903084
20,4.639000,32768,1240893.300294
20,5.649000,4096,3211642.744606
20,7.918000,512,5947820.650018
20,16.772000,64,12547389.514204
20,30.000000,6,15345352.291464
20,30.000000,9,14422948.622301
20,30.000000,12,13882696.512547
