arrival_rate,bp_parameter_L,bp_parameter_H,RMLF_L2_norm_flow_time
20,4.073000,262144,1110431.322867
20,4.639000,32768,1544279.595713
20,5.649000,4096,2871039.400162
20,7.918000,512,5943447.065631
20,16.772000,64,12710404.172611
20,30.000000,6,15284758.269906
20,30.000000,9,13993162.635209
20,30.000000,12,13796530.071541
