arrival_rate,bp_parameter_L,bp_parameter_H,RMLF_L2_norm_flow_time
20,4.073000,262144,534200.306744
20,4.639000,32768,1671102.846339
20,5.649000,4096,2672447.939516
20,7.918000,512,5948009.708443
20,16.772000,64,12571648.725650
20,30.000000,6,14812296.087905
20,30.000000,9,14652897.402356
20,30.000000,12,13793278.548262
