arrival_rate,bp_parameter_L,bp_parameter_H,RMLF_L2_norm_flow_time
20,4.073000,262144,7164478.839461
20,4.639000,32768,13104670.979222
20,5.649000,4096,23152220.852665
20,7.918000,512,47864745.537815
20,16.772000,64,99309031.752099
20,30.000000,6,121016475.204202
20,30.000000,9,116237973.890172
20,30.000000,12,109308339.164852
