arrival_rate,bp_parameter_L,bp_parameter_H,RMLF_L2_norm_flow_time
20,4.073000,262144,1011678.594463
20,4.639000,32768,1356367.108250
20,5.649000,4096,2753408.194629
20,7.918000,512,5915668.629493
20,16.772000,64,12807590.491163
20,30.000000,6,15413023.961601
20,30.000000,9,14382947.468184
20,30.000000,12,13744837.463348
