arrival_rate,bp_parameter_L,bp_parameter_H,RMLF_L2_norm_flow_time
22,4.073000,262144,5279861.106873
22,4.639000,32768,8835764.596789
22,5.649000,4096,17949675.735026
22,7.918000,512,40716807.776736
22,16.772000,64,93254796.997362
22,30.000000,6,113870049.670116
22,30.000000,9,108851941.715044
22,30.000000,12,103066259.572547
