arrival_rate,bp_parameter_L,bp_parameter_H,RMLF_L2_norm_flow_time
22,4.073000,262144,424674.289663
22,4.639000,32768,1096223.436447
22,5.649000,4096,2046844.119681
22,7.918000,512,5388039.454756
22,16.772000,64,11338915.013027
22,30.000000,6,14215747.185898
22,30.000000,9,13646774.105713
22,30.000000,12,12867919.573739
