arrival_rate,bp_parameter_L,bp_parameter_H,RMLF_L2_norm_flow_time
22,4.073000,262144,1087087.294927
22,4.639000,32768,1004548.616859
22,5.649000,4096,2085565.210751
22,7.918000,512,5001874.362584
22,16.772000,64,11527580.877685
22,30.000000,6,14252340.147224
22,30.000000,9,13616810.436058
22,30.000000,12,12959052.611640
