arrival_rate,bp_parameter_L,bp_parameter_H,RMLF_L2_norm_flow_time
24,4.073000,262144,681096.639380
24,4.639000,32768,984286.322268
24,5.649000,4096,1889548.364934
24,7.918000,512,4091958.952784
24,16.772000,64,10725304.901197
24,30.000000,6,13324557.548922
24,30.000000,9,12617288.381464
24,30.000000,12,12154261.046819
