arrival_rate,bp_parameter_L,bp_parameter_H,RMLF_L2_norm_flow_time
24,4.073000,262144,546424.438613
24,4.639000,32768,804198.186618
24,5.649000,4096,1867830.454780
24,7.918000,512,4007098.515710
24,16.772000,64,10561144.294646
24,30.000000,6,13144465.191707
24,30.000000,9,12723857.493567
24,30.000000,12,12002879.883627
