arrival_rate,bp_parameter_L,bp_parameter_H,RMLF_L2_norm_flow_time
24,4.073000,262144,542065.381592
24,4.639000,32768,788586.864364
24,5.649000,4096,1838279.363898
24,7.918000,512,3818110.047660
24,16.772000,64,10432784.751740
24,30.000000,6,13126350.253016
24,30.000000,9,12201158.491505
24,30.000000,12,12110082.765064
