arrival_rate,bp_parameter_L,bp_parameter_H,RMLF_L2_norm_flow_time
24,4.073000,262144,4063675.541929
24,4.639000,32768,4465855.412476
24,5.649000,4096,16103358.229867
24,7.918000,512,32860767.908074
24,16.772000,64,85005347.206169
24,30.000000,6,106042230.452448
24,30.000000,9,100561854.117419
24,30.000000,12,95221822.049675
