arrival_rate,bp_parameter_L,bp_parameter_H,RMLF_L2_norm_flow_time
26,4.073000,262144,319400.406534
26,4.639000,32768,663615.665809
26,5.649000,4096,1540762.433763
26,7.918000,512,3118564.556324
26,16.772000,64,9103830.112019
26,30.000000,6,12402096.398689
26,30.000000,9,12051265.742990
26,30.000000,12,9513922.311581
