arrival_rate,bp_parameter_L,bp_parameter_H,RMLF_L2_norm_flow_time
26,4.073000,262144,436938.855447
26,4.639000,32768,661537.120347
26,5.649000,4096,1045717.426056
26,7.918000,512,3521989.190615
26,16.772000,64,8265222.803128
26,30.000000,6,12405873.432540
26,30.000000,9,11853886.375474
26,30.000000,12,11768275.316590
