arrival_rate,bp_parameter_L,bp_parameter_H,RMLF_L2_norm_flow_time
26,4.073000,262144,358502.741036
26,4.639000,32768,429927.622874
26,5.649000,4096,1408740.782853
26,7.918000,512,3617147.426639
26,16.772000,64,9394001.438982
26,30.000000,6,12439245.036769
26,30.000000,9,11442567.748600
26,30.000000,12,10521822.282331
