arrival_rate,bp_parameter_L,bp_parameter_H,RMLF_L2_norm_flow_time
26,4.073000,262144,211067.184050
26,4.639000,32768,1300752.810524
26,5.649000,4096,1274535.537303
26,7.918000,512,2781722.354565
26,16.772000,64,9340691.223566
26,30.000000,6,12161642.298643
26,30.000000,9,11328333.329377
26,30.000000,12,11016643.503313
