arrival_rate,bp_parameter_L,bp_parameter_H,RMLF_L2_norm_flow_time
26,4.073000,262144,365843.591640
26,4.639000,32768,541884.372628
26,5.649000,4096,1473490.469620
26,7.918000,512,3199438.964259
26,16.772000,64,8483003.433402
26,30.000000,6,12514028.374697
26,30.000000,9,11758215.244188
26,30.000000,12,9734785.741644
