arrival_rate,bp_parameter_L,bp_parameter_H,RMLF_L2_norm_flow_time
28,4.073000,262144,2484539.602829
28,4.639000,32768,4313650.588903
28,5.649000,4096,7909125.886415
28,7.918000,512,17574800.289526
28,16.772000,64,40736728.435444
28,30.000000,6,90463798.836403
28,30.000000,9,64429813.596135
28,30.000000,12,49957535.767585
