arrival_rate,bp_parameter_L,bp_parameter_H,RMLF_L2_norm_flow_time
28,4.073000,262144,227948.561320
28,4.639000,32768,590946.843612
28,5.649000,4096,1257014.210223
28,7.918000,512,2673417.553427
28,16.772000,64,4790738.255802
28,30.000000,6,11196497.813713
28,30.000000,9,7308882.852380
28,30.000000,12,6902204.277533
