arrival_rate,bp_parameter_L,bp_parameter_H,RMLF_L2_norm_flow_time
28,4.073000,262144,138002.208653
28,4.639000,32768,216821.483357
28,5.649000,4096,929330.840058
28,7.918000,512,1926940.369355
28,16.772000,64,5096604.668896
28,30.000000,6,8131346.237050
28,30.000000,9,7346181.577169
28,30.000000,12,7050858.610576
