arrival_rate,bp_parameter_L,bp_parameter_H,RMLF_L2_norm_flow_time
28,4.073000,262144,916843.589009
28,4.639000,32768,1148954.030650
28,5.649000,4096,8102971.105116
28,7.918000,512,17022305.940579
28,16.772000,64,42948975.841670
28,30.000000,6,86910564.694420
28,30.000000,9,59806745.523857
28,30.000000,12,54771300.718708
