arrival_rate,bp_parameter_L,bp_parameter_H,RMLF_L2_norm_flow_time
28,4.073000,262144,287998.383735
28,4.639000,32768,630868.741884
28,5.649000,4096,912225.313172
28,7.918000,512,2239163.921466
28,16.772000,64,5249629.354207
28,30.000000,6,9693221.334370
28,30.000000,9,8014417.341122
28,30.000000,12,4737931.601159
