arrival_rate,bp_parameter_L,bp_parameter_H,RMLF_L2_norm_flow_time
28,4.073000,262144,322844.156043
28,4.639000,32768,427851.063038
28,5.649000,4096,715507.687822
28,7.918000,512,1267503.111227
28,16.772000,64,5487591.540878
28,30.000000,6,10434479.030867
28,30.000000,9,6639922.745840
28,30.000000,12,4677183.798766
