arrival_rate,bp_parameter_L,bp_parameter_H,RMLF_L2_norm_flow_time
28,4.073000,262144,69543.915456
28,4.639000,32768,340198.650462
28,5.649000,4096,701019.853432
28,7.918000,512,2448449.911742
28,16.772000,64,5284598.401586
28,30.000000,6,9778705.390524
28,30.000000,9,8166946.160848
28,30.000000,12,5849016.639345
