arrival_rate,bp_parameter_L,bp_parameter_H,RMLF_L2_norm_flow_time
28,4.073000,262144,214099.899341
28,4.639000,32768,296939.145292
28,5.649000,4096,719120.851512
28,7.918000,512,2278101.441151
28,16.772000,64,5828852.662043
28,30.000000,6,10617408.507727
28,30.000000,9,8391723.482039
28,30.000000,12,5428138.082219
