arrival_rate,bp_parameter_L,bp_parameter_H,RMLF_L2_norm_flow_time
28,4.073000,262144,350301.133893
28,4.639000,32768,226735.103555
28,5.649000,4096,1376863.335811
28,7.918000,512,2357591.689337
28,16.772000,64,4753062.139765
28,30.000000,6,9807710.740060
28,30.000000,9,8099744.262189
28,30.000000,12,5233769.883782
