arrival_rate,bp_parameter_L,bp_parameter_H,RMLF_L2_norm_flow_time
30,4.073000,262144,470278.198671
30,4.639000,32768,84823.414326
30,5.649000,4096,259547.293742
30,7.918000,512,361472.961499
30,16.772000,64,956305.160618
30,30.000000,6,3036024.800392
30,30.000000,9,1783044.645558
30,30.000000,12,1693081.182288
