arrival_rate,bp_parameter_L,bp_parameter_H,RMLF_L2_norm_flow_time
30,4.073000,262144,752134.988146
30,4.639000,32768,176108.222071
30,5.649000,4096,505148.860210
30,7.918000,512,900583.284477
30,16.772000,64,1982672.648567
30,30.000000,6,2131276.985402
30,30.000000,9,3844649.471971
30,30.000000,12,2770492.466551
