arrival_rate,bp_parameter_L,bp_parameter_H,RMLF_L2_norm_flow_time
30,4.073000,262144,133691.812853
30,4.639000,32768,345662.885532
30,5.649000,4096,142867.473902
30,7.918000,512,1682762.665870
30,16.772000,64,1859289.401466
30,30.000000,6,3207975.919401
30,30.000000,9,2881479.565592
30,30.000000,12,1858703.097817
