arrival_rate,bp_parameter_L,bp_parameter_H,RMLF_L2_norm_flow_time
30,4.073000,262144,797991.068983
30,4.639000,32768,2894655.668960
30,5.649000,4096,2094600.360560
30,7.918000,512,8228399.883510
30,16.772000,64,16392099.084978
30,30.000000,6,14423130.677891
30,30.000000,9,20681964.355374
30,30.000000,12,11809179.856011
