arrival_rate,bp_parameter_L,bp_parameter_H,RMLF_L2_norm_flow_time
30,4.073000,262144,1311112.293136
30,4.639000,32768,1506258.610086
30,5.649000,4096,668329.340085
30,7.918000,512,6841248.657713
30,16.772000,64,11249384.611937
30,30.000000,6,27035105.951963
30,30.000000,9,15735924.021114
30,30.000000,12,13861725.276136
