arrival_rate,bp_parameter_L,bp_parameter_H,RMLF_L2_norm_flow_time
30,4.073000,262144,470730.830930
30,4.639000,32768,1203709.322789
30,5.649000,4096,3761488.153546
30,7.918000,512,9306177.810863
30,16.772000,64,14693398.216252
30,30.000000,6,20504617.319933
30,30.000000,9,9965661.803515
30,30.000000,12,11913011.376687
