arrival_rate,bp_parameter_L,bp_parameter_H,RMLF_L2_norm_flow_time
32,4.073000,262144,160883.876451
32,4.639000,32768,78700.648638
32,5.649000,4096,137723.811086
32,7.918000,512,283528.387685
32,16.772000,64,140359.214781
32,30.000000,6,292664.528823
32,30.000000,9,89556.812253
32,30.000000,12,154791.776800
