arrival_rate,bp_parameter_L,bp_parameter_H,RMLF_L2_norm_flow_time
32,4.073000,262144,182613.190263
32,4.639000,32768,86295.833758
32,5.649000,4096,142528.398493
32,7.918000,512,141959.835679
32,16.772000,64,154966.537223
32,30.000000,6,206201.821583
32,30.000000,9,222685.842175
32,30.000000,12,133078.158456
