arrival_rate,bp_parameter_L,bp_parameter_H,RMLF_L2_norm_flow_time
32,4.073000,262144,835894.606815
32,4.639000,32768,923797.104788
32,5.649000,4096,669050.960135
32,7.918000,512,339068.845789
32,16.772000,64,478288.974592
32,30.000000,6,874498.038987
32,30.000000,9,475320.368515
32,30.000000,12,485002.158036
