arrival_rate,bp_parameter_L,bp_parameter_H,RMLF_L2_norm_flow_time
32,4.073000,262144,405884.841551
32,4.639000,32768,354241.515450
32,5.649000,4096,140903.984635
32,7.918000,512,111060.541382
32,16.772000,64,235383.699986
32,30.000000,6,184733.532709
32,30.000000,9,197230.684661
32,30.000000,12,300949.047668
