arrival_rate,bp_parameter_L,bp_parameter_H,RMLF_L2_norm_flow_time
32,4.073000,262144,363063.031782
32,4.639000,32768,1294852.401238
32,5.649000,4096,414978.541177
32,7.918000,512,1275855.834633
32,16.772000,64,351912.157663
32,30.000000,6,605671.867842
32,30.000000,9,526715.822395
32,30.000000,12,306675.804248
