arrival_rate,bp_parameter_L,bp_parameter_H,RMLF_L2_norm_flow_time
32,4.073000,262144,130875.614027
32,4.639000,32768,306428.811496
32,5.649000,4096,201963.716865
32,7.918000,512,259600.526563
32,16.772000,64,117174.099920
32,30.000000,6,225236.023438
32,30.000000,9,150546.687489
32,30.000000,12,147096.661400
