arrival_rate,bp_parameter_L,bp_parameter_H,RMLF_L2_norm_flow_time
32,4.073000,262144,121771.804967
32,4.639000,32768,80091.825088
32,5.649000,4096,486591.190068
32,7.918000,512,106508.103321
32,16.772000,64,247887.069520
32,30.000000,6,500473.815180
32,30.000000,9,176883.830035
32,30.000000,12,101583.203336
