arrival_rate,bp_parameter_L,bp_parameter_H,RMLF_L2_norm_flow_time
34,4.073000,262144,90960.440610
34,4.639000,32768,68540.669518
34,5.649000,4096,340757.172300
34,7.918000,512,123038.703809
34,16.772000,64,53157.733981
34,30.000000,6,120197.141734
34,30.000000,9,95393.155032
34,30.000000,12,65847.032910
