arrival_rate,bp_parameter_L,bp_parameter_H,RMLF_L2_norm_flow_time
34,4.073000,262144,693070.335388
34,4.639000,32768,120994.818517
34,5.649000,4096,83139.140349
34,7.918000,512,57190.368962
34,16.772000,64,57640.654689
34,30.000000,6,69340.390567
34,30.000000,9,108761.515533
34,30.000000,12,79689.594132
