arrival_rate,bp_parameter_L,bp_parameter_H,RMLF_L2_norm_flow_time
34,4.073000,262144,439045.553508
34,4.639000,32768,408393.120543
34,5.649000,4096,209790.769254
34,7.918000,512,157121.334656
34,16.772000,64,167038.908345
34,30.000000,6,207899.304467
34,30.000000,9,155156.067468
34,30.000000,12,213183.912111
