arrival_rate,bp_parameter_L,bp_parameter_H,RMLF_L2_norm_flow_time
34,4.073000,262144,163495.747926
34,4.639000,32768,68697.823459
34,5.649000,4096,77627.231491
34,7.918000,512,107845.957138
34,16.772000,64,63654.878179
34,30.000000,6,82195.054486
34,30.000000,9,71514.512164
34,30.000000,12,63605.366613
