arrival_rate,bp_parameter_L,bp_parameter_H,RMLF_L2_norm_flow_time
36,4.073000,262144,359833.489354
36,4.639000,32768,205011.996903
36,5.649000,4096,223359.429329
36,7.918000,512,159751.768097
36,16.772000,64,86144.293874
36,30.000000,6,127518.826924
36,30.000000,9,106170.671143
36,30.000000,12,86351.822297
