arrival_rate,bp_parameter_L,bp_parameter_H,RMLF_L2_norm_flow_time
36,4.073000,262144,338697.690186
36,4.639000,32768,134468.607771
36,5.649000,4096,81425.016991
36,7.918000,512,37028.602769
36,16.772000,64,36403.316923
36,30.000000,6,87937.431638
36,30.000000,9,56764.231881
36,30.000000,12,54583.688727
