arrival_rate,bp_parameter_L,bp_parameter_H,RMLF_L2_norm_flow_time
36,4.073000,262144,1640507.027367
36,4.639000,32768,493086.869108
36,5.649000,4096,318671.364661
36,7.918000,512,129474.072099
36,16.772000,64,93675.978773
36,30.000000,6,122871.461959
36,30.000000,9,125256.517699
36,30.000000,12,100380.850086
