arrival_rate,bp_parameter_L,bp_parameter_H,RMLF_L2_norm_flow_time
36,4.073000,262144,207429.349464
36,4.639000,32768,176116.634265
36,5.649000,4096,77884.465145
36,7.918000,512,40914.577891
36,16.772000,64,41029.502800
36,30.000000,6,56651.619597
36,30.000000,9,54523.831413
36,30.000000,12,36187.601192
