arrival_rate,bp_parameter_L,bp_parameter_H,RMLF_L2_norm_flow_time
38,4.073000,262144,346401.935130
38,4.639000,32768,621373.317912
38,5.649000,4096,140530.576299
38,7.918000,512,84539.596900
38,16.772000,64,70812.532789
38,30.000000,6,85989.402923
38,30.000000,9,76844.929722
38,30.000000,12,69110.417319
