arrival_rate,bp_parameter_L,bp_parameter_H,RMLF_L2_norm_flow_time
38,4.073000,262144,441555.386107
38,4.639000,32768,228023.822387
38,5.649000,4096,139136.462938
38,7.918000,512,82477.489614
38,16.772000,64,60953.542612
38,30.000000,6,80109.044826
38,30.000000,9,72140.439949
38,30.000000,12,70422.678400
