arrival_rate,bp_parameter_L,bp_parameter_H,RMLF_L2_norm_flow_time
40,4.073000,262144,104793.508334
40,4.639000,32768,65337.122396
40,5.649000,4096,61401.560363
40,7.918000,512,28964.751509
40,16.772000,64,22974.812121
40,30.000000,6,29983.476166
40,30.000000,9,32939.813099
40,30.000000,12,24649.158809
