arrival_rate,bp_parameter_L,bp_parameter_H,RMLF_L2_norm_flow_time
40,4.073000,262144,395310.621591
40,4.639000,32768,90156.481764
40,5.649000,4096,61331.925324
40,7.918000,512,31126.956067
40,16.772000,64,23439.941340
40,30.000000,6,28934.909625
40,30.000000,9,24296.720334
40,30.000000,12,29425.277365
