arrival_rate,bp_parameter_L,bp_parameter_H,RMLF_L2_norm_flow_time
40,4.073000,262144,1029383.087882
40,4.639000,32768,173801.558411
40,5.649000,4096,142261.278885
40,7.918000,512,65230.415030
40,16.772000,64,50753.973608
40,30.000000,6,58762.930917
40,30.000000,9,52064.535943
40,30.000000,12,60578.811329
