arrival_rate,bp_parameter_L,bp_parameter_H,RMLF_L2_norm_flow_time
40,4.073000,262144,89302.134179
40,4.639000,32768,66497.296629
40,5.649000,4096,54728.234943
40,7.918000,512,49670.328658
40,16.772000,64,27305.505379
40,30.000000,6,35462.204838
40,30.000000,9,26455.688084
40,30.000000,12,25174.717059
