arrival_rate,bp_parameter_L,bp_parameter_H,RMLF_L2_norm_flow_time
40,4.073000,262144,40696.471972
40,4.639000,32768,93824.585541
40,5.649000,4096,32536.863278
40,7.918000,512,28915.180062
40,16.772000,64,24338.002301
40,30.000000,6,32433.469673
40,30.000000,9,27381.128885
40,30.000000,12,29898.999900
