arrival_rate,bp_parameter_L,bp_parameter_H,RMLF_L2_norm_flow_time
40,4.073000,262144,83658.668122
40,4.639000,32768,51158.190449
40,5.649000,4096,54758.493067
40,7.918000,512,35616.704732
40,16.772000,64,28174.779254
40,30.000000,6,29096.531443
40,30.000000,9,32453.417586
40,30.000000,12,28871.844001
