arrival_rate,bp_parameter_L,bp_parameter_H,RMLF_L2_norm_flow_time
40,4.073000,262144,479222.788041
40,4.639000,32768,251553.990437
40,5.649000,4096,164965.907990
40,7.918000,512,81820.179895
40,16.772000,64,46901.984404
40,30.000000,6,64449.798844
40,30.000000,9,57654.223228
40,30.000000,12,53294.575549
