arrival_rate,bp_parameter_L,bp_parameter_H,RMLF_L2_norm_flow_time
40,4.073000,262144,554702.740261
40,4.639000,32768,455502.655260
40,5.649000,4096,130940.807570
40,7.918000,512,70883.333464
40,16.772000,64,48514.376715
40,30.000000,6,70193.994180
40,30.000000,9,61969.959545
40,30.000000,12,58591.900370
