arrival_rate,bp_parameter_L,bp_parameter_H,RFDynamic_njobs100_mode1_L2_norm_flow_time,RFDynamic_njobs100_mode2_L2_norm_flow_time,RFDynamic_njobs100_mode3_L2_norm_flow_time,RFDynamic_njobs100_mode4_L2_norm_flow_time,RFDynamic_njobs100_mode5_L2_norm_flow_time,RFDynamic_njobs100_mode6_L2_norm_flow_time
20,4.639000,32768,13416284.484073,7855922.921773,2465556.690756,2468976.153557,2474170.364797,2462152.041340
20,4.073000,262144,9199297.171067,4435525.050324,2519979.119847,1158146.322660,1158298.228116,1157817.121583
20,7.918000,512,19561113.085442,15639325.563779,13036431.357540,12622914.242060,12622906.700133,12623061.511114
20,5.649000,4096,12795619.649805,6405130.412397,5514792.257288,5511441.295828,5513103.448549,5511187.323577
20,30.000000,6,47864757.246603,47864757.246603,47864757.246603,47864757.246603,47864757.246603,47864757.246603
20,16.772000,64,48652061.216177,48652061.216177,48652061.216177,48652061.216177,48652061.216177,48652061.216177
20,30.000000,12,47740558.604094,47740558.604094,47740558.604094,47740558.604094,47740558.604094,47740558.604094
20,30.000000,9,48398848.083067,48398848.083067,48398848.083067,48398848.083067,48398848.083067,48398848.083067
