arrival_rate,bp_parameter_L,bp_parameter_H,RFDynamic_njobs100_mode1_L2_norm_flow_time,RFDynamic_njobs100_mode2_L2_norm_flow_time,RFDynamic_njobs100_mode3_L2_norm_flow_time,RFDynamic_njobs100_mode4_L2_norm_flow_time,RFDynamic_njobs100_mode5_L2_norm_flow_time,RFDynamic_njobs100_mode6_L2_norm_flow_time
20,4.073000,262144,8018513.609010,3031576.209059,740154.679202,739570.225382,757427.262005,739583.043266
20,4.639000,32768,12568865.877545,5229661.592409,2284547.233467,2277573.764177,2287132.548737,2276462.477512
20,5.649000,4096,13891435.854253,7827060.807453,5485077.561352,5483147.457494,5484614.383608,5481553.874295
20,7.918000,512,20257958.680532,15102156.834688,12317129.267267,11792971.035610,11793080.363276,11792473.136685
20,30.000000,12,48474274.001272,48474274.001272,48474274.001272,48474274.001272,48474274.001272,48474274.001272
20,30.000000,6,49036998.973671,49036998.973671,49036998.973671,49036998.973671,49036998.973671,49036998.973671
20,16.772000,64,48703779.996815,48703779.996815,48703779.996815,48703779.996815,48703779.996815,48703779.996815
20,30.000000,9,49671554.711587,49671554.711587,49671554.711587,49671554.711587,49671554.711587,49671554.711587
