arrival_rate,bp_parameter_L,bp_parameter_H,RFDynamic_njobs100_mode1_L2_norm_flow_time,RFDynamic_njobs100_mode2_L2_norm_flow_time,RFDynamic_njobs100_mode3_L2_norm_flow_time,RFDynamic_njobs100_mode4_L2_norm_flow_time,RFDynamic_njobs100_mode5_L2_norm_flow_time,RFDynamic_njobs100_mode6_L2_norm_flow_time
20,4.639000,32768,11735509.183493,9602163.239908,2253783.481347,2254375.682291,2257627.922909,2254321.683099
20,5.649000,4096,15712545.193808,7793334.786207,5541567.968480,4826091.000121,4829041.598281,4829527.575747
20,4.073000,262144,9834250.505082,910317.041338,908921.207387,909000.381054,910345.251849,909013.519898
20,7.918000,512,20561203.476362,15217594.972831,12742945.779038,12161174.582622,12149112.010774,12149041.883185
20,30.000000,6,48373250.227764,48373250.227764,48373250.227764,48373250.227764,48373250.227764,48373250.227764
20,16.772000,64,47456914.011201,47456914.011201,47456914.011201,47456914.011201,47456914.011201,47456914.011201
20,30.000000,9,48189191.347584,48189191.347584,48189191.347584,48189191.347584,48189191.347584,48189191.347584
20,30.000000,12,48932522.320970,48932522.320970,48932522.320970,48932522.320970,48932522.320970,48932522.320970
