arrival_rate,bp_parameter_L,bp_parameter_H,RFDynamic_njobs100_mode1_L2_norm_flow_time,RFDynamic_njobs100_mode2_L2_norm_flow_time,RFDynamic_njobs100_mode3_L2_norm_flow_time,RFDynamic_njobs100_mode4_L2_norm_flow_time,RFDynamic_njobs100_mode5_L2_norm_flow_time,RFDynamic_njobs100_mode6_L2_norm_flow_time
22,4.639000,32768,14712835.535736,2017851.607631,2018010.886261,2018986.909810,2018005.686043,2027898.301129
22,4.073000,262144,8317912.727316,4107507.204287,466157.817574,469756.555983,469829.557514,469630.414020
22,5.649000,4096,10654606.632492,5868631.118480,3070988.490792,3073665.945028,3076644.726908,3077266.917426
22,7.918000,512,16852578.066616,12626330.299219,8976274.480553,8583311.875445,8583840.509643,8584627.029365
22,16.772000,64,38231763.583353,38231763.583353,38231763.583353,38231763.583353,38231763.583353,38231763.583353
22,30.000000,6,38466244.296470,38466244.296470,38466244.296470,38466244.296470,38466244.296470,38466244.296470
22,30.000000,9,40162886.804109,40162886.804109,40162886.804109,40162886.804109,40162886.804109,40162886.804109
22,30.000000,12,39731179.984428,39731179.984428,39731179.984428,39731179.984428,39731179.984428,39731179.984428
