arrival_rate,bp_parameter_L,bp_parameter_H,RFDynamic_njobs100_mode1_L2_norm_flow_time,RFDynamic_njobs100_mode2_L2_norm_flow_time,RFDynamic_njobs100_mode3_L2_norm_flow_time,RFDynamic_njobs100_mode4_L2_norm_flow_time,RFDynamic_njobs100_mode5_L2_norm_flow_time,RFDynamic_njobs100_mode6_L2_norm_flow_time
24,4.073000,262144,7434782.753783,3111593.203367,368729.129845,368658.008469,368653.647185,368569.137828
24,4.639000,32768,1705372.818406,559970.674801,329923.107230,278438.163223,279208.959457,278526.505600
24,5.649000,4096,9096690.191881,4469554.253578,2592508.404000,2586224.049368,2599293.089174,2588013.985987
24,7.918000,512,14112323.989822,10351733.612901,7067831.067959,6102668.000340,6102833.091682,6102857.884837
24,30.000000,6,29986785.109698,29986785.109698,29986785.109698,29986785.109698,29986785.109698,29986785.109698
24,30.000000,12,30645625.110192,30645625.110192,30645625.110192,30645625.110192,30645625.110192,30645625.110192
24,30.000000,9,30055390.743693,30055390.743693,30055390.743693,30055390.743693,30055390.743693,30055390.743693
24,16.772000,64,30081015.889401,30081015.889401,30081015.889401,30081015.889401,30081015.889401,30081015.889401
