arrival_rate,bp_parameter_L,bp_parameter_H,RFDynamic_njobs100_mode1_L2_norm_flow_time,RFDynamic_njobs100_mode2_L2_norm_flow_time,RFDynamic_njobs100_mode3_L2_norm_flow_time,RFDynamic_njobs100_mode4_L2_norm_flow_time,RFDynamic_njobs100_mode5_L2_norm_flow_time,RFDynamic_njobs100_mode6_L2_norm_flow_time
24,4.073000,262144,8292445.238781,1553867.590008,580995.003224,581007.683968,580893.290819,580897.508694
24,4.639000,32768,5396824.931158,925585.319590,891211.343925,889836.385983,900179.731269,889584.910360
24,5.649000,4096,7427466.921575,3629954.529444,2018841.751531,2022172.042435,2022623.470056,2018173.425970
24,7.918000,512,11220903.907201,8599577.508116,5447475.243487,5447582.281768,5448869.421415,5448345.040267
24,30.000000,9,29518422.053448,29518422.053448,29518422.053448,29518422.053448,29518422.053448,29518422.053448
24,16.772000,64,29848698.218745,29848698.218745,29848698.218745,29848698.218745,29848698.218745,29848698.218745
24,30.000000,6,30164602.480814,30164602.480814,30164602.480814,30164602.480814,30164602.480814,30164602.480814
24,30.000000,12,29688788.847619,29688788.847619,29688788.847619,29688788.847619,29688788.847619,29688788.847619
