arrival_rate,bp_parameter_L,bp_parameter_H,RFDynamic_njobs100_mode1_L2_norm_flow_time,RFDynamic_njobs100_mode2_L2_norm_flow_time,RFDynamic_njobs100_mode3_L2_norm_flow_time,RFDynamic_njobs100_mode4_L2_norm_flow_time,RFDynamic_njobs100_mode5_L2_norm_flow_time,RFDynamic_njobs100_mode6_L2_norm_flow_time
30,4.639000,32768,3390080.207086,1129202.170596,295312.618593,291586.327867,291762.139322,291678.117654
30,4.073000,262144,673052.562107,349693.179826,192575.297668,113702.541493,113687.678167,113708.405578
30,5.649000,4096,623666.475884,194259.347999,130498.818443,130528.443624,130529.861400,130486.553047
30,30.000000,12,2133975.149927,2133975.149927,2133975.149927,2133975.149927,2133975.149927,2133975.149927
30,30.000000,9,3745804.612897,3745804.612897,3745804.612897,3745804.612897,3745804.612897,3745804.612897
30,30.000000,6,1812542.184165,1812542.184165,1812542.184165,1812542.184165,1812542.184165,1812542.184165
30,16.772000,64,2939274.763359,2939274.763359,2939274.763359,2939274.763359,2939274.763359,2939274.763359
30,7.918000,512,1266283.086496,852302.781173,446670.456124,427098.985295,426569.716570,426585.981793
