arrival_rate,bp_parameter_L,bp_parameter_H,RFDynamic_njobs100_mode1_L2_norm_flow_time,RFDynamic_njobs100_mode2_L2_norm_flow_time,RFDynamic_njobs100_mode3_L2_norm_flow_time,RFDynamic_njobs100_mode4_L2_norm_flow_time,RFDynamic_njobs100_mode5_L2_norm_flow_time,RFDynamic_njobs100_mode6_L2_norm_flow_time
32,4.073000,262144,1951396.909709,238495.229200,193544.987639,193532.205813,193662.192857,193604.877335
32,5.649000,4096,251380.153007,165652.922114,86399.724942,86479.713338,103135.101353,86352.896147
32,4.639000,32768,535884.429184,83709.513211,78474.460654,78428.389656,78430.650820,78409.998221
32,30.000000,12,106260.702689,106260.702689,106260.702689,106260.702689,106260.702689,106260.702689
32,7.918000,512,138995.720168,110774.674078,105622.686299,102871.316221,102885.171065,102858.746439
32,30.000000,9,102703.328018,102703.328018,102703.328018,102703.328018,102703.328018,102703.328018
32,16.772000,64,93100.970446,93100.970446,93100.970446,93100.970446,93100.970446,93100.970446
32,30.000000,6,85310.610917,85310.610917,85310.610917,85310.610917,85310.610917,85310.610917
