arrival_rate,bp_parameter_L,bp_parameter_H,RFDynamic_njobs100_mode1_L2_norm_flow_time,RFDynamic_njobs100_mode2_L2_norm_flow_time,RFDynamic_njobs100_mode3_L2_norm_flow_time,RFDynamic_njobs100_mode4_L2_norm_flow_time,RFDynamic_njobs100_mode5_L2_norm_flow_time,RFDynamic_njobs100_mode6_L2_norm_flow_time
32,4.073000,262144,2072852.996562,993468.937109,141721.645058,141726.000840,141737.199948,141744.410687
32,5.649000,4096,316035.403082,165878.322203,95356.648185,95349.112099,95498.455789,95349.249850
32,30.000000,9,100603.636142,100603.636142,100603.636142,100603.636142,100603.636142,100603.636142
32,7.918000,512,99880.401977,90772.750741,90129.630422,89931.610377,89967.949438,89952.692178
32,16.772000,64,119081.293716,119081.293716,119081.293716,119081.293716,119081.293716,119081.293716
32,30.000000,12,119505.206594,119505.206594,119505.206594,119505.206594,119505.206594,119505.206594
32,4.639000,32768,841655.439104,289767.941210,123952.477567,123994.553723,124293.642010,121747.462807
32,30.000000,6,129971.755751,129971.755751,129971.755751,129971.755751,129971.755751,129971.755751
