arrival_rate,bp_parameter_L,bp_parameter_H,RFDynamic_njobs100_mode1_L2_norm_flow_time,RFDynamic_njobs100_mode2_L2_norm_flow_time,RFDynamic_njobs100_mode3_L2_norm_flow_time,RFDynamic_njobs100_mode4_L2_norm_flow_time,RFDynamic_njobs100_mode5_L2_norm_flow_time,RFDynamic_njobs100_mode6_L2_norm_flow_time
32,4.073000,262144,1886062.271978,1034860.716054,144673.024275,144686.504008,144657.226314,144686.992556
32,4.639000,32768,397027.829031,92428.066165,77542.957901,77505.781578,77567.659962,77564.623992
32,5.649000,4096,199250.273849,86686.851206,86466.203918,86540.677447,86456.137006,86460.639606
32,7.918000,512,162429.716718,130289.600686,115374.617542,114378.167064,114487.868244,114434.538156
32,30.000000,12,118555.501762,118555.501762,118555.501762,118555.501762,118555.501762,118555.501762
32,30.000000,6,93001.451569,93001.451569,93001.451569,93001.451569,93001.451569,93001.451569
32,16.772000,64,96382.289281,96382.289281,96382.289281,96382.289281,96382.289281,96382.289281
32,30.000000,9,108004.281161,108004.281161,108004.281161,108004.281161,108004.281161,108004.281161
