arrival_rate,bp_parameter_L,bp_parameter_H,RFDynamic_njobs100_mode1_L2_norm_flow_time,RFDynamic_njobs100_mode2_L2_norm_flow_time,RFDynamic_njobs100_mode3_L2_norm_flow_time,RFDynamic_njobs100_mode4_L2_norm_flow_time,RFDynamic_njobs100_mode5_L2_norm_flow_time,RFDynamic_njobs100_mode6_L2_norm_flow_time
34,4.639000,32768,1011614.953672,440433.230583,113978.709894,114048.546562,356149.517933,113992.743936
34,30.000000,12,47620.594221,47620.594221,47620.594221,47620.594221,47620.594221,47620.594221
34,4.073000,262144,3722430.534429,2045251.679434,184260.332956,184372.331390,206050.953934,184241.167189
34,5.649000,4096,118736.471604,76274.826922,75034.533729,75045.364734,75009.289185,75011.288470
34,30.000000,9,46969.003151,46969.003151,46969.003151,46969.003151,46969.003151,46969.003151
34,16.772000,64,53199.701268,53199.701268,53199.701268,53199.701268,53199.701268,53199.701268
34,7.918000,512,85861.496347,82047.464696,81979.210084,81975.132235,82078.424028,81926.355387
34,30.000000,6,50299.970338,50299.970338,50299.970338,50299.970338,50299.970338,50299.970338
