arrival_rate,bp_parameter_L,bp_parameter_H,RFDynamic_njobs100_mode1_L2_norm_flow_time,RFDynamic_njobs100_mode2_L2_norm_flow_time,RFDynamic_njobs100_mode3_L2_norm_flow_time,RFDynamic_njobs100_mode4_L2_norm_flow_time,RFDynamic_njobs100_mode5_L2_norm_flow_time,RFDynamic_njobs100_mode6_L2_norm_flow_time
36,4.639000,32768,550457.229425,169020.773244,95989.698749,95909.835961,95991.188559,95986.762098
36,4.073000,262144,1481747.191976,419016.992207,161818.536247,161712.759320,161765.596404,161773.539187
36,30.000000,12,31528.211954,31528.211954,31528.211954,31528.211954,31528.211954,31528.211954
36,30.000000,9,28968.301607,28968.301607,28968.301607,28968.301607,28968.301607,28968.301607
36,5.649000,4096,103526.533797,74399.308874,74237.649579,74235.877330,76442.046094,68877.134370
36,7.918000,512,69115.279982,67301.043201,67147.690020,67136.872298,67155.085950,67163.785130
36,30.000000,6,29826.316199,29826.316199,29826.316199,29826.316199,29826.316199,29826.316199
36,16.772000,64,33362.439344,33362.439344,33362.439344,33362.439344,33362.439344,33362.439344
