arrival_rate,bp_parameter_L,bp_parameter_H,RFDynamic_njobs100_mode1_L2_norm_flow_time,RFDynamic_njobs100_mode2_L2_norm_flow_time,RFDynamic_njobs100_mode3_L2_norm_flow_time,RFDynamic_njobs100_mode4_L2_norm_flow_time,RFDynamic_njobs100_mode5_L2_norm_flow_time,RFDynamic_njobs100_mode6_L2_norm_flow_time
36,4.073000,262144,619268.741408,382252.695011,93116.579050,93210.638025,93204.965528,93114.145295
36,4.639000,32768,622124.883875,129547.376095,84846.491648,84839.987971,85612.412085,84832.203072
36,30.000000,12,30341.979780,30341.979780,30341.979780,30341.979780,30341.979780,30341.979780
36,16.772000,64,31334.620677,31334.620677,31334.620677,31334.620677,31334.620677,31334.620677
36,5.649000,4096,72830.143945,58941.626734,58561.959991,58560.588513,58528.606450,58428.152042
36,30.000000,6,28958.540018,28958.540018,28958.540018,28958.540018,28958.540018,28958.540018
36,30.000000,9,33458.752248,33458.752248,33458.752248,33458.752248,33458.752248,33458.752248
36,7.918000,512,65212.265127,63301.442369,63200.610250,63100.062559,63097.743367,63100.034168
