arrival_rate,bp_parameter_L,bp_parameter_H,RFDynamic_njobs100_mode1_L2_norm_flow_time,RFDynamic_njobs100_mode2_L2_norm_flow_time,RFDynamic_njobs100_mode3_L2_norm_flow_time,RFDynamic_njobs100_mode4_L2_norm_flow_time,RFDynamic_njobs100_mode5_L2_norm_flow_time,RFDynamic_njobs100_mode6_L2_norm_flow_time
38,4.073000,262144,457013.116311,93798.355545,93302.338443,93668.551051,93663.595142,93275.575983
38,4.639000,32768,184209.135363,89492.447290,83762.077123,83743.408941,83749.180050,83750.264059
38,30.000000,9,23795.941461,23795.941461,23795.941461,23795.941461,23795.941461,23795.941461
38,30.000000,6,23965.879370,23965.879370,23965.879370,23965.879370,23965.879370,23965.879370
38,16.772000,64,25845.127897,25845.127897,25845.127897,25845.127897,25845.127897,25845.127897
38,30.000000,12,25156.168647,25156.168647,25156.168647,25156.168647,25156.168647,25156.168647
38,5.649000,4096,97488.651499,67485.734967,63490.223389,63428.106396,63439.228235,63443.675012
38,7.918000,512,58923.166412,58620.983086,58218.967777,58221.252031,58229.950051,58218.931277
