arrival_rate,bp_parameter_L,bp_parameter_H,RFDynamic_njobs100_mode1_L2_norm_flow_time,RFDynamic_njobs100_mode2_L2_norm_flow_time,RFDynamic_njobs100_mode3_L2_norm_flow_time,RFDynamic_njobs100_mode4_L2_norm_flow_time,RFDynamic_njobs100_mode5_L2_norm_flow_time,RFDynamic_njobs100_mode6_L2_norm_flow_time
40,4.639000,32768,243634.836464,70179.746644,70223.294397,70132.043119,70137.346065,70099.889850
40,30.000000,9,20739.412624,20739.412624,20739.412624,20739.412624,20739.412624,20739.412624
40,4.073000,262144,402946.683870,323409.309322,312435.738130,92884.818313,92158.417152,91961.633326
40,30.000000,12,23161.498505,23161.498505,23161.498505,23161.498505,23161.498505,23161.498505
40,16.772000,64,21029.483446,21029.483446,21029.483446,21029.483446,21029.483446,21029.483446
40,5.649000,4096,90805.111288,67108.380870,67042.421257,67029.737080,66984.793439,67014.371212
40,30.000000,6,20630.232839,20630.232839,20630.232839,20630.232839,20630.232839,20630.232839
40,7.918000,512,52291.959898,51980.044777,51062.173818,51049.715122,50890.232776,51024.286923
