arrival_rate,bp_parameter_L,bp_parameter_H,RFDynamic_njobs100_mode1_L2_norm_flow_time,RFDynamic_njobs100_mode2_L2_norm_flow_time,RFDynamic_njobs100_mode3_L2_norm_flow_time,RFDynamic_njobs100_mode4_L2_norm_flow_time,RFDynamic_njobs100_mode5_L2_norm_flow_time,RFDynamic_njobs100_mode6_L2_norm_flow_time
40,4.073000,262144,2908707.539681,2148606.647587,207582.996096,207881.282654,207742.111412,207745.678951
40,7.918000,512,50886.743863,50562.434396,50373.865784,50365.398787,50367.198175,50355.395848
40,16.772000,64,21610.644345,21610.644345,21610.644345,21610.644345,21610.644345,21610.644345
40,5.649000,4096,74146.192822,58888.023774,56731.362437,56724.733292,58051.173166,56726.560983
40,30.000000,12,22169.486507,22169.486507,22169.486507,22169.486507,22169.486507,22169.486507
40,30.000000,9,20963.272621,20963.272621,20963.272621,20963.272621,20963.272621,20963.272621
40,30.000000,6,20002.680795,20002.680795,20002.680795,20002.680795,20002.680795,20002.680795
40,4.639000,32768,513396.933293,205113.459115,96574.007021,96527.189947,218847.352881,96703.005434
