arrival_rate,RR_L2_Norm,SRPT_L2_Norm,SETF_L2_Norm,FCFS_L2_Norm,RMLF_L2_Norm
24,26080.718625068595,7092.706535589922,14157.08200866266,12381.598887058166,11632.616472659967
