arrival_rate,RR_L2_Norm,SRPT_L2_Norm,SETF_L2_Norm,FCFS_L2_Norm,RMLF_L2_Norm
22,21757.959601028768,7432.749962160708,13322.83682253896,8894.637373159178,12456.498785774436
