arrival_rate,RR_L2_Norm,SRPT_L2_Norm,SETF_L2_Norm,FCFS_L2_Norm,RMLF_L2_Norm
40,27734.93571292351,3030.2886001171573,5749.8799987478,4215.3740047592455,5805.781945612494
