arrival_rate,RR_L2_Norm,SRPT_L2_Norm,SETF_L2_Norm,FCFS_L2_Norm,RMLF_L2_Norm
36,45103.835657291944,8480.088737743255,12775.055303207106,25573.68231209577,12191.504501085992
