arrival_rate,RR_L2_Norm,SRPT_L2_Norm,SETF_L2_Norm,FCFS_L2_Norm,RMLF_L2_Norm
38,34005.36476793037,13443.283043959165,23003.208211030043,12907.30723272674,21084.149235859626
