arrival_rate,bp_parameter,RR_L2_Norm,SRPT_L2_Norm,SETF_L2_Norm,FCFS_L2_Norm,RMLF_L2_Norm
28,"{'L': 16.772, 'H': 64}",17049739.41331043,2617004.4483277057,6229942.625211408,1108312.2692350743,4291402.724561326
28,"{'L': 7.918, 'H': 512}",16389400.934925105,116145.78878719624,267948.0109685459,143655.7852611582,230166.74718955532
28,"{'L': 5.649, 'H': 4096}",17384175.58032333,266620.6491853172,599268.3461972608,955035.3350347828,525037.6641777322
28,"{'L': 4.639, 'H': 32768}",19317228.160177562,295237.85992145387,473488.7143322426,3364207.6823253646,490913.9771684124
28,"{'L': 4.073, 'H': 262144}",18840904.10870561,228337.02833530965,252823.19640017214,3338510.3122277455,257991.51831355676
