arrival_rate,bp_parameter,RR_L2_Norm,SRPT_L2_Norm,SETF_L2_Norm,FCFS_L2_Norm,RMLF_L2_Norm
24,"{'L': 16.772, 'H': 64}",536130.6306451815,144948.46956763635,308339.18983807426,95399.76499971056,284171.6150726529
24,"{'L': 7.918, 'H': 512}",502048.15298236086,54017.405000610685,108821.57045365592,64069.00357427139,104546.92470847719
24,"{'L': 5.649, 'H': 4096}",458415.4028804006,9352.860043858242,14811.277561371942,17307.50608839991,14671.82752761223
24,"{'L': 4.639, 'H': 32768}",774497.008953553,51688.01968541647,66075.68738953838,343488.28807544516,66750.92013598015
24,"{'L': 4.073, 'H': 262144}",486645.1684307571,11941.746229090619,14911.207563440326,48478.16998402477,15169.720630255522
