arrival_rate,RR_L2_Norm,SRPT_L2_Norm,SETF_L2_Norm,FCFS_L2_Norm,RMLF_L2_Norm
30,981038.242402405,217616.00115800308,485134.6969193195,439134.44551071146,377255.71178048453
