arrival_rate,bp_parameter_L,bp_parameter_H,Dynamic_BAL_njobs1_mode1_L2_norm_flow_time
24,4.073000,262144,18509.097601
24,4.639000,32768,69485.460767
24,5.649000,4096,40404.451586
24,7.918000,512,57251.537988
24,16.772000,64,137151.951536
