arrival_rate,bp_parameter_L,bp_parameter_H,Dynamic_BAL_njobs1_mode1_L2_norm_flow_time
26,4.639000,32768,33896.946087
26,16.772000,64,60764.644293
26,4.073000,262144,9571.088235
26,5.649000,4096,37606.640890
26,7.918000,512,86079.921980
