arrival_rate,bp_parameter_L,bp_parameter_H,Dynamic_BAL_njobs1_mode1_L2_norm_flow_time
36,5.649000,4096,3666.569377
36,4.073000,262144,19272.938800
36,7.918000,512,8146.862832
36,4.639000,32768,13312.160418
36,16.772000,64,6015.221525
