arrival_rate,bp_parameter_L,bp_parameter_H,SRPT_L2_norm_flow_time
20,13.000000,262144,82706296.430976
20,15.300000,32768,104818141.665079
20,19.700000,4096,142194388.648535
20,32.300000,512,224158079.974989
