arrival_rate,bp_parameter_L,bp_parameter_H,SRPT_L2_norm_flow_time
20,13.000000,262144,340769.059017
20,15.300000,32768,163763.195807
20,19.700000,4096,500528.345852
20,32.300000,512,718265.436552
