arrival_rate,bp_parameter_L,bp_parameter_H,SRPT_L2_norm_flow_time
20,13.000000,262144,10405851.622843
20,15.300000,32768,13053708.147728
20,19.700000,4096,17720044.041401
20,32.300000,512,28376866.449095
20,90.000000,18,40164770.304972
20,90.000000,27,38097990.137722
20,90.000000,36,36573924.940321
