arrival_rate,bp_parameter_L,bp_parameter_H,SRPT_L2_norm_flow_time
20,13.000000,262144,84251623.519231
20,15.300000,32768,102559880.354792
20,19.700000,4096,143231546.279434
20,32.300000,512,222925309.182437
20,90.000000,18,320638185.985523
20,90.000000,27,305352522.211097
20,90.000000,36,292620033.520066
20,300.000000,150,33454053.612539
20,1500.000000,600,183399000.155564
20,8000.000000,3000,983945977.121156
