arrival_rate,bp_parameter_L,bp_parameter_H,SRPT_L2_norm_flow_time
20,13.000000,262144,82751483.200930
20,15.300000,32768,105262319.788848
20,19.700000,4096,143066056.142127
20,32.300000,512,223511976.789926
20,90.000000,18,320773060.226388
20,90.000000,27,306985180.391192
20,90.000000,36,291697247.273579
20,300.000000,150,33862470.182458
20,1500.000000,600,182908910.841127
20,8000.000000,3000,988779347.041423
