arrival_rate,bp_parameter_L,bp_parameter_H,SRPT_L2_norm_flow_time
20,13.000000,262144,10190204.193157
20,15.300000,32768,12760666.250599
20,19.700000,4096,18050909.432431
20,32.300000,512,27521870.056676
20,90.000000,18,40127458.414690
20,90.000000,27,37940151.374497
20,90.000000,36,36200459.113301
