arrival_rate,bp_parameter_L,bp_parameter_H,SRPT_L2_norm_flow_time
20,13.000000,262144,448312.806489
20,15.300000,32768,350913.568735
20,19.700000,4096,204772.026512
20,32.300000,512,540829.190398
