arrival_rate,bp_parameter_L,bp_parameter_H,SRPT_L2_norm_flow_time
20,13.000000,262144,10267247.363339
20,15.300000,32768,13028602.318186
20,19.700000,4096,18068888.723782
20,32.300000,512,27976611.436662
20,90.000000,18,39974937.039286
20,90.000000,27,38606649.010249
20,90.000000,36,36669293.631593
