arrival_rate,bp_parameter_L,bp_parameter_H,SRPT_L2_norm_flow_time
22,13.000000,262144,77500475.835390
22,15.300000,32768,98722548.176270
22,19.700000,4096,138214323.402701
22,32.300000,512,217813741.319321
