arrival_rate,bp_parameter_L,bp_parameter_H,SRPT_L2_norm_flow_time
22,13.000000,262144,410328.977144
22,15.300000,32768,363006.764504
22,19.700000,4096,63164.953526
22,32.300000,512,471989.878675
