arrival_rate,bp_parameter_L,bp_parameter_H,SRPT_L2_norm_flow_time
22,13.000000,262144,9774050.024378
22,15.300000,32768,12382412.790447
22,19.700000,4096,16797940.383195
22,32.300000,512,26869942.147337
22,90.000000,18,39218190.741692
22,90.000000,27,37607175.363466
22,90.000000,36,35679151.973495
