arrival_rate,bp_parameter_L,bp_parameter_H,SRPT_L2_norm_flow_time
22,13.000000,262144,513364.006670
22,15.300000,32768,472631.329836
22,19.700000,4096,405198.931257
22,32.300000,512,558014.187312
