arrival_rate,bp_parameter_L,bp_parameter_H,SRPT_L2_norm_flow_time
22,13.000000,262144,9633453.795604
22,15.300000,32768,12267208.493529
22,19.700000,4096,16943551.736021
22,32.300000,512,27050900.745868
22,90.000000,18,39121669.810144
22,90.000000,27,37314374.494546
22,90.000000,36,36082565.673452
