arrival_rate,bp_parameter_L,bp_parameter_H,SRPT_L2_norm_flow_time
22,13.000000,262144,524195.037337
22,15.300000,32768,207419.123446
22,19.700000,4096,403128.709140
22,32.300000,512,584352.434199
