arrival_rate,bp_parameter_L,bp_parameter_H,SRPT_L2_norm_flow_time
22,13.000000,262144,9738165.979636
22,15.300000,32768,12256154.276788
22,19.700000,4096,17420472.032250
22,32.300000,512,27217468.693594
22,90.000000,18,39071081.507172
22,90.000000,27,37388685.745413
22,90.000000,36,36012742.918810
