arrival_rate,bp_parameter_L,bp_parameter_H,SRPT_L2_norm_flow_time
22,13.000000,262144,77597430.112878
22,15.300000,32768,98870950.253967
22,19.700000,4096,139811373.726235
22,32.300000,512,217389945.469712
