arrival_rate,bp_parameter_L,bp_parameter_H,SRPT_L2_norm_flow_time
22,13.000000,262144,9733299.019479
22,15.300000,32768,12937262.753766
22,19.700000,4096,17116757.465919
22,32.300000,512,27295664.479151
22,90.000000,18,39203025.708657
22,90.000000,27,36931582.140163
22,90.000000,36,35662006.235391
