arrival_rate,bp_parameter_L,bp_parameter_H,SRPT_L2_norm_flow_time
22,13.000000,262144,9689596.184045
22,15.300000,32768,12401357.016280
22,19.700000,4096,17139465.679187
22,32.300000,512,27128938.113660
22,90.000000,18,39329346.821594
22,90.000000,27,37438482.269480
22,90.000000,36,35672079.906966
