arrival_rate,bp_parameter_L,bp_parameter_H,SRPT_L2_norm_flow_time
22,13.000000,262144,76313797.264097
22,15.300000,32768,101547296.545973
22,19.700000,4096,139162921.919056
22,32.300000,512,217273509.989446
