arrival_rate,bp_parameter_L,bp_parameter_H,SRPT_L2_norm_flow_time
22,13.000000,262144,77359494.366623
22,15.300000,32768,98860073.433033
22,19.700000,4096,138093726.999227
22,32.300000,512,219210038.925683
