arrival_rate,bp_parameter_L,bp_parameter_H,SRPT_L2_norm_flow_time
24,13.000000,262144,265307.980581
24,15.300000,32768,409471.547143
24,19.700000,4096,212465.123507
24,32.300000,512,386678.776742
