arrival_rate,bp_parameter_L,bp_parameter_H,SRPT_L2_norm_flow_time
24,13.000000,262144,199868.686845
24,15.300000,32768,448867.201215
24,19.700000,4096,392398.946330
24,32.300000,512,500686.881085
