arrival_rate,bp_parameter_L,bp_parameter_H,SRPT_L2_norm_flow_time
24,13.000000,262144,71989838.313562
24,15.300000,32768,95492442.587941
24,19.700000,4096,135881373.331384
24,32.300000,512,211617503.356403
