arrival_rate,bp_parameter_L,bp_parameter_H,SRPT_L2_norm_flow_time
24,13.000000,262144,9787359.282449
24,15.300000,32768,12060827.122281
24,19.700000,4096,16416521.322170
24,32.300000,512,26508758.240168
24,90.000000,18,38405255.128019
24,90.000000,27,36786039.283124
24,90.000000,36,35144315.742794
