arrival_rate,bp_parameter_L,bp_parameter_H,SRPT_L2_norm_flow_time
24,13.000000,262144,9336708.142827
24,15.300000,32768,11537304.226433
24,19.700000,4096,17382756.364335
24,32.300000,512,26802272.964341
24,90.000000,18,38603831.081096
24,90.000000,27,36669685.447085
24,90.000000,36,35040142.952830
