arrival_rate,bp_parameter_L,bp_parameter_H,SRPT_L2_norm_flow_time
24,13.000000,262144,8878738.515898
24,15.300000,32768,11807179.409159
24,19.700000,4096,16644484.989650
24,32.300000,512,26702114.188135
24,90.000000,18,38626332.445107
24,90.000000,27,36581355.529405
24,90.000000,36,35262930.766196
