arrival_rate,bp_parameter_L,bp_parameter_H,SRPT_L2_norm_flow_time
24,13.000000,262144,74510489.178795
24,15.300000,32768,96055631.956168
24,19.700000,4096,135472791.542641
24,32.300000,512,212545599.885012
24,90.000000,18,308340768.559101
24,90.000000,27,294511887.390408
24,90.000000,36,278349393.298728
24,300.000000,150,33712708.446654
24,1500.000000,600,183513721.566912
24,8000.000000,3000,993090354.637183
