arrival_rate,bp_parameter_L,bp_parameter_H,SRPT_L2_norm_flow_time
24,13.000000,262144,72206014.619164
24,15.300000,32768,94607220.179636
24,19.700000,4096,132548726.754215
24,32.300000,512,212303679.599985
24,90.000000,18,309250841.951030
24,90.000000,27,294710820.384453
24,90.000000,36,283183084.882012
24,300.000000,150,32843584.561392
24,1500.000000,600,183394236.544754
24,8000.000000,3000,985157935.981635
