arrival_rate,bp_parameter_L,bp_parameter_H,SRPT_L2_norm_flow_time
26,13.000000,262144,199314.864900
26,15.300000,32768,268889.197656
26,19.700000,4096,472933.725694
26,32.300000,512,538081.818622
