arrival_rate,bp_parameter_L,bp_parameter_H,SRPT_L2_norm_flow_time
26,13.000000,262144,8639207.033085
26,15.300000,32768,11178937.685174
26,19.700000,4096,16616061.484773
26,32.300000,512,25720209.747582
26,90.000000,18,37594969.495790
26,90.000000,27,35806352.361955
26,90.000000,36,34158866.913022
