arrival_rate,bp_parameter_L,bp_parameter_H,SRPT_L2_norm_flow_time
26,13.000000,262144,473698.701441
26,15.300000,32768,83331.550580
26,19.700000,4096,404037.588625
26,32.300000,512,454399.348954
