arrival_rate,bp_parameter_L,bp_parameter_H,SRPT_L2_norm_flow_time
28,13.000000,262144,65776263.558879
28,15.300000,32768,86171191.723712
28,19.700000,4096,125112935.069749
28,32.300000,512,201604588.798669
