arrival_rate,bp_parameter_L,bp_parameter_H,SRPT_L2_norm_flow_time
28,13.000000,262144,65781389.859787
28,15.300000,32768,86606506.330881
28,19.700000,4096,120907722.185375
28,32.300000,512,203988430.417403
