arrival_rate,bp_parameter_L,bp_parameter_H,SRPT_L2_norm_flow_time
28,13.000000,262144,8076685.366978
28,15.300000,32768,11176192.831516
28,19.700000,4096,16112827.660964
28,32.300000,512,25843669.893441
28,90.000000,18,37173545.159571
28,90.000000,27,35183064.551238
28,90.000000,36,33536310.859322
