arrival_rate,bp_parameter_L,bp_parameter_H,SRPT_L2_norm_flow_time
28,13.000000,262144,8392558.224205
28,15.300000,32768,10478380.552993
28,19.700000,4096,15582308.160609
28,32.300000,512,24780940.332101
28,90.000000,18,37302308.038963
28,90.000000,27,35344750.128205
28,90.000000,36,34276272.846323
