arrival_rate,bp_parameter_L,bp_parameter_H,SRPT_L2_norm_flow_time
28,13.000000,262144,8171199.745215
28,15.300000,32768,10852385.711210
28,19.700000,4096,15067952.144827
28,32.300000,512,25211224.228968
28,90.000000,18,37261474.888231
28,90.000000,27,35433629.948635
28,90.000000,36,33904945.051061
