arrival_rate,bp_parameter_L,bp_parameter_H,SRPT_L2_norm_flow_time
28,13.000000,262144,310372.385210
28,15.300000,32768,516234.442482
28,19.700000,4096,463698.649844
28,32.300000,512,596574.921457
