arrival_rate,bp_parameter_L,bp_parameter_H,SRPT_L2_norm_flow_time
28,13.000000,262144,65012499.951716
28,15.300000,32768,85246130.062836
28,19.700000,4096,124232901.994783
28,32.300000,512,201959555.719298
28,90.000000,18,296002276.426244
28,90.000000,27,282078124.800094
28,90.000000,36,269756542.952049
28,300.000000,150,33133644.700653
28,1500.000000,600,184807354.416158
28,8000.000000,3000,986971659.832639
