arrival_rate,bp_parameter_L,bp_parameter_H,SRPT_L2_norm_flow_time
30,13.000000,262144,62458921.617423
30,15.300000,32768,83169952.320540
30,19.700000,4096,118299756.246548
30,32.300000,512,196741692.481539
30,90.000000,18,291550909.442725
30,90.000000,27,277807838.970655
30,90.000000,36,263463513.905895
30,300.000000,150,32678435.615151
30,1500.000000,600,180325900.242226
30,8000.000000,3000,993786726.173023
