arrival_rate,bp_parameter_L,bp_parameter_H,SRPT_L2_norm_flow_time
30,13.000000,262144,60847289.587826
30,15.300000,32768,81801422.910285
30,19.700000,4096,119028192.133305
30,32.300000,512,199595040.243639
