arrival_rate,bp_parameter_L,bp_parameter_H,SRPT_L2_norm_flow_time
30,13.000000,262144,7517462.077752
30,15.300000,32768,10245178.460892
30,19.700000,4096,15272748.502208
30,32.300000,512,24580188.813491
30,90.000000,18,36583595.347730
30,90.000000,27,34675019.636287
30,90.000000,36,32993726.256706
