arrival_rate,bp_parameter_L,bp_parameter_H,SRPT_L2_norm_flow_time
30,13.000000,262144,468106.460667
30,15.300000,32768,177525.226731
30,19.700000,4096,516587.855847
30,32.300000,512,451909.189050
