arrival_rate,bp_parameter_L,bp_parameter_H,SRPT_L2_norm_flow_time
30,13.000000,262144,338784.291295
30,15.300000,32768,483117.882046
30,19.700000,4096,-nan
30,32.300000,512,532858.293439
