arrival_rate,bp_parameter_L,bp_parameter_H,SRPT_L2_norm_flow_time
30,13.000000,262144,62906479.277867
30,15.300000,32768,81236810.231898
30,19.700000,4096,119404881.240221
30,32.300000,512,196078035.495478
