arrival_rate,bp_parameter_L,bp_parameter_H,SRPT_L2_norm_flow_time
30,13.000000,262144,7828229.104440
30,15.300000,32768,10022212.624555
30,19.700000,4096,14690121.878455
30,32.300000,512,24914038.844254
30,90.000000,18,36451865.589188
30,90.000000,27,34734724.186089
30,90.000000,36,33100979.986537
