arrival_rate,bp_parameter_L,bp_parameter_H,SRPT_L2_norm_flow_time
30,13.000000,262144,7567398.717902
30,15.300000,32768,10379927.840638
30,19.700000,4096,14945216.236706
30,32.300000,512,24504749.034152
30,90.000000,18,36197039.126436
30,90.000000,27,34556593.766337
30,90.000000,36,32860865.137447
