arrival_rate,bp_parameter_L,bp_parameter_H,SRPT_L2_norm_flow_time
30,13.000000,262144,7642384.552266
30,15.300000,32768,10473008.784583
30,19.700000,4096,15144110.881262
30,32.300000,512,24326535.838140
30,90.000000,18,36487927.464702
30,90.000000,27,34668304.423448
30,90.000000,36,33140937.704820
