arrival_rate,bp_parameter_L,bp_parameter_H,SRPT_L2_norm_flow_time
32,13.000000,262144,56061743.064754
32,15.300000,32768,77637231.520286
32,19.700000,4096,112448367.829627
32,32.300000,512,191463509.309419
