arrival_rate,bp_parameter_L,bp_parameter_H,SRPT_L2_norm_flow_time
32,13.000000,262144,7487594.143815
32,15.300000,32768,9545135.392358
32,19.700000,4096,14178155.812771
32,32.300000,512,23834602.917510
32,90.000000,18,35396658.692376
32,90.000000,27,34059742.480683
32,90.000000,36,32730849.093856
