arrival_rate,bp_parameter_L,bp_parameter_H,SRPT_L2_norm_flow_time
32,13.000000,262144,7303908.265130
32,15.300000,32768,9635696.192841
32,19.700000,4096,14660656.970582
32,32.300000,512,23961253.331851
32,90.000000,18,35800644.608023
32,90.000000,27,33940246.838223
32,90.000000,36,32442012.943031
