arrival_rate,bp_parameter_L,bp_parameter_H,SRPT_L2_norm_flow_time
32,13.000000,262144,56045155.621556
32,15.300000,32768,77448848.462567
32,19.700000,4096,117726455.430260
32,32.300000,512,190953851.019870
32,90.000000,18,285674627.175184
32,90.000000,27,272027605.260570
32,90.000000,36,258876353.864683
32,300.000000,150,31891446.899429
32,1500.000000,600,183161667.577097
32,8000.000000,3000,994449922.750127
