arrival_rate,bp_parameter_L,bp_parameter_H,SRPT_L2_norm_flow_time
32,13.000000,262144,7449334.900160
32,15.300000,32768,10158449.085629
32,19.700000,4096,14605592.828935
32,32.300000,512,23893175.371043
32,90.000000,18,35129387.597970
32,90.000000,27,34072151.809213
32,90.000000,36,32446832.450612
