arrival_rate,bp_parameter_L,bp_parameter_H,SRPT_L2_norm_flow_time
32,13.000000,262144,55623224.685263
32,15.300000,32768,77486349.302421
32,19.700000,4096,117831750.180321
32,32.300000,512,192023769.794495
