arrival_rate,bp_parameter_L,bp_parameter_H,SRPT_L2_norm_flow_time
32,13.000000,262144,7500102.288088
32,15.300000,32768,9763157.893687
32,19.700000,4096,14150546.093113
32,32.300000,512,23931830.963056
32,90.000000,18,35403017.002742
32,90.000000,27,34194511.271384
32,90.000000,36,32679210.735505
