arrival_rate,bp_parameter_L,bp_parameter_H,SRPT_L2_norm_flow_time
32,13.000000,262144,7227987.552628
32,15.300000,32768,9964891.361645
32,19.700000,4096,14416272.976311
32,32.300000,512,23926274.058107
32,90.000000,18,35684163.438710
32,90.000000,27,33586462.294826
32,90.000000,36,32609636.244183
