arrival_rate,bp_parameter_L,bp_parameter_H,SRPT_L2_norm_flow_time
32,13.000000,262144,7009713.528890
32,15.300000,32768,9465048.646063
32,19.700000,4096,14134205.210933
32,32.300000,512,24392652.477567
32,90.000000,18,35995017.003559
32,90.000000,27,34296244.960416
32,90.000000,36,32419612.910064
