arrival_rate,bp_parameter_L,bp_parameter_H,SRPT_L2_norm_flow_time
32,13.000000,262144,7057746.128980
32,15.300000,32768,10092931.958952
32,19.700000,4096,14550191.080764
32,32.300000,512,24205587.002425
32,90.000000,18,35507654.234608
32,90.000000,27,33776481.213146
32,90.000000,36,32407734.880440
