arrival_rate,bp_parameter_L,bp_parameter_H,SRPT_L2_norm_flow_time
34,13.000000,262144,7094247.126463
34,15.300000,32768,9173724.770103
34,19.700000,4096,13679606.544292
34,32.300000,512,23749943.261767
34,90.000000,18,34958500.509950
34,90.000000,27,33108534.560382
34,90.000000,36,32292294.633744
