arrival_rate,bp_parameter_L,bp_parameter_H,SRPT_L2_norm_flow_time
34,13.000000,262144,51738511.683868
34,15.300000,32768,72362150.851484
34,19.700000,4096,112528692.669314
34,32.300000,512,187664285.699855
