arrival_rate,bp_parameter_L,bp_parameter_H,SRPT_L2_norm_flow_time
34,13.000000,262144,7720303.150136
34,15.300000,32768,9360536.983946
34,19.700000,4096,14463662.913280
34,32.300000,512,23451513.582720
34,90.000000,18,34800560.783118
34,90.000000,27,33024917.740843
34,90.000000,36,31454332.169386
