arrival_rate,bp_parameter_L,bp_parameter_H,SRPT_L2_norm_flow_time
34,13.000000,262144,6683538.504727
34,15.300000,32768,8944262.109887
34,19.700000,4096,13610534.215632
34,32.300000,512,23414917.414546
34,90.000000,18,35101881.489805
34,90.000000,27,33212368.328741
34,90.000000,36,31415711.005602
