arrival_rate,bp_parameter_L,bp_parameter_H,SRPT_L2_norm_flow_time
34,13.000000,262144,290834.566197
34,15.300000,32768,308860.923818
34,19.700000,4096,493193.852871
34,32.300000,512,408407.677266
