arrival_rate,bp_parameter_L,bp_parameter_H,SRPT_L2_norm_flow_time
34,13.000000,262144,6471936.411557
34,15.300000,32768,9248133.856000
34,19.700000,4096,13847969.144453
34,32.300000,512,23512364.034043
34,90.000000,18,35163727.328218
34,90.000000,27,33120528.296878
34,90.000000,36,31768882.785042
