arrival_rate,bp_parameter_L,bp_parameter_H,SRPT_L2_norm_flow_time
34,13.000000,262144,54674383.857189
34,15.300000,32768,72237459.756645
34,19.700000,4096,108100383.499555
34,32.300000,512,187590278.915271
34,90.000000,18,279708232.274045
34,90.000000,27,266502025.824387
34,90.000000,36,253760037.130591
34,300.000000,150,32143834.232175
34,1500.000000,600,180845559.495577
34,8000.000000,3000,991819983.958361
