arrival_rate,bp_parameter_L,bp_parameter_H,SRPT_L2_norm_flow_time
34,13.000000,262144,52235787.058720
34,15.300000,32768,73654226.657691
34,19.700000,4096,112456798.886152
34,32.300000,512,187465560.993237
34,90.000000,18,280749268.260913
34,90.000000,27,267307887.637995
34,90.000000,36,252918614.712772
34,300.000000,150,32917742.744532
34,1500.000000,600,179498374.591241
34,8000.000000,3000,1002663182.845071
