arrival_rate,bp_parameter_L,bp_parameter_H,SRPT_L2_norm_flow_time
34,13.000000,262144,6665426.122626
34,15.300000,32768,9216613.333970
34,19.700000,4096,14159997.654211
34,32.300000,512,23005927.766694
34,90.000000,18,34943894.252127
34,90.000000,27,33604618.587600
34,90.000000,36,31894467.448118
