arrival_rate,bp_parameter_L,bp_parameter_H,SRPT_L2_norm_flow_time
36,13.000000,262144,6326306.794405
36,15.300000,32768,8284817.874567
36,19.700000,4096,13544219.149783
36,32.300000,512,22545214.802911
36,90.000000,18,34084768.639520
36,90.000000,27,32891141.853469
36,90.000000,36,30979880.325500
