arrival_rate,bp_parameter_L,bp_parameter_H,SRPT_L2_norm_flow_time
36,13.000000,262144,6075333.754061
36,15.300000,32768,9279107.180874
36,19.700000,4096,13205838.060120
36,32.300000,512,22503725.195056
36,90.000000,18,34165674.201846
36,90.000000,27,32778116.774650
36,90.000000,36,31190773.848724
