arrival_rate,bp_parameter_L,bp_parameter_H,SRPT_L2_norm_flow_time
36,13.000000,262144,6535641.550711
36,15.300000,32768,9046591.962501
36,19.700000,4096,12832692.047316
36,32.300000,512,22578379.306535
36,90.000000,18,34157428.598530
36,90.000000,27,32876330.361580
36,90.000000,36,30488503.052591
