arrival_rate,bp_parameter_L,bp_parameter_H,SRPT_L2_norm_flow_time
36,13.000000,262144,5527211.161129
36,15.300000,32768,9102497.389111
36,19.700000,4096,13065863.913811
36,32.300000,512,23118004.642513
36,90.000000,18,34258466.487770
36,90.000000,27,32603819.289023
36,90.000000,36,30983098.592738
