arrival_rate,bp_parameter_L,bp_parameter_H,SRPT_L2_norm_flow_time
38,13.000000,262144,352869.057701
38,15.300000,32768,258888.321202
38,19.700000,4096,161813.837585
38,32.300000,512,628187.734281
