arrival_rate,bp_parameter_L,bp_parameter_H,SRPT_L2_norm_flow_time
38,13.000000,262144,5786002.067757
38,15.300000,32768,8246408.276572
38,19.700000,4096,12491147.689124
38,32.300000,512,22067832.110550
38,90.000000,18,33234581.887835
38,90.000000,27,31591363.085211
38,90.000000,36,30451830.880405
