arrival_rate,bp_parameter_L,bp_parameter_H,SRPT_L2_norm_flow_time
38,13.000000,262144,5781894.285878
38,15.300000,32768,8348433.235196
38,19.700000,4096,13233668.599039
38,32.300000,512,22370637.711659
38,90.000000,18,33519154.607379
38,90.000000,27,31579750.252511
38,90.000000,36,30598994.155944
