arrival_rate,bp_parameter_L,bp_parameter_H,SRPT_L2_norm_flow_time
38,13.000000,262144,6093360.090514
38,15.300000,32768,8420869.608648
38,19.700000,4096,12819705.430662
38,32.300000,512,21960934.192998
38,90.000000,18,33499493.092548
38,90.000000,27,31900850.635762
38,90.000000,36,30404712.561639
