arrival_rate,bp_parameter_L,bp_parameter_H,SRPT_L2_norm_flow_time
38,13.000000,262144,247756.269450
38,15.300000,32768,454127.207057
38,19.700000,4096,493881.373193
38,32.300000,512,460999.804265
