arrival_rate,bp_parameter_L,bp_parameter_H,SRPT_L2_norm_flow_time
38,13.000000,262144,6058986.488720
38,15.300000,32768,8143303.194962
38,19.700000,4096,13402845.364464
38,32.300000,512,22349999.672722
38,90.000000,18,33661605.897526
38,90.000000,27,32026343.247974
38,90.000000,36,30626557.072957
