arrival_rate,bp_parameter_L,bp_parameter_H,SRPT_L2_norm_flow_time
38,13.000000,262144,6273661.071025
38,15.300000,32768,8570099.211619
38,19.700000,4096,11896701.540855
38,32.300000,512,22893398.650512
38,90.000000,18,33677946.148578
38,90.000000,27,31862429.578221
38,90.000000,36,30249384.718069
