arrival_rate,bp_parameter_L,bp_parameter_H,SRPT_L2_norm_flow_time
38,13.000000,262144,5481635.555663
38,15.300000,32768,7430189.495205
38,19.700000,4096,12329277.520462
38,32.300000,512,22505393.094981
38,90.000000,18,33445568.216035
38,90.000000,27,31957751.965389
38,90.000000,36,30362234.884309
