arrival_rate,bp_parameter_L,bp_parameter_H,SRPT_L2_norm_flow_time
38,13.000000,262144,6095172.425435
38,15.300000,32768,8155951.691711
38,19.700000,4096,13213863.360684
38,32.300000,512,22029749.178936
38,90.000000,18,33173826.296357
38,90.000000,27,31813162.209831
38,90.000000,36,30349141.302023
