arrival_rate,bp_parameter_L,bp_parameter_H,SRPT_L2_norm_flow_time
38,13.000000,262144,47041416.092245
38,15.300000,32768,66524970.752349
38,19.700000,4096,99269834.225814
38,32.300000,512,176929347.827557
38,90.000000,18,267864966.742276
38,90.000000,27,255563624.424477
38,90.000000,36,244918150.580433
38,300.000000,150,32236763.124900
38,1500.000000,600,179553400.773245
38,8000.000000,3000,996475764.304412
