arrival_rate,bp_parameter_L,bp_parameter_H,SRPT_L2_norm_flow_time
40,13.000000,262144,4726573.393521
40,15.300000,32768,7810877.672585
40,19.700000,4096,12243675.914874
40,32.300000,512,21713512.155499
40,90.000000,18,32754881.735514
40,90.000000,27,30894969.809159
40,90.000000,36,30368842.269307
