arrival_rate,bp_parameter_L,bp_parameter_H,SRPT_L2_norm_flow_time
40,13.000000,262144,41188246.647146
40,15.300000,32768,61315407.509135
40,19.700000,4096,99418461.582311
40,32.300000,512,170262320.071852
