arrival_rate,bp_parameter_L,bp_parameter_H,SRPT_L2_norm_flow_time
40,13.000000,262144,304506.046465
40,15.300000,32768,302067.223229
40,19.700000,4096,377523.764896
40,32.300000,512,561909.563702
