arrival_rate,bp_parameter_L,bp_parameter_H,SRPT_L2_norm_flow_time
40,13.000000,262144,396092.438255
40,15.300000,32768,246321.181868
40,19.700000,4096,292819.102027
40,32.300000,512,323899.969068
