arrival_rate,bp_parameter_L,bp_parameter_H,SRPT_L2_norm_flow_time
40,13.000000,262144,369734.904403
40,15.300000,32768,426689.755947
40,19.700000,4096,420773.893210
40,32.300000,512,627953.276358
