arrival_rate,bp_parameter_L,bp_parameter_H,SRPT_L2_norm_flow_time
40,13.000000,262144,5275505.869252
40,15.300000,32768,7838922.981546
40,19.700000,4096,12177939.409158
40,32.300000,512,21792957.063863
40,90.000000,18,32841491.484450
40,90.000000,27,31059821.015185
40,90.000000,36,29686505.972851
