arrival_rate,bp_parameter_L,bp_parameter_H,SRPT_L2_norm_flow_time
40,13.000000,262144,40431293.272829
40,15.300000,32768,62497710.018118
40,19.700000,4096,95549742.599132
40,32.300000,512,169137251.175220
