arrival_rate,bp_parameter_L,bp_parameter_H,SRPT_L2_norm_flow_time
40,13.000000,262144,5428875.420955
40,15.300000,32768,7311734.591557
40,19.700000,4096,12558276.417161
40,32.300000,512,20950306.672523
40,90.000000,18,32688116.525906
40,90.000000,27,31107253.824158
40,90.000000,36,29783243.327401
