arrival_rate,bp_parameter_L,bp_parameter_H,FCFS_L2_norm_flow_time
20,8.500000,262144,173478482.913104
20,9.800000,32768,171460798.655233
20,12.400000,4096,183280276.996274
20,18.900000,512,186030056.800863
20,56.300000,64,187613594.109048
