arrival_rate,bp_parameter_L,bp_parameter_H,FCFS_L2_norm_flow_time
20,8.500000,262144,19985193.187634
20,9.800000,32768,24140005.521199
20,12.400000,4096,22948976.102560
20,18.900000,512,23176270.268411
20,56.300000,64,23311839.222403
20,60.000000,12,23334906.894420
20,60.000000,18,23374216.150885
20,60.000000,24,23331108.831062
