arrival_rate,bp_parameter_L,bp_parameter_H,FCFS_L2_norm_flow_time
20,8.500000,262144,30458835.310870
20,9.800000,32768,25689517.170856
20,12.400000,4096,24829351.267816
20,18.900000,512,23353681.924337
20,56.300000,64,23306394.827837
20,60.000000,12,23371900.663347
20,60.000000,18,23372517.907223
20,60.000000,24,23841489.237407
