arrival_rate,bp_parameter_L,bp_parameter_H,FCFS_L2_norm_flow_time
20,8.500000,262144,236604880.378812
20,9.800000,32768,166760808.180044
20,12.400000,4096,191471272.433817
20,18.900000,512,185491217.876083
20,56.300000,64,186998165.583775
20,60.000000,12,186490569.268593
20,60.000000,18,187020393.403070
20,60.000000,24,188568077.926990
20,100.000000,50,11924385.686826
20,500.000000,200,69904089.067404
20,2000.000000,800,290456948.185129
