arrival_rate,bp_parameter_L,bp_parameter_H,FCFS_L2_norm_flow_time
20,8.500000,262144,19346707.734743
20,9.800000,32768,21421613.368778
20,12.400000,4096,22129443.551804
20,18.900000,512,23589770.639496
20,56.300000,64,23418115.745473
20,60.000000,12,23241296.735686
20,60.000000,18,23328326.507743
20,60.000000,24,23210383.662770
