arrival_rate,bp_parameter_L,bp_parameter_H,FCFS_L2_norm_flow_time
20,8.500000,262144,32692805.160370
20,9.800000,32768,26186336.531334
20,12.400000,4096,22590570.174486
20,18.900000,512,22567639.194904
20,56.300000,64,23312362.735374
20,60.000000,12,23120383.233227
20,60.000000,18,23447476.131770
20,60.000000,24,23400158.664581
