arrival_rate,bp_parameter_L,bp_parameter_H,FCFS_L2_norm_flow_time
20,8.500000,262144,169382875.185058
20,9.800000,32768,168971991.631825
20,12.400000,4096,194101322.540151
20,18.900000,512,187361737.443162
20,56.300000,64,186784280.789438
20,60.000000,12,187383704.310877
20,60.000000,18,185249022.458397
20,60.000000,24,187418130.485381
20,100.000000,50,11765558.424999
20,500.000000,200,70430244.390144
20,2000.000000,800,289209497.376609
