arrival_rate,bp_parameter_L,bp_parameter_H,FCFS_L2_norm_flow_time
22,8.500000,262144,19458147.791372
22,9.800000,32768,26285621.864885
22,12.400000,4096,19385025.966807
22,18.900000,512,22792476.958665
22,56.300000,64,22068301.811564
22,60.000000,12,22320974.294055
22,60.000000,18,22271739.341975
22,60.000000,24,22199399.524743
