arrival_rate,bp_parameter_L,bp_parameter_H,FCFS_L2_norm_flow_time
22,8.500000,262144,22796555.829455
22,9.800000,32768,19182189.460349
22,12.400000,4096,22622895.940922
22,18.900000,512,21578317.967644
22,56.300000,64,22515411.496421
22,60.000000,12,22356282.347058
22,60.000000,18,21993761.749452
22,60.000000,24,22375513.011537
