arrival_rate,bp_parameter_L,bp_parameter_H,FCFS_L2_norm_flow_time
22,8.500000,262144,181919077.112919
22,9.800000,32768,172749109.365115
22,12.400000,4096,181530519.039095
22,18.900000,512,176905976.510154
22,56.300000,64,177219901.928707
22,60.000000,12,178330734.112295
22,60.000000,18,178562449.175703
22,60.000000,24,178556547.597050
22,100.000000,50,11467171.644996
22,500.000000,200,69425126.372384
22,2000.000000,800,290992291.593034
