arrival_rate,bp_parameter_L,bp_parameter_H,FCFS_L2_norm_flow_time
22,8.500000,262144,188272275.177624
22,9.800000,32768,167602979.893152
22,12.400000,4096,173322160.358550
22,18.900000,512,179444021.915688
22,56.300000,64,177836566.033006
22,60.000000,12,178055304.495693
22,60.000000,18,177282248.668356
22,60.000000,24,179107726.586589
22,100.000000,50,11269833.663924
22,500.000000,200,69460475.419024
22,2000.000000,800,290621743.777238
