arrival_rate,bp_parameter_L,bp_parameter_H,FCFS_L2_norm_flow_time
22,8.500000,262144,24442000.678990
22,9.800000,32768,24769468.828066
22,12.400000,4096,23242768.815611
22,18.900000,512,23023578.516765
22,56.300000,64,22250576.098626
22,60.000000,12,22373634.795538
22,60.000000,18,21946857.798141
22,60.000000,24,22068967.076680
