arrival_rate,bp_parameter_L,bp_parameter_H,FCFS_L2_norm_flow_time
22,8.500000,262144,179577097.946041
22,9.800000,32768,168228590.146444
22,12.400000,4096,176654255.676189
22,18.900000,512,177036943.777766
22,56.300000,64,177801592.522019
