arrival_rate,bp_parameter_L,bp_parameter_H,FCFS_L2_norm_flow_time
22,8.500000,262144,17568341.141772
22,9.800000,32768,25250616.106766
22,12.400000,4096,22512931.782469
22,18.900000,512,21623091.368558
22,56.300000,64,22362000.066425
22,60.000000,12,22339598.155141
22,60.000000,18,21993731.801049
22,60.000000,24,22129223.015646
