arrival_rate,bp_parameter_L,bp_parameter_H,FCFS_L2_norm_flow_time
24,8.500000,262144,18184466.747913
24,9.800000,32768,25531693.249429
24,12.400000,4096,22816758.374928
24,18.900000,512,21678605.971356
24,56.300000,64,20983753.610099
24,60.000000,12,20903035.765521
24,60.000000,18,21224962.376935
24,60.000000,24,21261762.048864
