arrival_rate,bp_parameter_L,bp_parameter_H,FCFS_L2_norm_flow_time
24,8.500000,262144,167255081.902193
24,9.800000,32768,159744849.844732
24,12.400000,4096,156736975.640301
24,18.900000,512,166202081.881149
24,56.300000,64,167414350.656415
24,60.000000,12,169031921.331753
24,60.000000,18,167796245.761343
24,60.000000,24,170476093.710956
24,100.000000,50,11341943.998775
24,500.000000,200,69729048.515275
24,2000.000000,800,290062291.794634
