arrival_rate,bp_parameter_L,bp_parameter_H,FCFS_L2_norm_flow_time
24,8.500000,262144,23979555.549781
24,9.800000,32768,20774442.168557
24,12.400000,4096,21430534.922112
24,18.900000,512,20819838.019730
24,56.300000,64,20993417.451773
24,60.000000,12,21303455.947561
24,60.000000,18,21298818.464744
24,60.000000,24,20947489.861846
