arrival_rate,bp_parameter_L,bp_parameter_H,FCFS_L2_norm_flow_time
24,8.500000,262144,152089494.918462
24,9.800000,32768,177861498.742832
24,12.400000,4096,162229996.818874
24,18.900000,512,169464676.842872
24,56.300000,64,168122031.649051
24,60.000000,12,168711698.227245
24,60.000000,18,168679784.741406
24,60.000000,24,169365293.151693
24,100.000000,50,11366840.700312
24,500.000000,200,69455329.024944
24,2000.000000,800,291465518.760927
