arrival_rate,bp_parameter_L,bp_parameter_H,FCFS_L2_norm_flow_time
24,8.500000,262144,170082007.994525
24,9.800000,32768,160341904.330333
24,12.400000,4096,175310281.162863
24,18.900000,512,170474092.440514
24,56.300000,64,167693218.111532
24,60.000000,12,168092812.827515
24,60.000000,18,167769966.508721
24,60.000000,24,168362858.380725
24,100.000000,50,11254173.136236
24,500.000000,200,70236917.910310
24,2000.000000,800,289751033.768380
