arrival_rate,bp_parameter_L,bp_parameter_H,FCFS_L2_norm_flow_time
26,8.500000,262144,168058350.741331
26,9.800000,32768,157127382.968652
26,12.400000,4096,156129821.939777
26,18.900000,512,159503529.330041
26,56.300000,64,158985685.938606
26,60.000000,12,159877661.853448
26,60.000000,18,157985062.369217
26,60.000000,24,159262865.177401
26,100.000000,50,10968151.574783
26,500.000000,200,69813394.197042
26,2000.000000,800,283609553.272152
