arrival_rate,bp_parameter_L,bp_parameter_H,FCFS_L2_norm_flow_time
26,8.500000,262144,189570597.026851
26,9.800000,32768,153762517.882242
26,12.400000,4096,153857876.104810
26,18.900000,512,162458897.685401
26,56.300000,64,159320379.637553
26,60.000000,12,157953621.210366
26,60.000000,18,159022189.061495
26,60.000000,24,160814601.558969
26,100.000000,50,11112572.797024
26,500.000000,200,69372238.857389
26,2000.000000,800,292414905.211851
