arrival_rate,bp_parameter_L,bp_parameter_H,FCFS_L2_norm_flow_time
26,8.500000,262144,18434458.987741
26,9.800000,32768,24177472.716483
26,12.400000,4096,19464894.587874
26,18.900000,512,20399584.629748
26,56.300000,64,19895942.989338
26,60.000000,12,19858648.389130
26,60.000000,18,19768434.189396
26,60.000000,24,19714084.482621
