arrival_rate,bp_parameter_L,bp_parameter_H,FCFS_L2_norm_flow_time
26,8.500000,262144,17543792.493016
26,9.800000,32768,19362273.559722
26,12.400000,4096,19370618.841073
26,18.900000,512,19958875.053207
26,56.300000,64,19762212.310492
26,60.000000,12,20100033.299858
26,60.000000,18,19697236.595662
26,60.000000,24,20082281.890499
