arrival_rate,bp_parameter_L,bp_parameter_H,FCFS_L2_norm_flow_time
26,8.500000,262144,135585335.322230
26,9.800000,32768,141375049.151700
26,12.400000,4096,152628511.973221
26,18.900000,512,158773893.448576
26,56.300000,64,158515952.896104
26,60.000000,12,158952364.132108
26,60.000000,18,159001776.838625
26,60.000000,24,158567131.477482
26,100.000000,50,10960208.415241
26,500.000000,200,69493478.789559
26,2000.000000,800,289889400.199476
