arrival_rate,bp_parameter_L,bp_parameter_H,FCFS_L2_norm_flow_time
26,8.500000,262144,16491144.269063
26,9.800000,32768,22152858.839031
26,12.400000,4096,21814628.672944
26,18.900000,512,19543680.538410
26,56.300000,64,19668216.030327
26,60.000000,12,20021913.692539
26,60.000000,18,19681942.519947
26,60.000000,24,19771265.224879
