arrival_rate,bp_parameter_L,bp_parameter_H,FCFS_L2_norm_flow_time
26,8.500000,262144,164477423.095654
26,9.800000,32768,143560574.100439
26,12.400000,4096,160024286.760287
26,18.900000,512,158276180.112399
26,56.300000,64,159090084.454766
