arrival_rate,bp_parameter_L,bp_parameter_H,FCFS_L2_norm_flow_time
26,8.500000,262144,136088289.443776
26,9.800000,32768,159302038.631870
26,12.400000,4096,155568062.868187
26,18.900000,512,160715887.198952
26,56.300000,64,159457808.702946
26,60.000000,12,159526265.276044
26,60.000000,18,158849266.850986
26,60.000000,24,159699772.002294
26,100.000000,50,10891015.792460
26,500.000000,200,69603388.743305
26,2000.000000,800,287276036.824948
