arrival_rate,bp_parameter_L,bp_parameter_H,FCFS_L2_norm_flow_time
26,8.500000,262144,125553351.255315
26,9.800000,32768,163521146.748156
26,12.400000,4096,158312318.126335
26,18.900000,512,160334050.571168
26,56.300000,64,159914866.887803
