arrival_rate,bp_parameter_L,bp_parameter_H,FCFS_L2_norm_flow_time
26,8.500000,262144,193799393.921735
26,9.800000,32768,172310936.943404
26,12.400000,4096,162816957.166485
26,18.900000,512,159848983.782761
26,56.300000,64,159127216.437206
