arrival_rate,bp_parameter_L,bp_parameter_H,FCFS_L2_norm_flow_time
28,8.500000,262144,181243971.208736
28,9.800000,32768,145221398.014953
28,12.400000,4096,160047056.954221
28,18.900000,512,145166208.001923
28,56.300000,64,150272145.086270
28,60.000000,12,150333340.576162
28,60.000000,18,149387628.712789
28,60.000000,24,149330207.021554
28,100.000000,50,10624875.950295
28,500.000000,200,69540405.523365
28,2000.000000,800,290747614.889862
