arrival_rate,bp_parameter_L,bp_parameter_H,FCFS_L2_norm_flow_time
28,8.500000,262144,184038891.957082
28,9.800000,32768,140639067.693004
28,12.400000,4096,151690133.389755
28,18.900000,512,151733409.231757
28,56.300000,64,149640752.785415
