arrival_rate,bp_parameter_L,bp_parameter_H,FCFS_L2_norm_flow_time
28,8.500000,262144,126155218.212852
28,9.800000,32768,145657044.260289
28,12.400000,4096,150707490.159429
28,18.900000,512,149163197.125478
28,56.300000,64,150579269.222175
28,60.000000,12,150596287.429835
28,60.000000,18,151646614.779435
28,60.000000,24,151948654.267370
28,100.000000,50,10631985.067301
28,500.000000,200,69971296.594798
28,2000.000000,800,289373030.668715
