arrival_rate,bp_parameter_L,bp_parameter_H,FCFS_L2_norm_flow_time
28,8.500000,262144,143986597.009570
28,9.800000,32768,146002414.844770
28,12.400000,4096,145390231.245444
28,18.900000,512,150741055.683034
28,56.300000,64,149349652.717080
28,60.000000,12,150665667.027373
28,60.000000,18,150981835.798226
28,60.000000,24,150279582.845081
28,100.000000,50,10654357.068589
28,500.000000,200,68212839.182946
28,2000.000000,800,288400180.717034
