arrival_rate,bp_parameter_L,bp_parameter_H,FCFS_L2_norm_flow_time
28,8.500000,262144,14919877.655761
28,9.800000,32768,19511584.534626
28,12.400000,4096,19939380.619477
28,18.900000,512,18594651.895849
28,56.300000,64,18768271.528901
28,60.000000,12,18333072.417242
28,60.000000,18,19005456.894512
28,60.000000,24,18687642.946301
