arrival_rate,bp_parameter_L,bp_parameter_H,FCFS_L2_norm_flow_time
28,8.500000,262144,25450387.503955
28,9.800000,32768,18750158.169309
28,12.400000,4096,20255819.697312
28,18.900000,512,18279396.335994
28,56.300000,64,18455670.832045
28,60.000000,12,18543733.794390
28,60.000000,18,19001127.433061
28,60.000000,24,18446538.331556
