arrival_rate,bp_parameter_L,bp_parameter_H,FCFS_L2_norm_flow_time
28,8.500000,262144,16337369.780692
28,9.800000,32768,15032674.768530
28,12.400000,4096,20053815.532333
28,18.900000,512,18197552.340718
28,56.300000,64,19166158.946778
28,60.000000,12,18539163.501982
28,60.000000,18,18622186.944640
28,60.000000,24,18747897.709434
