arrival_rate,bp_parameter_L,bp_parameter_H,FCFS_L2_norm_flow_time
28,8.500000,262144,13478944.470876
28,9.800000,32768,17340617.221737
28,12.400000,4096,19588048.990647
28,18.900000,512,18412550.118736
28,56.300000,64,18521536.823642
28,60.000000,12,18597827.412803
28,60.000000,18,18782739.894005
28,60.000000,24,19089428.566563
