arrival_rate,bp_parameter_L,bp_parameter_H,FCFS_L2_norm_flow_time
28,8.500000,262144,225594021.136633
28,9.800000,32768,160175539.462851
28,12.400000,4096,151366286.382779
28,18.900000,512,148699541.215286
28,56.300000,64,150001414.442088
28,60.000000,12,149242328.592388
28,60.000000,18,149650954.536564
28,60.000000,24,150706050.806503
28,100.000000,50,10803586.077155
28,500.000000,200,69457342.192657
28,2000.000000,800,291494769.897717
