arrival_rate,bp_parameter_L,bp_parameter_H,FCFS_L2_norm_flow_time
28,8.500000,262144,17994819.732262
28,9.800000,32768,15614827.218678
28,12.400000,4096,18504229.617376
28,18.900000,512,18123675.404116
28,56.300000,64,19129840.411162
28,60.000000,12,18763998.658645
28,60.000000,18,18694732.007609
28,60.000000,24,18911210.534230
