arrival_rate,bp_parameter_L,bp_parameter_H,FCFS_L2_norm_flow_time
28,8.500000,262144,19385308.230253
28,9.800000,32768,26475778.301655
28,12.400000,4096,17853489.869468
28,18.900000,512,18379168.590855
28,56.300000,64,18899124.139865
28,60.000000,12,18988287.999003
28,60.000000,18,19138953.364846
28,60.000000,24,18918806.491523
