arrival_rate,bp_parameter_L,bp_parameter_H,FCFS_L2_norm_flow_time
28,8.500000,262144,25574415.890669
28,9.800000,32768,15657498.336182
28,12.400000,4096,17021625.106360
28,18.900000,512,20384087.344182
28,56.300000,64,18959034.321779
28,60.000000,12,18692835.586902
28,60.000000,18,18833006.482544
28,60.000000,24,19082958.568267
