arrival_rate,bp_parameter_L,bp_parameter_H,FCFS_L2_norm_flow_time
28,8.500000,262144,161622637.512341
28,9.800000,32768,150289182.263255
28,12.400000,4096,149792038.829520
28,18.900000,512,151926441.597878
28,56.300000,64,149955278.537028
28,60.000000,12,151341734.607118
28,60.000000,18,149167813.413815
28,60.000000,24,151277529.498717
28,100.000000,50,10767502.795649
28,500.000000,200,69524391.819079
28,2000.000000,800,287936487.822929
