arrival_rate,bp_parameter_L,bp_parameter_H,FCFS_L2_norm_flow_time
28,8.500000,262144,157580340.229126
28,9.800000,32768,119660234.347517
28,12.400000,4096,157664771.873283
28,18.900000,512,150740363.925918
28,56.300000,64,151132948.603496
28,60.000000,12,149507045.868844
28,60.000000,18,149766563.733485
28,60.000000,24,151769874.683587
28,100.000000,50,10877190.936179
28,500.000000,200,69848620.532145
28,2000.000000,800,287686889.885170
