arrival_rate,bp_parameter_L,bp_parameter_H,FCFS_L2_norm_flow_time
30,8.500000,262144,23283890.792460
30,9.800000,32768,16283769.936990
30,12.400000,4096,16709971.676538
30,18.900000,512,16844856.630171
30,56.300000,64,17590344.197689
30,60.000000,12,17618221.476155
30,60.000000,18,17446595.081526
30,60.000000,24,17820080.903244
