arrival_rate,bp_parameter_L,bp_parameter_H,FCFS_L2_norm_flow_time
30,8.500000,262144,29580340.740474
30,9.800000,32768,15420050.356678
30,12.400000,4096,16903627.568171
30,18.900000,512,17842670.661855
30,56.300000,64,17869227.370268
30,60.000000,12,17751638.338059
30,60.000000,18,17601989.171072
30,60.000000,24,18198325.702333
