arrival_rate,bp_parameter_L,bp_parameter_H,FCFS_L2_norm_flow_time
30,8.500000,262144,137645180.541930
30,9.800000,32768,130750535.844656
30,12.400000,4096,137181496.598786
30,18.900000,512,142250747.562822
30,56.300000,64,140549427.763988
30,60.000000,12,139555208.038103
30,60.000000,18,141217936.162890
30,60.000000,24,140383799.698743
30,100.000000,50,10378877.283588
30,500.000000,200,69058589.707343
30,2000.000000,800,284976201.861744
