arrival_rate,bp_parameter_L,bp_parameter_H,FCFS_L2_norm_flow_time
30,8.500000,262144,20323426.977934
30,9.800000,32768,15991615.917826
30,12.400000,4096,18091169.159059
30,18.900000,512,17156525.945084
30,56.300000,64,17581466.635107
30,60.000000,12,17625840.533353
30,60.000000,18,17462821.625245
30,60.000000,24,17299275.151597
