arrival_rate,bp_parameter_L,bp_parameter_H,FCFS_L2_norm_flow_time
30,8.500000,262144,17551934.630487
30,9.800000,32768,13482853.249426
30,12.400000,4096,17880892.772834
30,18.900000,512,17822830.409675
30,56.300000,64,17604979.062890
30,60.000000,12,17754469.586595
30,60.000000,18,17772271.886559
30,60.000000,24,17476638.601276
