arrival_rate,bp_parameter_L,bp_parameter_H,FCFS_L2_norm_flow_time
30,8.500000,262144,12568647.749202
30,9.800000,32768,19841038.637718
30,12.400000,4096,18528378.139271
30,18.900000,512,17782749.863112
30,56.300000,64,17685975.430054
30,60.000000,12,17646197.629224
30,60.000000,18,17716912.280314
30,60.000000,24,17625096.180941
