arrival_rate,bp_parameter_L,bp_parameter_H,FCFS_L2_norm_flow_time
30,8.500000,262144,25313116.628979
30,9.800000,32768,17037126.731121
30,12.400000,4096,16049873.024288
30,18.900000,512,17394105.851737
30,56.300000,64,17442032.914003
30,60.000000,12,17286025.183087
30,60.000000,18,17845158.345148
30,60.000000,24,17772683.452375
