arrival_rate,bp_parameter_L,bp_parameter_H,FCFS_L2_norm_flow_time
30,8.500000,262144,131846666.076746
30,9.800000,32768,128520894.026425
30,12.400000,4096,142924935.368400
30,18.900000,512,139919648.362002
30,56.300000,64,141804767.011213
