arrival_rate,bp_parameter_L,bp_parameter_H,FCFS_L2_norm_flow_time
32,8.500000,262144,15164510.920037
32,9.800000,32768,15097304.911884
32,12.400000,4096,15989780.570155
32,18.900000,512,17208991.562944
32,56.300000,64,16426780.956383
32,60.000000,12,16266875.590378
32,60.000000,18,16396815.724344
32,60.000000,24,16090633.559731
