arrival_rate,bp_parameter_L,bp_parameter_H,FCFS_L2_norm_flow_time
32,8.500000,262144,130132057.954070
32,9.800000,32768,132988503.602522
32,12.400000,4096,132671557.051991
32,18.900000,512,132025157.177022
32,56.300000,64,132020716.653808
32,60.000000,12,131294261.876814
32,60.000000,18,133668026.897601
32,60.000000,24,132098055.820606
32,100.000000,50,9981635.578289
32,500.000000,200,69085047.408053
32,2000.000000,800,288564228.642837
