arrival_rate,bp_parameter_L,bp_parameter_H,FCFS_L2_norm_flow_time
32,8.500000,262144,118708799.937031
32,9.800000,32768,127738729.067413
32,12.400000,4096,133995454.512579
32,18.900000,512,133040747.122804
32,56.300000,64,133419362.767355
