arrival_rate,bp_parameter_L,bp_parameter_H,FCFS_L2_norm_flow_time
32,8.500000,262144,106126344.997526
32,9.800000,32768,138332191.379246
32,12.400000,4096,137106305.861824
32,18.900000,512,132395078.912118
32,56.300000,64,130897756.365873
