arrival_rate,bp_parameter_L,bp_parameter_H,FCFS_L2_norm_flow_time
32,8.500000,262144,98569456.263665
32,9.800000,32768,139655845.504769
32,12.400000,4096,134778081.117804
32,18.900000,512,129985441.588935
32,56.300000,64,132719935.036064
