arrival_rate,bp_parameter_L,bp_parameter_H,FCFS_L2_norm_flow_time
32,8.500000,262144,20587318.117046
32,9.800000,32768,18295046.769324
32,12.400000,4096,14585928.172515
32,18.900000,512,16214347.086898
32,56.300000,64,16489700.581806
32,60.000000,12,16194744.703722
32,60.000000,18,16161155.795355
32,60.000000,24,16207878.728107
