arrival_rate,bp_parameter_L,bp_parameter_H,FCFS_L2_norm_flow_time
32,8.500000,262144,23234821.606041
32,9.800000,32768,16174459.922739
32,12.400000,4096,15730121.519771
32,18.900000,512,16140185.293469
32,56.300000,64,16468819.345891
32,60.000000,12,16447463.647651
32,60.000000,18,16735345.015280
32,60.000000,24,16633634.686667
