arrival_rate,bp_parameter_L,bp_parameter_H,FCFS_L2_norm_flow_time
32,8.500000,262144,9338533.026052
32,9.800000,32768,17296934.922406
32,12.400000,4096,17548094.047596
32,18.900000,512,16742113.895315
32,56.300000,64,16550494.286853
32,60.000000,12,16443208.404146
32,60.000000,18,16569340.280723
32,60.000000,24,16576096.171379
