arrival_rate,bp_parameter_L,bp_parameter_H,FCFS_L2_norm_flow_time
32,8.500000,262144,14733705.017866
32,9.800000,32768,14948242.270634
32,12.400000,4096,15783445.728513
32,18.900000,512,16981265.749220
32,56.300000,64,16437629.330717
32,60.000000,12,16258793.824372
32,60.000000,18,16193876.839677
32,60.000000,24,16839932.934115
