arrival_rate,bp_parameter_L,bp_parameter_H,FCFS_L2_norm_flow_time
32,8.500000,262144,123508872.574511
32,9.800000,32768,125769081.238248
32,12.400000,4096,130451099.274874
32,18.900000,512,133423047.497303
32,56.300000,64,131351407.467584
