arrival_rate,bp_parameter_L,bp_parameter_H,FCFS_L2_norm_flow_time
32,8.500000,262144,123021596.710194
32,9.800000,32768,117492770.261069
32,12.400000,4096,134297611.274659
32,18.900000,512,129181528.759044
32,56.300000,64,131146238.674153
32,60.000000,12,131781254.452849
32,60.000000,18,129030035.521362
32,60.000000,24,132334681.986161
32,100.000000,50,10101406.090869
32,500.000000,200,68099145.340341
32,2000.000000,800,288632998.854479
