arrival_rate,bp_parameter_L,bp_parameter_H,FCFS_L2_norm_flow_time
32,8.500000,262144,126717556.372047
32,9.800000,32768,121223740.202952
32,12.400000,4096,130080730.083031
32,18.900000,512,133051722.866240
32,56.300000,64,131704682.106340
