arrival_rate,bp_parameter_L,bp_parameter_H,FCFS_L2_norm_flow_time
34,8.500000,262144,13884053.459495
34,9.800000,32768,14780319.534144
34,12.400000,4096,13534180.585664
34,18.900000,512,15229991.176620
34,56.300000,64,15062631.182672
34,60.000000,12,15133941.931417
34,60.000000,18,15266218.981757
34,60.000000,24,15202872.551698
