arrival_rate,bp_parameter_L,bp_parameter_H,FCFS_L2_norm_flow_time
34,8.500000,262144,17076389.710048
34,9.800000,32768,16393759.751359
34,12.400000,4096,16108205.583120
34,18.900000,512,15208279.615122
34,56.300000,64,15400604.166075
34,60.000000,12,14951821.537562
34,60.000000,18,15436028.114643
34,60.000000,24,15171375.287331
