arrival_rate,bp_parameter_L,bp_parameter_H,FCFS_L2_norm_flow_time
34,8.500000,262144,14412875.044416
34,9.800000,32768,16741282.131642
34,12.400000,4096,12492183.787758
34,18.900000,512,14903277.067616
34,56.300000,64,15401818.756590
34,60.000000,12,15460074.010840
34,60.000000,18,15400545.740305
34,60.000000,24,15823236.865786
