arrival_rate,bp_parameter_L,bp_parameter_H,FCFS_L2_norm_flow_time
34,8.500000,262144,122675166.827546
34,9.800000,32768,114998669.769199
34,12.400000,4096,109378225.397246
34,18.900000,512,121433227.275021
34,56.300000,64,122380215.250785
