arrival_rate,bp_parameter_L,bp_parameter_H,FCFS_L2_norm_flow_time
34,8.500000,262144,14023735.005935
34,9.800000,32768,14292772.762926
34,12.400000,4096,14097072.510751
34,18.900000,512,15602007.789691
34,56.300000,64,15573903.038506
34,60.000000,12,15353613.277176
34,60.000000,18,15095087.559838
34,60.000000,24,15522352.952193
