arrival_rate,bp_parameter_L,bp_parameter_H,FCFS_L2_norm_flow_time
36,8.500000,262144,127997634.541533
36,9.800000,32768,99368185.795450
36,12.400000,4096,121279776.496460
36,18.900000,512,113228591.276842
36,56.300000,64,114080060.888678
36,60.000000,12,112583292.236681
36,60.000000,18,112261935.015313
36,60.000000,24,115823493.187844
36,100.000000,50,9718507.039942
36,500.000000,200,67541809.477872
36,2000.000000,800,289025642.368558
