arrival_rate,bp_parameter_L,bp_parameter_H,FCFS_L2_norm_flow_time
36,8.500000,262144,92702844.499668
36,9.800000,32768,104470924.213399
36,12.400000,4096,110629464.571356
36,18.900000,512,111665860.242345
36,56.300000,64,112218897.224821
36,60.000000,12,111986073.925321
36,60.000000,18,111906181.998265
36,60.000000,24,112485075.120263
36,100.000000,50,9313794.824337
36,500.000000,200,67931265.075479
36,2000.000000,800,287183385.129351
