arrival_rate,bp_parameter_L,bp_parameter_H,FCFS_L2_norm_flow_time
36,8.500000,262144,153203920.607112
36,9.800000,32768,122469456.915565
36,12.400000,4096,109713361.268986
36,18.900000,512,111473628.164908
36,56.300000,64,114715014.783860
