arrival_rate,bp_parameter_L,bp_parameter_H,FCFS_L2_norm_flow_time
36,8.500000,262144,24124908.018953
36,9.800000,32768,8458544.233306
36,12.400000,4096,12710440.408132
36,18.900000,512,14391198.649242
36,56.300000,64,14052623.535451
36,60.000000,12,14441325.515956
36,60.000000,18,14115176.496882
36,60.000000,24,14483527.491130
