arrival_rate,bp_parameter_L,bp_parameter_H,FCFS_L2_norm_flow_time
36,8.500000,262144,18574470.031933
36,9.800000,32768,13480219.868653
36,12.400000,4096,16172589.483975
36,18.900000,512,13960351.551815
36,56.300000,64,14026632.523056
36,60.000000,12,14235181.600054
36,60.000000,18,13892740.062529
36,60.000000,24,14144877.512965
