arrival_rate,bp_parameter_L,bp_parameter_H,FCFS_L2_norm_flow_time
36,8.500000,262144,15783708.020349
36,9.800000,32768,13245321.045385
36,12.400000,4096,13175605.653862
36,18.900000,512,14999366.636680
36,56.300000,64,14114159.363066
36,60.000000,12,13916509.950840
36,60.000000,18,14206105.506119
36,60.000000,24,14250515.984448
