arrival_rate,bp_parameter_L,bp_parameter_H,FCFS_L2_norm_flow_time
36,8.500000,262144,12673016.356914
36,9.800000,32768,12833319.291609
36,12.400000,4096,14156248.838557
36,18.900000,512,14259481.417603
36,56.300000,64,14043184.903443
36,60.000000,12,13896304.234561
36,60.000000,18,14025114.087050
36,60.000000,24,14485957.092495
