arrival_rate,bp_parameter_L,bp_parameter_H,FCFS_L2_norm_flow_time
36,8.500000,262144,106378042.128599
36,9.800000,32768,108559461.610121
36,12.400000,4096,116036752.869653
36,18.900000,512,113621794.051914
36,56.300000,64,112016936.089986
36,60.000000,12,113637055.202736
36,60.000000,18,113390698.567779
36,60.000000,24,114161421.783066
36,100.000000,50,9512959.869652
36,500.000000,200,67856280.291432
36,2000.000000,800,286728983.656315
