arrival_rate,bp_parameter_L,bp_parameter_H,FCFS_L2_norm_flow_time
36,8.500000,262144,83273294.230850
36,9.800000,32768,113106221.146158
36,12.400000,4096,118335756.386519
36,18.900000,512,108754017.995185
36,56.300000,64,112864301.709440
36,60.000000,12,112833594.469978
36,60.000000,18,110914353.411499
36,60.000000,24,113577389.189732
36,100.000000,50,9385977.838232
36,500.000000,200,68628940.106442
36,2000.000000,800,288691303.049991
