arrival_rate,bp_parameter_L,bp_parameter_H,FCFS_L2_norm_flow_time
36,8.500000,262144,12342410.655981
36,9.800000,32768,15078457.914969
36,12.400000,4096,13055881.830144
36,18.900000,512,14390852.825221
36,56.300000,64,13929237.389953
36,60.000000,12,14249308.810371
36,60.000000,18,14540364.137299
36,60.000000,24,13936140.427867
