arrival_rate,bp_parameter_L,bp_parameter_H,FCFS_L2_norm_flow_time
38,8.500000,262144,7913657.643367
38,9.800000,32768,17189475.377813
38,12.400000,4096,12176462.191350
38,18.900000,512,13467274.793044
38,56.300000,64,13215627.897129
38,60.000000,12,13232789.952007
38,60.000000,18,12556804.088025
38,60.000000,24,12648916.634145
