arrival_rate,bp_parameter_L,bp_parameter_H,FCFS_L2_norm_flow_time
38,8.500000,262144,23477409.950615
38,9.800000,32768,19750171.570549
38,12.400000,4096,12739791.668041
38,18.900000,512,13091311.181314
38,56.300000,64,12941805.280707
38,60.000000,12,12934926.890481
38,60.000000,18,12786859.259217
38,60.000000,24,13178150.980783
