arrival_rate,bp_parameter_L,bp_parameter_H,FCFS_L2_norm_flow_time
38,8.500000,262144,12308485.980132
38,9.800000,32768,17664402.645780
38,12.400000,4096,10900572.288782
38,18.900000,512,12586159.614178
38,56.300000,64,12799843.606356
38,60.000000,12,13231397.365109
38,60.000000,18,12969985.893056
38,60.000000,24,13241461.287870
