arrival_rate,bp_parameter_L,bp_parameter_H,FCFS_L2_norm_flow_time
38,8.500000,262144,95235539.256377
38,9.800000,32768,107636822.885862
38,12.400000,4096,104800486.935588
38,18.900000,512,97380116.512053
38,56.300000,64,102158601.107749
38,60.000000,12,102561375.917720
38,60.000000,18,101634362.640810
38,60.000000,24,104964161.537503
38,100.000000,50,9468350.995071
38,500.000000,200,67709134.461492
38,2000.000000,800,286722129.119420
