arrival_rate,bp_parameter_L,bp_parameter_H,FCFS_L2_norm_flow_time
38,8.500000,262144,118905047.670507
38,9.800000,32768,99499195.758801
38,12.400000,4096,102727111.851261
38,18.900000,512,103885952.187380
38,56.300000,64,103416635.925489
