arrival_rate,bp_parameter_L,bp_parameter_H,FCFS_L2_norm_flow_time
40,8.500000,262144,160958549.633842
40,9.800000,32768,100684981.707219
40,12.400000,4096,95182027.396535
40,18.900000,512,92343445.977433
40,56.300000,64,92107369.960276
40,60.000000,12,96690797.786796
40,60.000000,18,97264567.846637
40,60.000000,24,93319641.235055
40,100.000000,50,8791955.637609
40,500.000000,200,67217271.297467
40,2000.000000,800,284211293.320909
