arrival_rate,bp_parameter_L,bp_parameter_H,FCFS_L2_norm_flow_time
40,8.500000,262144,114570777.404387
40,9.800000,32768,86253429.696465
40,12.400000,4096,95528092.382454
40,18.900000,512,96167595.601525
40,56.300000,64,93992472.890811
40,60.000000,12,94550657.555346
40,60.000000,18,95203993.561091
40,60.000000,24,96190729.687262
40,100.000000,50,8844732.089584
40,500.000000,200,67388668.259110
40,2000.000000,800,285455591.259295
