arrival_rate,bp_parameter_L,bp_parameter_H,FCFS_L2_norm_flow_time
40,8.500000,262144,160941126.178801
40,9.800000,32768,93035880.334247
40,12.400000,4096,90920937.332617
40,18.900000,512,92547848.981842
40,56.300000,64,94994898.172566
