arrival_rate,bp_parameter_L,bp_parameter_H,FCFS_L2_norm_flow_time
40,8.500000,262144,6685948.579540
40,9.800000,32768,9767989.935706
40,12.400000,4096,11373625.475523
40,18.900000,512,12012658.431004
40,56.300000,64,12036056.561744
40,60.000000,12,11320826.823390
40,60.000000,18,11521302.332164
40,60.000000,24,11396835.114644
