arrival_rate,bp_parameter_L,bp_parameter_H,FCFS_L2_norm_flow_time
40,8.500000,262144,66619512.938668
40,9.800000,32768,100471094.400041
40,12.400000,4096,100297096.400687
40,18.900000,512,96709269.860808
40,56.300000,64,94213696.410568
