arrival_rate,bp_parameter_L,bp_parameter_H,FCFS_L2_norm_flow_time
40,8.500000,262144,83382694.253253
40,9.800000,32768,89060217.144286
40,12.400000,4096,91194369.520368
40,18.900000,512,97207558.518509
40,56.300000,64,95259460.214504
40,60.000000,12,93711189.802810
40,60.000000,18,94543382.461120
40,60.000000,24,94011358.219947
40,100.000000,50,9117417.367153
40,500.000000,200,67854602.779143
40,2000.000000,800,287010921.477196
