arrival_rate,bp_parameter_L,bp_parameter_H,FCFS_L2_norm_flow_time
40,8.500000,262144,9178346.632974
40,9.800000,32768,8323907.026004
40,12.400000,4096,12453184.193973
40,18.900000,512,11871620.333233
40,56.300000,64,11862667.346620
40,60.000000,12,11659743.934968
40,60.000000,18,11730609.188165
40,60.000000,24,11872893.320727
