arrival_rate,bp_parameter_L,bp_parameter_H,FCFS_L2_norm_flow_time
40,8.500000,262144,91017202.936340
40,9.800000,32768,101750549.058274
40,12.400000,4096,91893338.261658
40,18.900000,512,97993245.315636
40,56.300000,64,92757663.599128
