arrival_rate,bp_parameter_L,bp_parameter_H,FCFS_L2_norm_flow_time
40,8.500000,262144,9769370.716879
40,9.800000,32768,8678273.992199
40,12.400000,4096,12687878.425948
40,18.900000,512,11837120.137436
40,56.300000,64,11440815.623784
40,60.000000,12,11389560.661161
40,60.000000,18,11824571.545646
40,60.000000,24,11584973.229948
