arrival_rate,bp_parameter_L,bp_parameter_H,FCFS_L2_norm_flow_time
20,4.073000,262144,4648247.148495
20,4.639000,32768,6130697.454505
20,5.649000,4096,6320795.195621
20,7.918000,512,6104195.229709
20,16.772000,64,5748847.710745
20,30.000000,6,6016193.752915
20,30.000000,9,6188543.441870
20,30.000000,12,6074881.893739
