arrival_rate,bp_parameter_L,bp_parameter_H,FCFS_L2_norm_flow_time
20,4.073000,262144,81259819.328663
20,4.639000,32768,40089397.324845
20,5.649000,4096,48144814.663154
20,7.918000,512,47696601.935135
20,16.772000,64,48349658.001748
