arrival_rate,bp_parameter_L,bp_parameter_H,FCFS_L2_norm_flow_time
20,4.073000,262144,36809227.712510
20,4.639000,32768,42282104.718408
20,5.649000,4096,48916606.438129
20,7.918000,512,46713395.420781
20,16.772000,64,47815853.538928
20,30.000000,6,47936573.173817
20,30.000000,9,48306735.329336
20,30.000000,12,48292073.115545
20,50.000000,25,4452616.706794
20,250.000000,100,33951332.588609
20,1000.000000,400,142442356.448674
