arrival_rate,bp_parameter_L,bp_parameter_H,FCFS_L2_norm_flow_time
20,4.073000,262144,66060366.073499
20,4.639000,32768,47639091.168317
20,5.649000,4096,45653394.537614
20,7.918000,512,47202211.531911
20,16.772000,64,47842443.926552
20,30.000000,6,49924190.351210
20,30.000000,9,47267380.325698
20,30.000000,12,47552575.385830
20,50.000000,25,4542914.046065
20,250.000000,100,33828911.719526
20,1000.000000,400,143323667.985098
