arrival_rate,bp_parameter_L,bp_parameter_H,FCFS_L2_norm_flow_time
20,4.073000,262144,4308322.183750
20,4.639000,32768,3063545.328913
20,5.649000,4096,5577778.589829
20,7.918000,512,6039003.971867
20,16.772000,64,6079887.388820
20,30.000000,6,6100248.300874
20,30.000000,9,5629624.968453
20,30.000000,12,6073904.342470
