arrival_rate,bp_parameter_L,bp_parameter_H,FCFS_L2_norm_flow_time
20,4.073000,262144,36031600.520795
20,4.639000,32768,43707017.906781
20,5.649000,4096,48171083.311588
20,7.918000,512,48723190.497588
20,16.772000,64,48411208.777373
20,30.000000,6,48808316.028356
20,30.000000,9,47981253.454517
20,30.000000,12,48689092.301701
20,50.000000,25,4479795.845762
20,250.000000,100,33525828.912727
20,1000.000000,400,143250373.512124
