arrival_rate,bp_parameter_L,bp_parameter_H,FCFS_L2_norm_flow_time
20,4.073000,262144,32342063.536481
20,4.639000,32768,63693103.079116
20,5.649000,4096,50141206.777459
20,7.918000,512,49988580.320365
20,16.772000,64,47426801.996734
