arrival_rate,bp_parameter_L,bp_parameter_H,FCFS_L2_norm_flow_time
20,4.073000,262144,40406023.384639
20,4.639000,32768,49926094.237938
20,5.649000,4096,46330999.207906
20,7.918000,512,47879187.744972
20,16.772000,64,47456914.011201
20,30.000000,6,48373250.227764
20,30.000000,9,48189191.347584
20,30.000000,12,48932522.320970
