arrival_rate,bp_parameter_L,bp_parameter_H,FCFS_L2_norm_flow_time
20,4.073000,262144,33891828.143184
20,4.639000,32768,62348758.642741
20,5.649000,4096,49683850.092774
20,7.918000,512,49500779.957285
20,16.772000,64,48652061.216177
20,30.000000,6,47864757.246603
20,30.000000,9,48398848.083067
20,30.000000,12,47740558.604094
