arrival_rate,bp_parameter_L,bp_parameter_H,FCFS_L2_norm_flow_time
20,4.073000,262144,36417514.536843
20,4.639000,32768,51586431.353602
20,5.649000,4096,51403192.212168
20,7.918000,512,48608678.662050
20,16.772000,64,48577031.721137
20,30.000000,6,48595149.866466
20,30.000000,9,49371822.614597
20,30.000000,12,48026260.285365
