arrival_rate,bp_parameter_L,bp_parameter_H,FCFS_L2_norm_flow_time
20,4.073000,262144,9197823.816906
20,4.639000,32768,8240259.453550
20,5.649000,4096,4873457.991190
20,7.918000,512,6496503.048149
20,16.772000,64,5952889.770296
20,30.000000,6,5966838.094183
20,30.000000,9,6104894.617363
20,30.000000,12,6204403.771663
