arrival_rate,bp_parameter_L,bp_parameter_H,FCFS_L2_norm_flow_time
20,4.073000,262144,65693817.715215
20,4.639000,32768,47845039.498302
20,5.649000,4096,49930967.799609
20,7.918000,512,48766997.050248
20,16.772000,64,47838164.812845
20,30.000000,6,47944165.938489
20,30.000000,9,47902073.440556
20,30.000000,12,48477058.146889
