arrival_rate,bp_parameter_L,bp_parameter_H,FCFS_L2_norm_flow_time
20,4.073000,262144,41224984.282722
20,4.639000,32768,58829160.814247
20,5.649000,4096,47178456.287522
20,7.918000,512,50257614.541895
20,16.772000,64,48718535.984325
20,30.000000,6,48459849.838655
20,30.000000,9,48276397.094538
20,30.000000,12,48240475.814409
20,50.000000,25,4484011.078540
20,250.000000,100,33648624.347248
20,1000.000000,400,141855397.661875
