arrival_rate,bp_parameter_L,bp_parameter_H,FCFS_L2_norm_flow_time
20,4.073000,262144,37400666.126478
20,4.639000,32768,51230471.625831
20,5.649000,4096,44855847.669948
20,7.918000,512,48776910.679549
20,16.772000,64,48961024.986531
20,30.000000,6,47828464.986119
20,30.000000,9,47366418.877879
20,30.000000,12,48842786.559764
20,50.000000,25,4550667.285460
20,250.000000,100,33639437.121904
20,1000.000000,400,143515644.413838
