arrival_rate,bp_parameter_L,bp_parameter_H,FCFS_L2_norm_flow_time
22,4.073000,262144,46665184.581218
22,4.639000,32768,38557109.013744
22,5.649000,4096,36240633.019442
22,7.918000,512,39620263.095696
22,16.772000,64,38601440.500938
22,30.000000,6,39107599.940399
22,30.000000,9,41089807.511215
22,30.000000,12,38654853.355643
22,50.000000,25,3955766.596212
22,250.000000,100,32879986.087866
22,1000.000000,400,144355750.157023
