arrival_rate,bp_parameter_L,bp_parameter_H,FCFS_L2_norm_flow_time
22,4.073000,262144,7710559.622635
22,4.639000,32768,11287791.259464
22,5.649000,4096,5070934.285087
22,7.918000,512,4831888.193242
22,16.772000,64,4837828.732384
22,30.000000,6,4877207.833292
22,30.000000,9,4863655.021807
22,30.000000,12,5045882.027798
