arrival_rate,bp_parameter_L,bp_parameter_H,FCFS_L2_norm_flow_time
22,4.073000,262144,35528819.713261
22,4.639000,32768,57388926.995672
22,5.649000,4096,35301427.151495
22,7.918000,512,39169209.531764
22,16.772000,64,38231763.583353
22,30.000000,6,38466244.296470
22,30.000000,9,40162886.804109
22,30.000000,12,39731179.984428
