arrival_rate,bp_parameter_L,bp_parameter_H,FCFS_L2_norm_flow_time
22,4.073000,262144,42744597.043899
22,4.639000,32768,40991608.096817
22,5.649000,4096,33753279.545494
22,7.918000,512,37736402.312075
22,16.772000,64,39558041.265080
22,30.000000,6,39112136.821312
22,30.000000,9,39066970.443999
22,30.000000,12,40147643.917997
