arrival_rate,bp_parameter_L,bp_parameter_H,FCFS_L2_norm_flow_time
22,4.073000,262144,41311812.408561
22,4.639000,32768,48023271.469557
22,5.649000,4096,44539430.782102
22,7.918000,512,38090952.772877
22,16.772000,64,39465328.971649
