arrival_rate,bp_parameter_L,bp_parameter_H,FCFS_L2_norm_flow_time
22,4.073000,262144,25974116.305412
22,4.639000,32768,39492452.897821
22,5.649000,4096,40937342.611477
22,7.918000,512,39776174.475585
22,16.772000,64,40299869.129268
22,30.000000,6,38433981.923800
22,30.000000,9,39544384.188750
22,30.000000,12,39799816.869112
22,50.000000,25,4153882.363328
22,250.000000,100,32856095.765591
22,1000.000000,400,143763283.178182
