arrival_rate,bp_parameter_L,bp_parameter_H,FCFS_L2_norm_flow_time
22,4.073000,262144,2176377.338265
22,4.639000,32768,2747133.431709
22,5.649000,4096,3824664.002186
22,7.918000,512,4959587.184552
22,16.772000,64,4750346.132426
22,30.000000,6,4711272.018817
22,30.000000,9,5105374.196429
22,30.000000,12,4908775.356910
