arrival_rate,bp_parameter_L,bp_parameter_H,FCFS_L2_norm_flow_time
22,4.073000,262144,64110428.086266
22,4.639000,32768,33506300.005800
22,5.649000,4096,41451493.511244
22,7.918000,512,40476626.695296
22,16.772000,64,38730704.677585
