arrival_rate,bp_parameter_L,bp_parameter_H,FCFS_L2_norm_flow_time
22,4.073000,262144,51350660.152285
22,4.639000,32768,32494178.860615
22,5.649000,4096,40142092.272778
22,7.918000,512,39989643.996011
22,16.772000,64,37920494.812402
22,30.000000,6,39846971.912770
22,30.000000,9,38859654.604623
22,30.000000,12,38860329.620384
22,50.000000,25,4255228.393573
22,250.000000,100,33632483.638942
22,1000.000000,400,140933550.390507
