arrival_rate,bp_parameter_L,bp_parameter_H,FCFS_L2_norm_flow_time
22,4.073000,262144,13432224.889074
22,4.639000,32768,13141527.529603
22,5.649000,4096,4242434.493400
22,7.918000,512,5008199.912498
22,16.772000,64,4724471.057104
22,30.000000,6,5074770.633089
22,30.000000,9,4946082.502801
22,30.000000,12,4893928.335595
