arrival_rate,bp_parameter_L,bp_parameter_H,FCFS_L2_norm_flow_time
22,4.073000,262144,59872669.563637
22,4.639000,32768,32903405.298221
22,5.649000,4096,37636297.044683
22,7.918000,512,40056702.427245
22,16.772000,64,39645617.306856
22,30.000000,6,39670508.814101
22,30.000000,9,39119369.084560
22,30.000000,12,39996216.765094
22,50.000000,25,4188388.166785
22,250.000000,100,33063149.567477
22,1000.000000,400,143687079.432254
