arrival_rate,bp_parameter_L,bp_parameter_H,FCFS_L2_norm_flow_time
22,4.073000,262144,81026656.722197
22,4.639000,32768,41246957.214922
22,5.649000,4096,37309155.676390
22,7.918000,512,41008795.200992
22,16.772000,64,38801760.481552
