arrival_rate,bp_parameter_L,bp_parameter_H,FCFS_L2_norm_flow_time
22,4.073000,262144,663629.262778
22,4.639000,32768,4058871.423545
22,5.649000,4096,5088250.980912
22,7.918000,512,5069584.536109
22,16.772000,64,4912845.808556
22,30.000000,6,5060975.635261
22,30.000000,9,5002872.920549
22,30.000000,12,5040986.914853
