arrival_rate,bp_parameter_L,bp_parameter_H,FCFS_L2_norm_flow_time
22,4.073000,262144,4971089.961808
22,4.639000,32768,4342739.471256
22,5.649000,4096,5551817.656821
22,7.918000,512,4768773.218683
22,16.772000,64,4734482.094297
22,30.000000,6,4807427.256142
22,30.000000,9,5168314.651358
22,30.000000,12,4772964.279514
