arrival_rate,bp_parameter_L,bp_parameter_H,FCFS_L2_norm_flow_time
22,4.073000,262144,2333767.501383
22,4.639000,32768,5018316.845267
22,5.649000,4096,5312125.512624
22,7.918000,512,4285427.417736
22,16.772000,64,4821869.194990
22,30.000000,6,4598159.583411
22,30.000000,9,4813521.801151
22,30.000000,12,5251449.486224
