arrival_rate,bp_parameter_L,bp_parameter_H,FCFS_L2_norm_flow_time
22,4.073000,262144,45068309.611679
22,4.639000,32768,36413658.511826
22,5.649000,4096,45258513.057070
22,7.918000,512,38951836.096018
22,16.772000,64,38690125.636051
22,30.000000,6,38874118.094964
22,30.000000,9,39255157.510294
22,30.000000,12,39840017.395950
