arrival_rate,bp_parameter_L,bp_parameter_H,FCFS_L2_norm_flow_time
24,4.073000,262144,16862793.052241
24,4.639000,32768,33454616.600336
24,5.649000,4096,27393846.875728
24,7.918000,512,28338841.483014
24,16.772000,64,30155168.271594
24,30.000000,6,30299153.390144
24,30.000000,9,29812291.143926
24,30.000000,12,29382872.066247
