arrival_rate,bp_parameter_L,bp_parameter_H,FCFS_L2_norm_flow_time
24,4.073000,262144,46423435.100309
24,4.639000,32768,19023436.285613
24,5.649000,4096,29493706.223433
24,7.918000,512,31523533.863511
24,16.772000,64,29849994.044886
