arrival_rate,bp_parameter_L,bp_parameter_H,FCFS_L2_norm_flow_time
24,4.073000,262144,42671045.375189
24,4.639000,32768,28935537.858560
24,5.649000,4096,29124369.940759
24,7.918000,512,30036029.494906
24,16.772000,64,29508814.244259
24,30.000000,6,28996155.038861
24,30.000000,9,29501768.835602
24,30.000000,12,30302159.027934
