arrival_rate,bp_parameter_L,bp_parameter_H,FCFS_L2_norm_flow_time
24,4.073000,262144,25222228.710343
24,4.639000,32768,22622708.936585
24,5.649000,4096,26740863.588682
24,7.918000,512,31587650.924196
24,16.772000,64,30147520.434601
