arrival_rate,bp_parameter_L,bp_parameter_H,FCFS_L2_norm_flow_time
24,4.073000,262144,57421759.569304
24,4.639000,32768,36790804.150702
24,5.649000,4096,23771136.623453
24,7.918000,512,30843951.350910
24,16.772000,64,29787977.698297
24,30.000000,6,30155493.260301
24,30.000000,9,31339332.894608
24,30.000000,12,29210110.105822
24,50.000000,25,3842608.099208
24,250.000000,100,33142107.727952
24,1000.000000,400,144578529.545352
