arrival_rate,bp_parameter_L,bp_parameter_H,FCFS_L2_norm_flow_time
24,4.073000,262144,4994570.549280
24,4.639000,32768,2477813.863885
24,5.649000,4096,3225922.840004
24,7.918000,512,4064969.935562
24,16.772000,64,3746863.660062
24,30.000000,6,3725335.452169
24,30.000000,9,3796931.927623
24,30.000000,12,3844611.325464
