arrival_rate,bp_parameter_L,bp_parameter_H,FCFS_L2_norm_flow_time
24,4.073000,262144,10763737.364609
24,4.639000,32768,1536853.842845
24,5.649000,4096,4864317.729995
24,7.918000,512,3386066.357096
24,16.772000,64,3573378.978825
24,30.000000,6,3879914.321593
24,30.000000,9,3550263.996019
24,30.000000,12,3881869.049192
