arrival_rate,bp_parameter_L,bp_parameter_H,FCFS_L2_norm_flow_time
24,4.073000,262144,1385235.818422
24,4.639000,32768,3787362.478724
24,5.649000,4096,3445770.727227
24,7.918000,512,4102055.469646
24,16.772000,64,3886476.243001
24,30.000000,6,3748613.615861
24,30.000000,9,3492121.983891
24,30.000000,12,4057653.130208
