arrival_rate,bp_parameter_L,bp_parameter_H,FCFS_L2_norm_flow_time
24,4.073000,262144,51957875.079706
24,4.639000,32768,37287074.825950
24,5.649000,4096,29463251.600952
24,7.918000,512,29826950.246502
24,16.772000,64,29090317.545106
