arrival_rate,bp_parameter_L,bp_parameter_H,FCFS_L2_norm_flow_time
26,4.073000,262144,9679603.080746
26,4.639000,32768,16436953.048878
26,5.649000,4096,20563562.380749
26,7.918000,512,22410861.263350
26,16.772000,64,21002157.995026
26,30.000000,6,20011020.427389
26,30.000000,9,21071990.225485
26,30.000000,12,20587868.320240
26,50.000000,25,3604577.931064
26,250.000000,100,32412111.154840
26,1000.000000,400,142798002.240098
