arrival_rate,bp_parameter_L,bp_parameter_H,FCFS_L2_norm_flow_time
26,4.073000,262144,16878096.373153
26,4.639000,32768,12705304.276090
26,5.649000,4096,21732958.274516
26,7.918000,512,19730188.774996
26,16.772000,64,20302627.816729
26,30.000000,6,19816135.749271
26,30.000000,9,20358286.511244
26,30.000000,12,21058178.691208
26,50.000000,25,3683157.887461
26,250.000000,100,32467657.174740
26,1000.000000,400,142932749.203433
