arrival_rate,bp_parameter_L,bp_parameter_H,FCFS_L2_norm_flow_time
26,4.073000,262144,2607695.268693
26,4.639000,32768,7554807.062498
26,5.649000,4096,2264808.001230
26,7.918000,512,1766327.320297
26,16.772000,64,2826172.342602
26,30.000000,6,2396973.977803
26,30.000000,9,2351272.843538
26,30.000000,12,2793728.311964
