arrival_rate,bp_parameter_L,bp_parameter_H,FCFS_L2_norm_flow_time
26,4.073000,262144,2921086.646845
26,4.639000,32768,5654267.868494
26,5.649000,4096,2108831.268315
26,7.918000,512,2937857.847729
26,16.772000,64,2748370.624946
26,30.000000,6,2704954.455578
26,30.000000,9,2604267.282746
26,30.000000,12,2564044.254420
