arrival_rate,bp_parameter_L,bp_parameter_H,FCFS_L2_norm_flow_time
26,4.073000,262144,2076581.675956
26,4.639000,32768,866500.508118
26,5.649000,4096,2163381.744507
26,7.918000,512,2317031.231655
26,16.772000,64,2524739.432720
26,30.000000,6,2769268.827890
26,30.000000,9,2731928.402094
26,30.000000,12,2429867.076185
