arrival_rate,bp_parameter_L,bp_parameter_H,FCFS_L2_norm_flow_time
26,4.073000,262144,31990166.759612
26,4.639000,32768,42663935.442712
26,5.649000,4096,18407732.956778
26,7.918000,512,20305804.695570
26,16.772000,64,20691130.060764
26,30.000000,6,20785210.291670
26,30.000000,9,20497420.269950
26,30.000000,12,21214691.439710
