arrival_rate,bp_parameter_L,bp_parameter_H,FCFS_L2_norm_flow_time
26,4.073000,262144,11076865.644332
26,4.639000,32768,16148975.564953
26,5.649000,4096,22809696.264731
26,7.918000,512,18978315.283866
26,16.772000,64,21510841.237245
26,30.000000,6,19831397.900150
26,30.000000,9,19879452.254194
26,30.000000,12,21240316.410407
26,50.000000,25,3663005.420229
26,250.000000,100,33375181.625258
26,1000.000000,400,140817129.299497
