arrival_rate,bp_parameter_L,bp_parameter_H,FCFS_L2_norm_flow_time
26,4.073000,262144,3871368.060063
26,4.639000,32768,2101436.065473
26,5.649000,4096,1142490.115079
26,7.918000,512,2368099.824398
26,16.772000,64,2387609.279977
26,30.000000,6,2610788.098319
26,30.000000,9,2411885.901960
26,30.000000,12,2655953.375057
