arrival_rate,bp_parameter_L,bp_parameter_H,FCFS_L2_norm_flow_time
26,4.073000,262144,4016420.379659
26,4.639000,32768,1240461.055017
26,5.649000,4096,3101913.112674
26,7.918000,512,2630783.725515
26,16.772000,64,2434824.190094
26,30.000000,6,2474752.228399
26,30.000000,9,2665831.769828
26,30.000000,12,2419701.418094
