arrival_rate,bp_parameter_L,bp_parameter_H,FCFS_L2_norm_flow_time
26,4.073000,262144,71516553.239086
26,4.639000,32768,17864140.545262
26,5.649000,4096,20034861.040349
26,7.918000,512,22461639.016473
26,16.772000,64,19848562.322529
