arrival_rate,bp_parameter_L,bp_parameter_H,FCFS_L2_norm_flow_time
26,4.073000,262144,1748149.351360
26,4.639000,32768,4011253.154819
26,5.649000,4096,3027825.432364
26,7.918000,512,2293939.200479
26,16.772000,64,2589135.061430
26,30.000000,6,2662767.849299
26,30.000000,9,2699291.650664
26,30.000000,12,2367334.126423
