arrival_rate,bp_parameter_L,bp_parameter_H,FCFS_L2_norm_flow_time
28,4.073000,262144,7215335.291937
28,4.639000,32768,12692425.728446
28,5.649000,4096,11702877.826496
28,7.918000,512,11957356.159251
28,16.772000,64,11888723.634224
28,30.000000,6,11307218.562519
28,30.000000,9,11994304.742315
28,30.000000,12,11254214.187199
28,50.000000,25,3245248.779331
28,250.000000,100,32425108.615996
28,1000.000000,400,142949078.838721
