arrival_rate,bp_parameter_L,bp_parameter_H,FCFS_L2_norm_flow_time
28,4.073000,262144,3304944.390265
28,4.639000,32768,2057848.703375
28,5.649000,4096,1513148.676961
28,7.918000,512,1331718.885110
28,16.772000,64,1122896.720727
28,30.000000,6,1515589.905486
28,30.000000,9,1564207.051152
28,30.000000,12,1621848.030218
