arrival_rate,bp_parameter_L,bp_parameter_H,FCFS_L2_norm_flow_time
28,4.073000,262144,3113936.272525
28,4.639000,32768,3552375.811851
28,5.649000,4096,2775034.077057
28,7.918000,512,1791102.716668
28,16.772000,64,1254846.241319
28,30.000000,6,1526528.769018
28,30.000000,9,1362325.778808
28,30.000000,12,1682095.586861
