arrival_rate,bp_parameter_L,bp_parameter_H,FCFS_L2_norm_flow_time
28,4.073000,262144,5859015.701821
28,4.639000,32768,5782505.691653
28,5.649000,4096,12279263.701807
28,7.918000,512,9902330.850097
28,16.772000,64,11434523.994379
28,30.000000,6,12095324.490971
28,30.000000,9,10904457.445086
28,30.000000,12,11399576.771984
28,50.000000,25,3342378.461150
28,250.000000,100,32568451.629081
28,1000.000000,400,142051915.838903
