arrival_rate,bp_parameter_L,bp_parameter_H,FCFS_L2_norm_flow_time
28,4.073000,262144,3145877.626605
28,4.639000,32768,6552147.478341
28,5.649000,4096,12070877.989744
28,7.918000,512,10159288.768646
28,16.772000,64,12964344.257439
28,30.000000,6,11907915.817836
28,30.000000,9,11350910.336699
28,30.000000,12,12082895.728740
