arrival_rate,bp_parameter_L,bp_parameter_H,FCFS_L2_norm_flow_time
28,4.073000,262144,39490626.755754
28,4.639000,32768,12954179.203230
28,5.649000,4096,11441694.550829
28,7.918000,512,13384707.805758
28,16.772000,64,12132272.927016
28,30.000000,6,11126104.483935
28,30.000000,9,11510169.325998
28,30.000000,12,12628708.793453
28,50.000000,25,3276269.756335
28,250.000000,100,32813876.260228
28,1000.000000,400,141664965.332334
