arrival_rate,bp_parameter_L,bp_parameter_H,FCFS_L2_norm_flow_time
28,4.073000,262144,4544846.402703
28,4.639000,32768,1399851.340921
28,5.649000,4096,1930411.185572
28,7.918000,512,1916189.492061
28,16.772000,64,1488642.358127
28,30.000000,6,1414030.766870
28,30.000000,9,1475287.949030
28,30.000000,12,1517391.917684
