arrival_rate,bp_parameter_L,bp_parameter_H,FCFS_L2_norm_flow_time
28,4.073000,262144,39515453.284179
28,4.639000,32768,28111979.284225
28,5.649000,4096,13961298.915055
28,7.918000,512,10954265.513904
28,16.772000,64,10550931.820940
28,30.000000,6,11849668.328004
28,30.000000,9,12005471.358931
28,30.000000,12,11956774.253394
