arrival_rate,bp_parameter_L,bp_parameter_H,FCFS_L2_norm_flow_time
28,4.073000,262144,11030035.824263
28,4.639000,32768,4614699.005550
28,5.649000,4096,3738920.731180
28,7.918000,512,1265914.364926
28,16.772000,64,1416964.520151
28,30.000000,6,1676777.005586
28,30.000000,9,1545050.262411
28,30.000000,12,1517525.552646
