arrival_rate,bp_parameter_L,bp_parameter_H,FCFS_L2_norm_flow_time
28,4.073000,262144,9530482.295836
28,4.639000,32768,3023072.967494
28,5.649000,4096,11937842.324824
28,7.918000,512,10466676.332238
28,16.772000,64,11381803.853397
28,30.000000,6,11177199.454707
28,30.000000,9,11090450.231702
28,30.000000,12,13197567.539432
