arrival_rate,bp_parameter_L,bp_parameter_H,FCFS_L2_norm_flow_time
28,4.073000,262144,31668366.901825
28,4.639000,32768,14508590.183169
28,5.649000,4096,8856728.478625
28,7.918000,512,9455982.405798
28,16.772000,64,9978428.396614
28,30.000000,6,11391952.429174
28,30.000000,9,12073840.182143
28,30.000000,12,12697198.381600
28,50.000000,25,3322958.988776
28,250.000000,100,32996531.655125
28,1000.000000,400,142123577.551443
