arrival_rate,bp_parameter_L,bp_parameter_H,FCFS_L2_norm_flow_time
30,4.073000,262144,9889857.304638
30,4.639000,32768,6026519.202580
30,5.649000,4096,6570458.388969
30,7.918000,512,1645575.983168
30,16.772000,64,3176342.294930
30,30.000000,6,2693693.589402
30,30.000000,9,3004476.225059
30,30.000000,12,3920320.387569
30,50.000000,25,3110916.011980
30,250.000000,100,32675125.250491
30,1000.000000,400,140483595.697407
