arrival_rate,bp_parameter_L,bp_parameter_H,FCFS_L2_norm_flow_time
30,4.073000,262144,12939151.333880
30,4.639000,32768,3878343.494692
30,5.649000,4096,8481709.306458
30,7.918000,512,1851576.671174
30,16.772000,64,2981643.563997
