arrival_rate,bp_parameter_L,bp_parameter_H,FCFS_L2_norm_flow_time
30,4.073000,262144,19789168.111252
30,4.639000,32768,6324384.566843
30,5.649000,4096,4161292.131222
30,7.918000,512,2630904.208092
30,16.772000,64,3346298.983145
30,30.000000,6,1972794.524762
30,30.000000,9,2042945.513649
30,30.000000,12,1601778.291150
30,50.000000,25,3102496.364338
30,250.000000,100,32351083.039534
30,1000.000000,400,141705536.646805
