arrival_rate,bp_parameter_L,bp_parameter_H,FCFS_L2_norm_flow_time
30,4.073000,262144,6763025.160806
30,4.639000,32768,6544635.550214
30,5.649000,4096,1754889.337493
30,7.918000,512,2102153.756461
30,16.772000,64,1880429.231823
30,30.000000,6,2622763.270528
30,30.000000,9,1962138.262612
30,30.000000,12,2145544.963185
30,50.000000,25,3080843.684022
30,250.000000,100,32280275.634630
30,1000.000000,400,142771179.474418
