arrival_rate,bp_parameter_L,bp_parameter_H,FCFS_L2_norm_flow_time
30,4.073000,262144,753731.189294
30,4.639000,32768,595326.400926
30,5.649000,4096,1492747.137326
30,7.918000,512,883783.977118
30,16.772000,64,269723.559175
30,30.000000,6,221381.580121
30,30.000000,9,362631.238294
30,30.000000,12,378061.234543
