arrival_rate,bp_parameter_L,bp_parameter_H,FCFS_L2_norm_flow_time
30,4.073000,262144,2564020.917054
30,4.639000,32768,2650182.886959
30,5.649000,4096,371291.634907
30,7.918000,512,379490.242014
30,16.772000,64,300753.696315
30,30.000000,6,580566.151233
30,30.000000,9,613122.941510
30,30.000000,12,215520.208465
