arrival_rate,bp_parameter_L,bp_parameter_H,FCFS_L2_norm_flow_time
30,4.073000,262144,1856342.002171
30,4.639000,32768,330688.301586
30,5.649000,4096,2021934.496985
30,7.918000,512,246677.387261
30,16.772000,64,447847.456860
30,30.000000,6,579653.250412
30,30.000000,9,484780.580651
30,30.000000,12,253595.078408
