arrival_rate,bp_parameter_L,bp_parameter_H,FCFS_L2_norm_flow_time
32,4.073000,262144,11144891.818747
32,4.639000,32768,3909819.080332
32,5.649000,4096,1029921.379731
32,7.918000,512,203054.496769
32,16.772000,64,119081.293716
32,30.000000,6,129971.755751
32,30.000000,9,100603.636142
32,30.000000,12,119505.206594
