arrival_rate,bp_parameter_L,bp_parameter_H,FCFS_L2_norm_flow_time
32,4.073000,262144,7829498.224462
32,4.639000,32768,2882883.438315
32,5.649000,4096,2036745.130283
32,7.918000,512,439631.205229
32,16.772000,64,102599.905054
32,30.000000,6,126517.172787
32,30.000000,9,117150.701795
32,30.000000,12,125928.247387
