arrival_rate,bp_parameter_L,bp_parameter_H,FCFS_L2_norm_flow_time
32,4.073000,262144,8455787.771304
32,4.639000,32768,3458549.913040
32,5.649000,4096,1277627.135083
32,7.918000,512,528246.240880
32,16.772000,64,91281.625150
32,30.000000,6,92955.306842
32,30.000000,9,102528.931863
32,30.000000,12,124529.156490
32,50.000000,25,2834378.168585
32,250.000000,100,31865433.280255
32,1000.000000,400,139921126.439155
