arrival_rate,bp_parameter_L,bp_parameter_H,FCFS_L2_norm_flow_time
32,4.073000,262144,296805.503313
32,4.639000,32768,1652642.331756
32,5.649000,4096,201098.072375
32,7.918000,512,147000.498162
32,16.772000,64,37173.336183
32,30.000000,6,46331.658237
32,30.000000,9,54378.199271
32,30.000000,12,28096.399271
