arrival_rate,bp_parameter_L,bp_parameter_H,FCFS_L2_norm_flow_time
32,4.073000,262144,7139643.708643
32,4.639000,32768,3297364.031275
32,5.649000,4096,262873.999108
32,7.918000,512,76131.921794
32,16.772000,64,60102.010590
32,30.000000,6,33522.296207
32,30.000000,9,42454.347751
32,30.000000,12,67366.018065
