arrival_rate,bp_parameter_L,bp_parameter_H,FCFS_L2_norm_flow_time
32,4.073000,262144,142228.803015
32,4.639000,32768,968007.505201
32,5.649000,4096,450769.059671
32,7.918000,512,161093.789694
32,16.772000,64,39021.435212
32,30.000000,6,34078.411597
32,30.000000,9,38312.285902
32,30.000000,12,52685.569258
