arrival_rate,bp_parameter_L,bp_parameter_H,FCFS_L2_norm_flow_time
32,4.073000,262144,1429444.564497
32,4.639000,32768,248303.772257
32,5.649000,4096,271665.043506
32,7.918000,512,94550.574768
32,16.772000,64,43988.943645
32,30.000000,6,36754.325718
32,30.000000,9,50163.105745
32,30.000000,12,37467.263458
