arrival_rate,bp_parameter_L,bp_parameter_H,FCFS_L2_norm_flow_time
32,4.073000,262144,1933601.904689
32,4.639000,32768,6296437.104116
32,5.649000,4096,718585.950874
32,7.918000,512,614464.695440
32,16.772000,64,94029.909731
32,30.000000,6,96140.672600
32,30.000000,9,108630.901184
32,30.000000,12,81736.653443
