arrival_rate,bp_parameter_L,bp_parameter_H,FCFS_L2_norm_flow_time
32,4.073000,262144,10694850.564490
32,4.639000,32768,4671627.160594
32,5.649000,4096,576300.956271
32,7.918000,512,249828.661436
32,16.772000,64,151927.826859
