arrival_rate,bp_parameter_L,bp_parameter_H,FCFS_L2_norm_flow_time
34,4.073000,262144,467925.372771
34,4.639000,32768,216398.194244
34,5.649000,4096,160035.165807
34,7.918000,512,100619.100403
34,16.772000,64,28412.945113
34,30.000000,6,21549.934153
34,30.000000,9,23343.848911
34,30.000000,12,25553.965720
