arrival_rate,bp_parameter_L,bp_parameter_H,FCFS_L2_norm_flow_time
34,4.073000,262144,775824.494862
34,4.639000,32768,389970.920847
34,5.649000,4096,585930.205472
34,7.918000,512,86306.148628
34,16.772000,64,18360.591358
34,30.000000,6,23096.883036
34,30.000000,9,25084.007874
34,30.000000,12,20386.120425
