arrival_rate,bp_parameter_L,bp_parameter_H,FCFS_L2_norm_flow_time
34,4.073000,262144,1382512.970237
34,4.639000,32768,3152473.402623
34,5.649000,4096,649819.149156
34,7.918000,512,124367.368321
34,16.772000,64,52963.006939
34,30.000000,6,45549.010977
34,30.000000,9,46377.388575
34,30.000000,12,55222.253168
34,50.000000,25,2656900.545194
34,250.000000,100,31700427.891167
34,1000.000000,400,140899361.285689
