arrival_rate,bp_parameter_L,bp_parameter_H,FCFS_L2_norm_flow_time
34,4.073000,262144,244986.437800
34,4.639000,32768,681614.313881
34,5.649000,4096,288476.466841
34,7.918000,512,70320.342924
34,16.772000,64,23444.671164
34,30.000000,6,19327.462353
34,30.000000,9,20083.492500
34,30.000000,12,26902.259552
