arrival_rate,bp_parameter_L,bp_parameter_H,FCFS_L2_norm_flow_time
34,4.073000,262144,1626190.405576
34,4.639000,32768,4137328.494076
34,5.649000,4096,451546.960850
34,7.918000,512,127433.375840
34,16.772000,64,47451.564684
34,30.000000,6,47922.119152
34,30.000000,9,42807.956340
34,30.000000,12,47848.796192
34,50.000000,25,2509968.920133
34,250.000000,100,31636228.989562
34,1000.000000,400,142208674.147759
