arrival_rate,bp_parameter_L,bp_parameter_H,FCFS_L2_norm_flow_time
34,4.073000,262144,814100.236993
34,4.639000,32768,347744.823844
34,5.649000,4096,400374.861430
34,7.918000,512,95396.142983
34,16.772000,64,21674.552221
34,30.000000,6,28699.151904
34,30.000000,9,21718.365915
34,30.000000,12,21529.017767
