arrival_rate,bp_parameter_L,bp_parameter_H,FCFS_L2_norm_flow_time
34,4.073000,262144,189286.319516
34,4.639000,32768,493338.747885
34,5.649000,4096,238976.891435
34,7.918000,512,103269.084541
34,16.772000,64,21514.108929
34,30.000000,6,20796.307028
34,30.000000,9,18555.794351
34,30.000000,12,28344.723795
