arrival_rate,bp_parameter_L,bp_parameter_H,FCFS_L2_norm_flow_time
34,4.073000,262144,3320303.654953
34,4.639000,32768,1671134.207774
34,5.649000,4096,543923.925456
34,7.918000,512,159159.936121
34,16.772000,64,58032.362153
34,30.000000,6,45902.741160
34,30.000000,9,44437.446270
34,30.000000,12,41175.409312
34,50.000000,25,2406976.464697
34,250.000000,100,31732667.738213
34,1000.000000,400,140020804.792120
