arrival_rate,bp_parameter_L,bp_parameter_H,FCFS_L2_norm_flow_time
34,4.073000,262144,3788465.964498
34,4.639000,32768,3120427.796914
34,5.649000,4096,540853.469105
34,7.918000,512,132971.296102
34,16.772000,64,52738.520514
