arrival_rate,bp_parameter_L,bp_parameter_H,FCFS_L2_norm_flow_time
34,4.073000,262144,12239892.619176
34,4.639000,32768,4016367.529860
34,5.649000,4096,521523.344065
34,7.918000,512,149073.342899
34,16.772000,64,53199.701268
34,30.000000,6,50299.970338
34,30.000000,9,46969.003151
34,30.000000,12,47620.594221
