arrival_rate,bp_parameter_L,bp_parameter_H,FCFS_L2_norm_flow_time
34,4.073000,262144,3486562.430213
34,4.639000,32768,3890360.835747
34,5.649000,4096,432327.363935
34,7.918000,512,176011.163873
34,16.772000,64,50880.916098
