arrival_rate,bp_parameter_L,bp_parameter_H,FCFS_L2_norm_flow_time
34,4.073000,262144,8598953.799101
34,4.639000,32768,3037762.565264
34,5.649000,4096,390868.942504
34,7.918000,512,252901.386635
34,16.772000,64,52718.357628
34,30.000000,6,44800.879020
34,30.000000,9,52532.981402
34,30.000000,12,48390.979046
34,50.000000,25,2499520.697638
34,250.000000,100,31701958.677034
34,1000.000000,400,140999606.833692
