arrival_rate,bp_parameter_L,bp_parameter_H,FCFS_L2_norm_flow_time
34,4.073000,262144,1048936.958317
34,4.639000,32768,1925842.902905
34,5.649000,4096,683340.063564
34,7.918000,512,140336.890303
34,16.772000,64,43689.420378
34,30.000000,6,41695.002206
34,30.000000,9,45568.366857
34,30.000000,12,57169.635892
34,50.000000,25,2261508.126532
34,250.000000,100,31874689.871515
34,1000.000000,400,141048421.705169
