arrival_rate,bp_parameter_L,bp_parameter_H,FCFS_L2_norm_flow_time
36,4.073000,262144,28149185.123605
36,4.639000,32768,3050733.684924
36,5.649000,4096,398273.389776
36,7.918000,512,108386.137195
36,16.772000,64,31315.401115
36,30.000000,6,33654.043487
36,30.000000,9,29025.268646
36,30.000000,12,32606.363673
36,50.000000,25,2169608.132223
36,250.000000,100,31371201.856053
36,1000.000000,400,139399397.134928
