arrival_rate,bp_parameter_L,bp_parameter_H,FCFS_L2_norm_flow_time
36,4.073000,262144,142011.420822
36,4.639000,32768,128014.730106
36,5.649000,4096,234277.570424
36,7.918000,512,52641.856616
36,16.772000,64,16898.691192
36,30.000000,6,15073.111125
36,30.000000,9,15847.887777
36,30.000000,12,19648.344205
