arrival_rate,bp_parameter_L,bp_parameter_H,FCFS_L2_norm_flow_time
36,4.073000,262144,10476438.848886
36,4.639000,32768,1386329.900916
36,5.649000,4096,452872.093154
36,7.918000,512,108085.115206
36,16.772000,64,34832.483561
36,30.000000,6,30814.130298
36,30.000000,9,33043.830438
36,30.000000,12,32279.064531
