arrival_rate,bp_parameter_L,bp_parameter_H,FCFS_L2_norm_flow_time
36,4.073000,262144,3850055.547944
36,4.639000,32768,592634.880549
36,5.649000,4096,176057.290585
36,7.918000,512,31983.425723
36,16.772000,64,14556.490030
36,30.000000,6,19116.702592
36,30.000000,9,16583.442495
36,30.000000,12,18688.736795
