arrival_rate,bp_parameter_L,bp_parameter_H,FCFS_L2_norm_flow_time
36,4.073000,262144,265957.958117
36,4.639000,32768,1324408.753484
36,5.649000,4096,335175.425888
36,7.918000,512,35099.887692
36,16.772000,64,16115.234873
36,30.000000,6,17068.144949
36,30.000000,9,14988.844318
36,30.000000,12,20347.667704
