arrival_rate,bp_parameter_L,bp_parameter_H,FCFS_L2_norm_flow_time
36,4.073000,262144,10577638.310713
36,4.639000,32768,2121283.853662
36,5.649000,4096,382247.987318
36,7.918000,512,91604.236512
36,16.772000,64,31157.067609
