arrival_rate,bp_parameter_L,bp_parameter_H,FCFS_L2_norm_flow_time
36,4.073000,262144,1075665.668833
36,4.639000,32768,3679395.465544
36,5.649000,4096,560275.396660
36,7.918000,512,103411.359129
36,16.772000,64,32725.606274
36,30.000000,6,30260.074124
36,30.000000,9,33938.819632
36,30.000000,12,31183.313823
36,50.000000,25,2135012.250280
36,250.000000,100,31390335.813403
36,1000.000000,400,141601997.772240
