arrival_rate,bp_parameter_L,bp_parameter_H,FCFS_L2_norm_flow_time
38,4.073000,262144,179596.494170
38,4.639000,32768,743907.507865
38,5.649000,4096,177856.268183
38,7.918000,512,30315.100132
38,16.772000,64,13077.448490
38,30.000000,6,11519.469432
38,30.000000,9,11941.813011
38,30.000000,12,11416.286918
