arrival_rate,bp_parameter_L,bp_parameter_H,FCFS_L2_norm_flow_time
38,4.073000,262144,923491.271216
38,4.639000,32768,851572.028287
38,5.649000,4096,145359.072985
38,7.918000,512,33414.848690
38,16.772000,64,13924.697519
38,30.000000,6,11141.653109
38,30.000000,9,12605.175009
38,30.000000,12,13688.628273
