arrival_rate,bp_parameter_L,bp_parameter_H,FCFS_L2_norm_flow_time
38,4.073000,262144,2274885.670991
38,4.639000,32768,1340754.043615
38,5.649000,4096,332794.579059
38,7.918000,512,75213.676988
38,16.772000,64,25342.366760
