arrival_rate,bp_parameter_L,bp_parameter_H,FCFS_L2_norm_flow_time
38,4.073000,262144,4258743.739604
38,4.639000,32768,5117695.252664
38,5.649000,4096,322245.813105
38,7.918000,512,77371.096574
38,16.772000,64,26944.589772
38,30.000000,6,25834.938610
38,30.000000,9,25283.034588
38,30.000000,12,25905.518910
38,50.000000,25,1683597.484037
38,250.000000,100,31038759.418048
38,1000.000000,400,141406683.898688
