arrival_rate,bp_parameter_L,bp_parameter_H,FCFS_L2_norm_flow_time
38,4.073000,262144,6799991.588074
38,4.639000,32768,1721310.168134
38,5.649000,4096,358938.222264
38,7.918000,512,75491.474876
38,16.772000,64,25163.846566
