arrival_rate,bp_parameter_L,bp_parameter_H,FCFS_L2_norm_flow_time
38,4.073000,262144,941997.660083
38,4.639000,32768,2575439.954107
38,5.649000,4096,549540.008387
38,7.918000,512,79466.655322
38,16.772000,64,25480.094760
38,30.000000,6,23912.692132
38,30.000000,9,24773.760312
38,30.000000,12,27547.355644
