arrival_rate,bp_parameter_L,bp_parameter_H,FCFS_L2_norm_flow_time
38,4.073000,262144,16573978.477947
38,4.639000,32768,508051.481073
38,5.649000,4096,86868.353467
38,7.918000,512,44710.281044
38,16.772000,64,12732.099002
38,30.000000,6,12159.804193
38,30.000000,9,11433.826787
38,30.000000,12,12832.456585
