arrival_rate,bp_parameter_L,bp_parameter_H,FCFS_L2_norm_flow_time
40,4.073000,262144,1332009.445618
40,4.639000,32768,1838297.017967
40,5.649000,4096,240329.556464
40,7.918000,512,73492.268233
40,16.772000,64,22677.974910
