arrival_rate,bp_parameter_L,bp_parameter_H,FCFS_L2_norm_flow_time
40,4.073000,262144,630249.978753
40,4.639000,32768,225317.794610
40,5.649000,4096,144807.047978
40,7.918000,512,28275.955086
40,16.772000,64,10958.078755
40,30.000000,6,10735.827402
40,30.000000,9,11066.188504
40,30.000000,12,11351.264996
