arrival_rate,bp_parameter_L,bp_parameter_H,FCFS_L2_norm_flow_time
40,4.073000,262144,2022299.991322
40,4.639000,32768,1297136.124765
40,5.649000,4096,268310.094175
40,7.918000,512,61444.149274
40,16.772000,64,22585.831289
40,30.000000,6,20935.177835
40,30.000000,9,21399.863107
40,30.000000,12,24074.975099
