arrival_rate,bp_parameter_L,bp_parameter_H,FCFS_L2_norm_flow_time
40,4.073000,262144,2340507.608008
40,4.639000,32768,1251007.706271
40,5.649000,4096,298054.657226
40,7.918000,512,60363.927067
40,16.772000,64,22501.152859
40,30.000000,6,20578.517415
40,30.000000,9,21004.172728
40,30.000000,12,22699.219238
