arrival_rate,bp_parameter_L,bp_parameter_H,FCFS_L2_norm_flow_time
40,4.073000,262144,486854.768000
40,4.639000,32768,199647.056086
40,5.649000,4096,129268.984474
40,7.918000,512,33395.243030
40,16.772000,64,11860.181112
40,30.000000,6,9972.124899
40,30.000000,9,11078.008214
40,30.000000,12,11851.983589
