arrival_rate,bp_parameter_L,bp_parameter_H,FCFS_L2_norm_flow_time
40,4.073000,262144,3134717.945779
40,4.639000,32768,707144.411164
40,5.649000,4096,146190.057521
40,7.918000,512,41882.066974
40,16.772000,64,11563.127475
40,30.000000,6,9741.027256
40,30.000000,9,10489.505422
40,30.000000,12,12317.825214
