arrival_rate,bp_parameter_L,bp_parameter_H,FCFS_L2_norm_flow_time
40,4.073000,262144,5254963.611392
40,4.639000,32768,1034608.691346
40,5.649000,4096,253105.303384
40,7.918000,512,61217.070217
40,16.772000,64,23696.269854
40,30.000000,6,20313.177447
40,30.000000,9,21218.283696
40,30.000000,12,22699.307038
40,50.000000,25,1794899.694902
40,250.000000,100,30647162.531903
40,1000.000000,400,140952045.182235
