arrival_rate,bp_parameter_L,bp_parameter_H,FCFS_L2_norm_flow_time
40,4.073000,262144,7218384.354795
40,4.639000,32768,1588035.073598
40,5.649000,4096,336567.733037
40,7.918000,512,71097.896474
40,16.772000,64,20946.697472
40,30.000000,6,20667.708920
40,30.000000,9,21139.114646
40,30.000000,12,21988.357419
