arrival_rate,bp_parameter_L,bp_parameter_H,FCFS_L2_norm_flow_time
40,4.073000,262144,12649818.162936
40,4.639000,32768,136117.348277
40,5.649000,4096,137281.195333
40,7.918000,512,37679.682788
40,16.772000,64,11153.699566
40,30.000000,6,10181.820073
40,30.000000,9,12269.589561
40,30.000000,12,11296.294304
