arrival_rate,bp_parameter_L,bp_parameter_H,FCFS_L2_norm_flow_time
40,4.073000,262144,1071630.641385
40,4.639000,32768,1153844.737930
40,5.649000,4096,273455.400993
40,7.918000,512,59722.308545
40,16.772000,64,21541.618695
40,30.000000,6,20319.057951
40,30.000000,9,20506.788023
40,30.000000,12,22310.819685
40,50.000000,25,1516307.480359
40,250.000000,100,30702908.938884
40,1000.000000,400,140470336.401687
