arrival_rate,bp_parameter_L,bp_parameter_H,Dynamic_BAL_njobs100_mode1_L2_norm_flow_time,Dynamic_BAL_njobs100_mode2_L2_norm_flow_time,Dynamic_BAL_njobs100_mode3_L2_norm_flow_time,Dynamic_BAL_njobs100_mode4_L2_norm_flow_time,Dynamic_BAL_njobs100_mode5_L2_norm_flow_time,Dynamic_BAL_njobs100_mode6_L2_norm_flow_time
20,13.000000,262144,80290836.201697,80290836.201697,80290836.201697,80290836.201697,80290836.201697,80290836.201697
20,15.300000,32768,103137101.245533,103137101.245533,103137101.245533,103137101.245533,103137101.245533,103137101.245533
20,19.700000,4096,142250312.211359,142250312.211359,142250312.211359,142250312.211359,142250312.211359,142250312.211359
20,90.000000,27,303413061.105235,303413061.105235,303413061.105235,303413061.105235,303413061.105235,303413061.105235
20,90.000000,36,291615621.219177,291615621.219177,291615621.219177,291615621.219177,291615621.219177,291615621.219177
20,90.000000,18,321209932.773767,321132359.729216,319426616.811354,319500570.255740,319498183.649778,319500570.255740
20,32.300000,512,222878048.096805,222878048.096805,222878048.096805,222878048.096805,222878048.096805,222878048.096805
