arrival_rate,bp_parameter_L,bp_parameter_H,Dynamic_BAL_njobs100_mode1_L2_norm_flow_time,Dynamic_BAL_njobs100_mode2_L2_norm_flow_time,Dynamic_BAL_njobs100_mode3_L2_norm_flow_time,Dynamic_BAL_njobs100_mode4_L2_norm_flow_time,Dynamic_BAL_njobs100_mode5_L2_norm_flow_time,Dynamic_BAL_njobs100_mode6_L2_norm_flow_time,Dynamic_BAL_njobs100_mode7_L2_norm_flow_time
20,13.000000,262144,95623284.466591,95623284.466591,95623284.466591,95623284.466591,95623284.466591,95623284.466591,95623284.466591
20,15.300000,32768,122313044.559582,122313044.559582,122313044.559582,122313044.559582,122313044.559582,122313044.559582,122313044.559582
20,19.700000,4096,169232069.320532,169232069.320532,169232069.320532,169232069.320532,169232069.320532,169232069.320532,169232069.320532
20,32.300000,512,269530230.979421,269530230.979421,269530230.979421,269530230.979421,269530230.979421,269530230.979421,269530230.979421
