arrival_rate,bp_parameter_L,bp_parameter_H,Dynamic_BAL_njobs100_mode1_L2_norm_flow_time,Dynamic_BAL_njobs100_mode2_L2_norm_flow_time,Dynamic_BAL_njobs100_mode3_L2_norm_flow_time,Dynamic_BAL_njobs100_mode4_L2_norm_flow_time,Dynamic_BAL_njobs100_mode5_L2_norm_flow_time,Dynamic_BAL_njobs100_mode6_L2_norm_flow_time
20,13.000000,262144,80081636.787379,80081636.787379,80081636.787379,80081636.787379,80081636.787379,80081636.787379
20,15.300000,32768,102149141.527318,102149141.527318,102149141.527318,102149141.527318,102149141.527318,102149141.527318
20,19.700000,4096,141172100.229108,141172100.229108,141172100.229108,141172100.229108,141172100.229108,141172100.229108
20,32.300000,512,221877748.062973,221877748.062973,221877748.062973,221877748.062973,221877748.062973,221877748.062973
20,90.000000,36,291088035.694882,291088035.694882,291088035.694882,291088035.694882,291088035.694882,291088035.694882
20,90.000000,27,303226490.883118,303226490.883118,303226490.883118,303226490.883118,303226490.883118,303226490.883118
20,90.000000,18,319585056.438653,319858797.527278,321923153.818785,320285605.643434,320360911.388655,320359395.488943
