arrival_rate,bp_parameter_L,bp_parameter_H,Dynamic_BAL_njobs100_mode1_L2_norm_flow_time,Dynamic_BAL_njobs100_mode2_L2_norm_flow_time,Dynamic_BAL_njobs100_mode3_L2_norm_flow_time,Dynamic_BAL_njobs100_mode4_L2_norm_flow_time,Dynamic_BAL_njobs100_mode5_L2_norm_flow_time,Dynamic_BAL_njobs100_mode6_L2_norm_flow_time,Dynamic_BAL_njobs100_mode7_L2_norm_flow_time
20,13.000000,262144,93903179.611946,93903179.611946,93903179.611946,93903179.611946,93903179.611946,93903179.611946,93903179.611946
20,15.300000,32768,121098934.732218,121098934.732218,121098934.732218,121098934.732218,121098934.732218,121098934.732218,121098934.732218
20,19.700000,4096,168787524.838723,168787524.838723,168787524.838723,168787524.838723,168787524.838723,168787524.838723,168787524.838723
20,32.300000,512,267243103.669386,267243103.669386,267243103.669386,267243103.669386,267243103.669386,267243103.669386,267243103.669386
