arrival_rate,bp_parameter_L,bp_parameter_H,Dynamic_BAL_njobs100_mode1_L2_norm_flow_time,Dynamic_BAL_njobs100_mode2_L2_norm_flow_time,Dynamic_BAL_njobs100_mode3_L2_norm_flow_time,Dynamic_BAL_njobs100_mode4_L2_norm_flow_time,Dynamic_BAL_njobs100_mode5_L2_norm_flow_time,Dynamic_BAL_njobs100_mode6_L2_norm_flow_time,Dynamic_BAL_njobs100_mode7_L2_norm_flow_time
20,13.000000,262144,96099173.580739,96099173.580739,96099173.580739,96099173.580739,96099173.580739,96099173.580739,96099173.580739
20,15.300000,32768,120045336.703936,120045336.703936,120045336.703936,120045336.703936,120045336.703936,120045336.703936,120045336.703936
20,19.700000,4096,165438376.114991,165438376.114991,165438376.114991,165438376.114991,165438376.114991,165438376.114991,165438376.114991
20,32.300000,512,269045915.910222,269045915.910222,269045915.910222,269045915.910222,269045915.910222,269045915.910222,269045915.910222
