arrival_rate,bp_parameter_L,bp_parameter_H,Dynamic_BAL_njobs100_mode1_L2_norm_flow_time,Dynamic_BAL_njobs100_mode2_L2_norm_flow_time,Dynamic_BAL_njobs100_mode3_L2_norm_flow_time,Dynamic_BAL_njobs100_mode4_L2_norm_flow_time,Dynamic_BAL_njobs100_mode5_L2_norm_flow_time,Dynamic_BAL_njobs100_mode6_L2_norm_flow_time
20,15.300000,32768,12784667.743075,12784667.743075,12784667.743075,12784667.743075,12784667.743075,12784667.743075
20,13.000000,262144,10119610.409952,10119610.409952,10119610.409952,10119610.409952,10119610.409952,10119610.409952
20,90.000000,18,39807381.466398,39895048.761493,39918210.007369,39947185.935279,39947185.935279,39947185.935279
20,19.700000,4096,17513892.396863,17513892.396863,17513892.396863,17513892.396863,17513892.396863,17513892.396863
20,32.300000,512,28168250.096392,28168250.096392,28168250.096392,28168250.096392,28168250.096392,28168250.096392
20,90.000000,36,36375051.662662,36375051.662662,36375051.662662,36375051.662662,36375051.662662,36375051.662662
20,90.000000,27,37912145.428535,37912145.428535,37912145.428535,37912145.428535,37912145.428535,37912145.428535
