arrival_rate,bp_parameter_L,bp_parameter_H,Dynamic_BAL_njobs100_mode1_L2_norm_flow_time,Dynamic_BAL_njobs100_mode2_L2_norm_flow_time,Dynamic_BAL_njobs100_mode3_L2_norm_flow_time,Dynamic_BAL_njobs100_mode4_L2_norm_flow_time,Dynamic_BAL_njobs100_mode5_L2_norm_flow_time,Dynamic_BAL_njobs100_mode6_L2_norm_flow_time,Dynamic_BAL_njobs100_mode7_L2_norm_flow_time
20,13.000000,262144,94401528.972185,94401528.972185,94401528.972185,94401528.972185,94401528.972185,94401528.972185,94401528.972185
20,15.300000,32768,122282208.296769,122282208.296769,122282208.296769,122282208.296769,122282208.296769,122282208.296769,122282208.296769
20,19.700000,4096,165849873.550686,165849873.550686,165849873.550686,165849873.550686,165849873.550686,165849873.550686,165849873.550686
20,32.300000,512,266722591.384934,266722591.384934,266722591.384934,266722591.384934,266722591.384934,266722591.384934,266722591.384934
