arrival_rate,bp_parameter_L,bp_parameter_H,Dynamic_BAL_njobs100_mode1_L2_norm_flow_time,Dynamic_BAL_njobs100_mode2_L2_norm_flow_time,Dynamic_BAL_njobs100_mode3_L2_norm_flow_time,Dynamic_BAL_njobs100_mode4_L2_norm_flow_time,Dynamic_BAL_njobs100_mode5_L2_norm_flow_time,Dynamic_BAL_njobs100_mode6_L2_norm_flow_time
20,13.000000,262144,9790450.061325,9790450.061325,9790450.061325,9790450.061325,9790450.061325,9790450.061325
20,15.300000,32768,12890032.748037,12890032.748037,12890032.748037,12890032.748037,12890032.748037,12890032.748037
20,19.700000,4096,17539449.362077,17539449.362077,17539449.362077,17539449.362077,17539449.362077,17539449.362077
20,32.300000,512,27185588.320367,27185588.320367,27185588.320367,27185588.320367,27185588.320367,27185588.320367
20,90.000000,18,40119432.225336,40151351.659316,40151351.659316,40151351.659316,40151351.659316,40151351.659316
20,90.000000,36,36563178.366873,36563178.366873,36563178.366873,36563178.366873,36563178.366873,36563178.366873
20,90.000000,27,37927564.677221,37927564.677221,37927564.677221,37927564.677221,37927564.677221,37927564.677221
