arrival_rate,bp_parameter_L,bp_parameter_H,Dynamic_BAL_njobs100_mode1_L2_norm_flow_time,Dynamic_BAL_njobs100_mode2_L2_norm_flow_time,Dynamic_BAL_njobs100_mode3_L2_norm_flow_time,Dynamic_BAL_njobs100_mode4_L2_norm_flow_time,Dynamic_BAL_njobs100_mode5_L2_norm_flow_time,Dynamic_BAL_njobs100_mode6_L2_norm_flow_time,Dynamic_BAL_njobs100_mode7_L2_norm_flow_time
20,13.000000,262144,91931272.346708,91931272.346708,91931272.346708,91931272.346708,91931272.346708,91931272.346708,91931272.346708
20,15.300000,32768,122956818.208267,122956818.208267,122956818.208267,122956818.208267,122956818.208267,122956818.208267,122956818.208267
20,19.700000,4096,168664696.356820,168664696.356820,168664696.356820,168664696.356820,168664696.356820,168664696.356820,168664696.356820
20,32.300000,512,268688093.184194,268688093.184194,268688093.184194,268688093.184194,268688093.184194,268688093.184194,268688093.184194
