arrival_rate,bp_parameter_L,bp_parameter_H,Dynamic_BAL_njobs100_mode1_L2_norm_flow_time,Dynamic_BAL_njobs100_mode2_L2_norm_flow_time,Dynamic_BAL_njobs100_mode3_L2_norm_flow_time,Dynamic_BAL_njobs100_mode4_L2_norm_flow_time,Dynamic_BAL_njobs100_mode5_L2_norm_flow_time,Dynamic_BAL_njobs100_mode6_L2_norm_flow_time,Dynamic_BAL_njobs100_mode7_L2_norm_flow_time
22,13.000000,262144,89648372.736746,89648372.736746,89648372.736746,89648372.736746,89648372.736746,89648372.736746,89648372.736746
22,15.300000,32768,115431649.988275,115431649.988275,115431649.988275,115431649.988275,115431649.988275,115431649.988275,115431649.988275
22,19.700000,4096,162219740.197056,162219740.197056,162219740.197056,162219740.197056,162219740.197056,162219740.197056,162219740.197056
22,32.300000,512,263514415.303855,263514415.303855,263514415.303855,263514415.303855,263514415.303855,263514415.303855,263514415.303855
