arrival_rate,bp_parameter_L,bp_parameter_H,Dynamic_BAL_njobs100_mode1_L2_norm_flow_time,Dynamic_BAL_njobs100_mode2_L2_norm_flow_time,Dynamic_BAL_njobs100_mode3_L2_norm_flow_time,Dynamic_BAL_njobs100_mode4_L2_norm_flow_time,Dynamic_BAL_njobs100_mode5_L2_norm_flow_time,Dynamic_BAL_njobs100_mode6_L2_norm_flow_time
22,13.000000,262144,9448846.868937,9448846.868937,9448846.868937,9448846.868937,9448846.868937,9448846.868937
22,15.300000,32768,12084836.637309,12084836.637309,12084836.637309,12084836.637309,12084836.637309,12084836.637309
22,19.700000,4096,16510106.685050,16510106.685050,16510106.685050,16510106.685050,16510106.685050,16510106.685050
22,90.000000,36,35433925.407079,35433925.407079,35433925.407079,35433925.407079,35433925.407079,35433925.407079
22,32.300000,512,26607124.148847,26607124.148847,26607124.148847,26607124.148847,26607124.148847,26607124.148847
22,90.000000,27,37360771.993126,37360771.993126,37360771.993126,37360771.993126,37360771.993126,37360771.993126
22,90.000000,18,38581712.900387,38575631.257121,38652807.553460,38915440.467874,38915969.820133,38925371.021865
