arrival_rate,bp_parameter_L,bp_parameter_H,Dynamic_BAL_njobs100_mode1_L2_norm_flow_time,Dynamic_BAL_njobs100_mode2_L2_norm_flow_time,Dynamic_BAL_njobs100_mode3_L2_norm_flow_time,Dynamic_BAL_njobs100_mode4_L2_norm_flow_time,Dynamic_BAL_njobs100_mode5_L2_norm_flow_time,Dynamic_BAL_njobs100_mode6_L2_norm_flow_time
22,15.300000,32768,11702536.658661,11702536.658661,11702536.658661,11702536.658661,11702536.658661,11702536.658661
22,13.000000,262144,9628514.613139,9628514.613139,9628514.613139,9628514.613139,9628514.613139,9628514.613139
22,32.300000,512,27023888.233253,27023888.233253,27023888.233253,27023888.233253,27023888.233253,27023888.233253
22,90.000000,36,35265175.345650,35265175.345650,35265175.345650,35265175.345650,35265175.345650,35265175.345650
22,19.700000,4096,16862483.024083,16862483.024083,16862483.024083,16862483.024083,16862483.024083,16862483.024083
22,90.000000,18,39103649.347906,39158887.426321,39200729.657225,39305579.941122,39339111.198110,39343963.618933
22,90.000000,27,37562901.642331,37562901.642331,37562901.642331,37562901.642331,37562901.642331,37562901.642331
