arrival_rate,bp_parameter_L,bp_parameter_H,Dynamic_BAL_njobs100_mode1_L2_norm_flow_time,Dynamic_BAL_njobs100_mode2_L2_norm_flow_time,Dynamic_BAL_njobs100_mode3_L2_norm_flow_time,Dynamic_BAL_njobs100_mode4_L2_norm_flow_time,Dynamic_BAL_njobs100_mode5_L2_norm_flow_time,Dynamic_BAL_njobs100_mode6_L2_norm_flow_time
24,13.000000,262144,8859558.712304,8859558.712304,8859558.712304,8859558.712304,8859558.712304,8859558.712304
24,15.300000,32768,12047918.020657,12047918.020657,12047918.020657,12047918.020657,12047918.020657,12047918.020657
24,19.700000,4096,16512782.195066,16512782.195066,16512782.195066,16512782.195066,16512782.195066,16512782.195066
24,32.300000,512,26398079.707399,26398079.707399,26398079.707399,26398079.707399,26398079.707399,26398079.707399
24,90.000000,36,35304875.022497,35304875.022497,35304875.022497,35304875.022497,35304875.022497,35304875.022497
24,90.000000,27,36429575.856600,36429575.856600,36429575.856600,36429575.856600,36429575.856600,36429575.856600
24,90.000000,18,37977060.668232,38015981.493858,38019315.630356,38014382.625552,38013613.385357,38137663.801775
