arrival_rate,bp_parameter_L,bp_parameter_H,Dynamic_BAL_njobs100_mode1_L2_norm_flow_time,Dynamic_BAL_njobs100_mode2_L2_norm_flow_time,Dynamic_BAL_njobs100_mode3_L2_norm_flow_time,Dynamic_BAL_njobs100_mode4_L2_norm_flow_time,Dynamic_BAL_njobs100_mode5_L2_norm_flow_time,Dynamic_BAL_njobs100_mode6_L2_norm_flow_time
24,15.300000,32768,11653174.921606,11653174.921606,11653174.921606,11653174.921606,11653174.921606,11653174.921606
24,13.000000,262144,8461200.801890,8461200.801890,8461200.801890,8461200.801890,8461200.801890,8461200.801890
24,90.000000,36,34667146.909211,34667146.909211,34667146.909211,34667146.909211,34667146.909211,34667146.909211
24,19.700000,4096,16641700.606426,16641700.606426,16641700.606426,16641700.606426,16641700.606426,16641700.606426
24,32.300000,512,26590628.127396,26590628.127396,26590628.127396,26590628.127396,26590628.127396,26590628.127396
24,90.000000,27,36904718.793584,36903565.123485,36903565.123485,36903565.123485,36903565.123485,36903565.123485
24,90.000000,18,38246982.448249,37799342.396458,37802544.688100,38237768.169522,38285838.613786,38407421.714012
