arrival_rate,bp_parameter_L,bp_parameter_H,Dynamic_BAL_njobs100_mode1_L2_norm_flow_time,Dynamic_BAL_njobs100_mode2_L2_norm_flow_time,Dynamic_BAL_njobs100_mode3_L2_norm_flow_time,Dynamic_BAL_njobs100_mode4_L2_norm_flow_time,Dynamic_BAL_njobs100_mode5_L2_norm_flow_time,Dynamic_BAL_njobs100_mode6_L2_norm_flow_time
24,13.000000,262144,9117834.352739,9117834.352739,9117834.352739,9117834.352739,9117834.352739,9117834.352739
24,15.300000,32768,11517060.409419,11517060.409419,11517060.409419,11517060.409419,11517060.409419,11517060.409419
24,19.700000,4096,16114719.752144,16114719.752144,16114719.752144,16114719.752144,16114719.752144,16114719.752144
24,90.000000,36,34936187.097736,34936187.097736,34936187.097736,34936187.097736,34936187.097736,34936187.097736
24,32.300000,512,26381605.663643,26381605.663643,26381605.663643,26381605.663643,26381605.663643,26381605.663643
24,90.000000,27,36477156.253397,36477156.253397,36477156.253397,36477156.253397,36477156.253397,36477156.253397
24,90.000000,18,37861918.697524,37705368.284580,38233146.147506,37735720.834689,38203545.965805,38371352.013481
