arrival_rate,bp_parameter_L,bp_parameter_H,Dynamic_BAL_njobs100_mode1_L2_norm_flow_time,Dynamic_BAL_njobs100_mode2_L2_norm_flow_time,Dynamic_BAL_njobs100_mode3_L2_norm_flow_time,Dynamic_BAL_njobs100_mode4_L2_norm_flow_time,Dynamic_BAL_njobs100_mode5_L2_norm_flow_time,Dynamic_BAL_njobs100_mode6_L2_norm_flow_time,Dynamic_BAL_njobs100_mode7_L2_norm_flow_time
24,13.000000,262144,82994071.625966,82994071.625966,82994071.625966,82994071.625966,82994071.625966,82994071.625966,82994071.625966
24,15.300000,32768,109870838.329810,109870838.329810,109870838.329810,109870838.329810,109870838.329810,109870838.329810,109870838.329810
24,19.700000,4096,156092873.758881,156092873.758881,156092873.758881,156092873.758881,156092873.758881,156092873.758881,156092873.758881
24,32.300000,512,259064888.082976,259064888.082976,259064888.082976,259064888.082976,259064888.082976,259064888.082976,259064888.082976
