arrival_rate,bp_parameter_L,bp_parameter_H,Dynamic_BAL_njobs100_mode1_L2_norm_flow_time,Dynamic_BAL_njobs100_mode2_L2_norm_flow_time,Dynamic_BAL_njobs100_mode3_L2_norm_flow_time,Dynamic_BAL_njobs100_mode4_L2_norm_flow_time,Dynamic_BAL_njobs100_mode5_L2_norm_flow_time,Dynamic_BAL_njobs100_mode6_L2_norm_flow_time
26,13.000000,262144,67184132.394223,66666451.779122,66666451.779122,66666451.779122,66666451.779122,66666451.779122
26,15.300000,32768,88673535.743002,88673535.743002,88673535.743002,88673535.743002,88673535.743002,88673535.743002
26,19.700000,4096,124730267.727183,124730267.727183,124730267.727183,124730267.727183,124730267.727183,124730267.727183
26,32.300000,512,206452798.399186,206452798.399186,206452798.399186,206452798.399186,206452798.399186,206452798.399186
26,90.000000,27,287076844.225874,287665051.864202,287877619.628312,287877619.628312,287877619.628312,287877619.628312
26,90.000000,36,273438370.347101,273493916.389473,273493916.389473,273493916.389473,273493916.389473,273493916.389473
26,90.000000,18,294450527.818645,295075810.640893,295841958.407011,296708898.992524,297009409.034444,296948779.455546
