arrival_rate,bp_parameter_L,bp_parameter_H,Dynamic_BAL_njobs100_mode1_L2_norm_flow_time,Dynamic_BAL_njobs100_mode2_L2_norm_flow_time,Dynamic_BAL_njobs100_mode3_L2_norm_flow_time,Dynamic_BAL_njobs100_mode4_L2_norm_flow_time,Dynamic_BAL_njobs100_mode5_L2_norm_flow_time,Dynamic_BAL_njobs100_mode6_L2_norm_flow_time
26,13.000000,262144,65021822.648430,65021822.648430,65021822.648430,65021822.648430,65021822.648430,65021822.648430
26,15.300000,32768,89163412.124371,88823283.592441,88823283.592441,88823283.592441,88823283.592441,88823283.592441
26,19.700000,4096,124934400.191607,124934400.191607,124934400.191607,124934400.191607,124934400.191607,124934400.191607
26,32.300000,512,205465574.757991,205465574.757991,205465574.757991,205465574.757991,205465574.757991,205465574.757991
26,90.000000,36,273439169.683549,273443880.311774,273443880.311774,273443880.311774,273443880.311774,273443880.311774
26,90.000000,27,286306911.104098,286608152.691251,286768190.785397,286768190.785397,286768190.785397,286768190.785397
26,90.000000,18,291677550.028132,295301135.606255,296474618.132240,296969678.592437,296973189.924976,296883817.745906
