arrival_rate,bp_parameter_L,bp_parameter_H,Dynamic_BAL_njobs100_mode1_L2_norm_flow_time,Dynamic_BAL_njobs100_mode2_L2_norm_flow_time,Dynamic_BAL_njobs100_mode3_L2_norm_flow_time,Dynamic_BAL_njobs100_mode4_L2_norm_flow_time,Dynamic_BAL_njobs100_mode5_L2_norm_flow_time,Dynamic_BAL_njobs100_mode6_L2_norm_flow_time
26,15.300000,32768,10792383.326334,10792383.326334,10792383.326334,10792383.326334,10792383.326334,10792383.326334
26,13.000000,262144,8662458.791977,8662458.791977,8662458.791977,8662458.791977,8662458.791977,8662458.791977
26,19.700000,4096,15648115.820582,15648115.820582,15648115.820582,15648115.820582,15648115.820582,15648115.820582
26,90.000000,36,34400260.521015,34400260.521015,34400260.521015,34400260.521015,34400260.521015,34400260.521015
26,32.300000,512,26197290.432396,26197290.432396,26197290.432396,26197290.432396,26197290.432396,26197290.432396
26,90.000000,18,36889598.741874,37014995.123909,37104744.490756,37074355.942494,36392855.349105,37208870.916000
26,90.000000,27,36084072.190158,36095859.216536,36108666.705700,36108666.705700,36108666.705700,36108666.705700
