arrival_rate,bp_parameter_L,bp_parameter_H,Dynamic_BAL_njobs100_mode1_L2_norm_flow_time,Dynamic_BAL_njobs100_mode2_L2_norm_flow_time,Dynamic_BAL_njobs100_mode3_L2_norm_flow_time,Dynamic_BAL_njobs100_mode4_L2_norm_flow_time,Dynamic_BAL_njobs100_mode5_L2_norm_flow_time,Dynamic_BAL_njobs100_mode6_L2_norm_flow_time
26,13.000000,262144,8324553.385614,8324553.385614,8324553.385614,8324553.385614,8324553.385614,8324553.385614
26,15.300000,32768,11147936.795189,11147936.795189,11147936.795189,11147936.795189,11147936.795189,11147936.795189
26,32.300000,512,25544246.831130,25544246.831130,25544246.831130,25544246.831130,25544246.831130,25544246.831130
26,19.700000,4096,15678586.410793,15678586.410793,15678586.410793,15678586.410793,15678586.410793,15678586.410793
26,90.000000,27,35830923.330934,35827878.597041,35507821.841090,35507821.841090,35507821.841090,35501693.582399
26,90.000000,36,33957728.370420,33957728.370420,33957728.370420,33957728.370420,33957728.370420,33957728.370420
26,90.000000,18,36840428.066431,36903165.728578,36262338.955906,37082260.481030,37081242.127567,37063529.504771
