arrival_rate,bp_parameter_L,bp_parameter_H,Dynamic_BAL_njobs100_mode1_L2_norm_flow_time,Dynamic_BAL_njobs100_mode2_L2_norm_flow_time,Dynamic_BAL_njobs100_mode3_L2_norm_flow_time,Dynamic_BAL_njobs100_mode4_L2_norm_flow_time,Dynamic_BAL_njobs100_mode5_L2_norm_flow_time,Dynamic_BAL_njobs100_mode6_L2_norm_flow_time
28,13.000000,262144,61898121.278250,61898121.278250,61898121.278250,61898121.278250,61898121.278250,61898121.278250
28,15.300000,32768,84871178.880172,84871178.880172,84871178.880172,84871178.880172,84871178.880172,84871178.880172
28,19.700000,4096,120935249.670324,120935249.670324,120935249.670324,120935249.670324,120935249.670324,120935249.670324
28,32.300000,512,199078634.073348,199078634.073348,199078634.073348,199078634.073348,199078634.073348,199078634.073348
28,90.000000,36,268070064.304605,268070064.304605,268070064.304605,268070064.304605,268070064.304605,268070064.304605
28,90.000000,27,278477705.330449,279144169.089492,280154081.603994,280733354.428065,280790333.723573,280759797.293861
28,90.000000,18,286376246.473077,287296641.270141,287745578.196354,287745566.336748,287745566.336748,287745578.196354
