arrival_rate,bp_parameter_L,bp_parameter_H,Dynamic_BAL_njobs100_mode1_L2_norm_flow_time,Dynamic_BAL_njobs100_mode2_L2_norm_flow_time,Dynamic_BAL_njobs100_mode3_L2_norm_flow_time,Dynamic_BAL_njobs100_mode4_L2_norm_flow_time,Dynamic_BAL_njobs100_mode5_L2_norm_flow_time,Dynamic_BAL_njobs100_mode6_L2_norm_flow_time
28,15.300000,32768,9909139.132312,9909139.132312,9909139.132312,9909139.132312,9909139.132312,9909139.132312
28,19.700000,4096,15000843.825831,15000843.825831,15000843.825831,15000843.825831,15000843.825831,15000843.825831
28,13.000000,262144,7964551.753555,7964551.753555,7964551.753555,7964551.753555,7964551.753555,7964551.753555
28,32.300000,512,24681663.951948,24681663.951948,24681663.951948,24681663.951948,24681663.951948,24681663.951948
28,90.000000,36,33442579.363843,33461699.435353,33461699.435353,33461699.435353,33461699.435353,33461699.435353
28,90.000000,18,35651655.693565,35777865.994474,35824248.417139,35824157.696419,35824157.696419,35824248.417139
28,90.000000,27,35049721.613468,35136828.034932,35205360.088293,35268187.236074,35268187.236074,35266758.744831
