arrival_rate,bp_parameter_L,bp_parameter_H,Dynamic_BAL_njobs100_mode1_L2_norm_flow_time,Dynamic_BAL_njobs100_mode2_L2_norm_flow_time,Dynamic_BAL_njobs100_mode3_L2_norm_flow_time,Dynamic_BAL_njobs100_mode4_L2_norm_flow_time,Dynamic_BAL_njobs100_mode5_L2_norm_flow_time,Dynamic_BAL_njobs100_mode6_L2_norm_flow_time
28,15.300000,32768,10814386.417592,10814386.417592,10814386.417592,10814386.417592,10814386.417592,10814386.417592
28,13.000000,262144,8047804.684244,8047804.684244,8047804.684244,8047804.684244,8047804.684244,8047804.684244
28,32.300000,512,24853942.438489,24853942.438489,24853942.438489,24853942.438489,24853942.438489,24853942.438489
28,90.000000,36,33528836.896118,33528836.896118,33528836.896118,33528836.896118,33528836.896118,33528836.896118
28,19.700000,4096,15184560.271762,15184560.271762,15184560.271762,15184560.271762,15184560.271762,15184560.271762
28,90.000000,27,35022691.033979,35005651.813672,35096811.536044,35245453.918470,35245453.918470,35245453.918470
28,90.000000,18,35670592.348514,35819439.254948,35826983.362033,35826983.362033,35826528.219083,35824444.938526
