arrival_rate,bp_parameter_L,bp_parameter_H,Dynamic_BAL_njobs100_mode1_L2_norm_flow_time,Dynamic_BAL_njobs100_mode2_L2_norm_flow_time,Dynamic_BAL_njobs100_mode3_L2_norm_flow_time,Dynamic_BAL_njobs100_mode4_L2_norm_flow_time,Dynamic_BAL_njobs100_mode5_L2_norm_flow_time,Dynamic_BAL_njobs100_mode6_L2_norm_flow_time
28,13.000000,262144,62327417.803686,62327417.803686,62327417.803686,62327417.803686,62327417.803686,62327417.803686
28,15.300000,32768,85997299.669604,85997299.669604,85997299.669604,85997299.669604,85997299.669604,85997299.669604
28,19.700000,4096,122547969.561550,122547969.561550,122547969.561550,122547969.561550,122547969.561550,122547969.561550
28,32.300000,512,201024046.330852,201024046.330852,201024046.330852,201024046.330852,201024046.330852,201024046.330852
28,90.000000,36,266401386.605472,266497058.421027,266497058.421027,266497058.421027,266497058.421027,266497058.421027
28,90.000000,27,277074833.012797,278326217.535521,279158446.434561,279457214.920303,279484416.681612,279444163.970698
28,90.000000,18,282809021.584759,287925073.512543,288154188.316367,288154188.316367,288154120.811201,288154188.316367
