arrival_rate,bp_parameter_L,bp_parameter_H,Dynamic_BAL_njobs100_mode1_L2_norm_flow_time,Dynamic_BAL_njobs100_mode2_L2_norm_flow_time,Dynamic_BAL_njobs100_mode3_L2_norm_flow_time,Dynamic_BAL_njobs100_mode4_L2_norm_flow_time,Dynamic_BAL_njobs100_mode5_L2_norm_flow_time,Dynamic_BAL_njobs100_mode6_L2_norm_flow_time
28,13.000000,262144,63586744.683843,63586744.683843,63586744.683843,63586744.683843,63586744.683843,63586744.683843
28,15.300000,32768,84908222.471396,84908222.471396,84908222.471396,84908222.471396,84908222.471396,84908222.471396
28,19.700000,4096,122294393.658476,122294393.658476,122294393.658476,122294393.658476,122294393.658476,122294393.658476
28,32.300000,512,199633157.271494,199633157.271494,199633157.271494,199633157.271494,199633157.271494,199633157.271494
28,90.000000,18,287055570.565833,288101851.570395,288604287.325775,288604265.777463,288604265.777463,288593619.888697
28,90.000000,36,267856019.961193,267849576.965254,267856019.961193,267856019.961193,267856019.961193,267849576.965254
28,90.000000,27,279298109.072963,280077178.634940,280900066.792204,281284309.670208,281333175.707550,281309589.999167
