arrival_rate,bp_parameter_L,bp_parameter_H,Dynamic_BAL_njobs100_mode1_L2_norm_flow_time,Dynamic_BAL_njobs100_mode2_L2_norm_flow_time,Dynamic_BAL_njobs100_mode3_L2_norm_flow_time,Dynamic_BAL_njobs100_mode4_L2_norm_flow_time,Dynamic_BAL_njobs100_mode5_L2_norm_flow_time,Dynamic_BAL_njobs100_mode6_L2_norm_flow_time
28,13.000000,262144,61295614.309623,61024447.202013,61024447.202013,61024447.202013,61024447.202013,61024447.202013
28,15.300000,32768,85653359.663201,85653359.663201,85653359.663201,85653359.663201,85653359.663201,85653359.663201
28,19.700000,4096,119778859.923689,119778859.923689,119778859.923689,119778859.923689,119778859.923689,119778859.923689
28,90.000000,27,278136797.362161,278641149.371488,279559369.936177,280189289.469537,280328291.431199,280339984.194685
28,90.000000,36,264606095.682364,264639490.104479,264639490.104479,264639490.104479,264639490.104479,264639490.104479
28,32.300000,512,201575734.102003,201575734.102003,201575734.102003,201575734.102003,201575734.102003,201575734.102003
28,90.000000,18,287112600.106400,287699687.398406,288445900.154890,288801881.084603,288801881.084603,288801881.084603
