arrival_rate,bp_parameter_L,bp_parameter_H,Dynamic_BAL_njobs100_mode1_L2_norm_flow_time,Dynamic_BAL_njobs100_mode2_L2_norm_flow_time,Dynamic_BAL_njobs100_mode3_L2_norm_flow_time,Dynamic_BAL_njobs100_mode4_L2_norm_flow_time,Dynamic_BAL_njobs100_mode5_L2_norm_flow_time,Dynamic_BAL_njobs100_mode6_L2_norm_flow_time
30,13.000000,262144,57664946.940495,57664946.940495,57664946.940495,57664946.940495,57664946.940495,57664946.940495
30,15.300000,32768,80057729.580288,80057729.580288,80057729.580288,80057729.580288,80057729.580288,80057729.580288
30,19.700000,4096,115479699.105329,115479699.105329,115479699.105329,115479699.105329,115479699.105329,115479699.105329
30,90.000000,27,270793018.544815,271057151.979872,271712869.100334,272369825.488751,273512873.023084,274909267.243118
30,32.300000,512,195223245.060293,195223245.060293,195223245.060293,195223245.060293,195223245.060293,195223245.060293
30,90.000000,18,278953560.587008,279731989.322065,279769592.416451,279769592.416451,279769464.578670,279769592.416451
30,90.000000,36,262574789.275168,262619242.792702,262619242.792702,262619242.792702,262619242.792702,262619242.792702
