arrival_rate,bp_parameter_L,bp_parameter_H,Dynamic_BAL_njobs100_mode1_L2_norm_flow_time,Dynamic_BAL_njobs100_mode2_L2_norm_flow_time,Dynamic_BAL_njobs100_mode3_L2_norm_flow_time,Dynamic_BAL_njobs100_mode4_L2_norm_flow_time,Dynamic_BAL_njobs100_mode5_L2_norm_flow_time,Dynamic_BAL_njobs100_mode6_L2_norm_flow_time,Dynamic_BAL_njobs100_mode7_L2_norm_flow_time
30,13.000000,262144,68482369.098096,66118257.645517,66118257.645517,66118257.645517,66118257.645517,66118257.645517,66118257.645517
30,15.300000,32768,93216441.949095,92833863.464341,92833863.464341,92833863.464341,92833863.464341,92833863.464341,92833863.464341
30,19.700000,4096,140862186.204179,140862186.204179,140862186.204179,140862186.204179,140862186.204179,140862186.204179,140862186.204179
30,32.300000,512,239765570.701347,239765570.701347,239765570.701347,239765570.701347,239765570.701347,239765570.701347,239765570.701347
