arrival_rate,bp_parameter_L,bp_parameter_H,Dynamic_BAL_njobs100_mode1_L2_norm_flow_time,Dynamic_BAL_njobs100_mode2_L2_norm_flow_time,Dynamic_BAL_njobs100_mode3_L2_norm_flow_time,Dynamic_BAL_njobs100_mode4_L2_norm_flow_time,Dynamic_BAL_njobs100_mode5_L2_norm_flow_time,Dynamic_BAL_njobs100_mode6_L2_norm_flow_time
30,13.000000,262144,7249576.176636,7249576.176636,7249576.176636,7249576.176636,7249576.176636,7249576.176636
30,19.700000,4096,14721726.612791,14721726.612791,14721726.612791,14721726.612791,14721726.612791,14721726.612791
30,15.300000,32768,10033291.643364,10033291.643364,10033291.643364,10033291.643364,10033291.643364,10033291.643364
30,90.000000,36,32672802.081526,32672802.081526,32672802.081526,32672802.081526,32672802.081526,32672802.081526
30,32.300000,512,23872476.692409,23872476.692409,23872476.692409,23872476.692409,23872476.692409,23872476.692409
30,90.000000,27,33783036.651727,33972126.759559,33821312.748363,34013122.975506,34136061.384469,34138777.819529
30,90.000000,18,35032693.734391,35033658.563701,35049913.074534,35049913.074534,35049913.074534,35049913.074534
