arrival_rate,bp_parameter_L,bp_parameter_H,Dynamic_BAL_njobs100_mode1_L2_norm_flow_time,Dynamic_BAL_njobs100_mode2_L2_norm_flow_time,Dynamic_BAL_njobs100_mode3_L2_norm_flow_time,Dynamic_BAL_njobs100_mode4_L2_norm_flow_time,Dynamic_BAL_njobs100_mode5_L2_norm_flow_time,Dynamic_BAL_njobs100_mode6_L2_norm_flow_time,Dynamic_BAL_njobs100_mode7_L2_norm_flow_time
30,13.000000,262144,66679976.803568,66679976.803568,66679976.803568,66679976.803568,66679976.803568,66679976.803568,66679976.803568
30,15.300000,32768,90627906.412046,90627906.412046,90627906.412046,90627906.412046,90627906.412046,90627906.412046,90627906.412046
30,19.700000,4096,139914948.652950,139914948.652950,139914948.652950,139914948.652950,139914948.652950,139914948.652950,139914948.652950
30,32.300000,512,239835933.966514,239835933.966514,239835933.966514,239835933.966514,239835933.966514,239835933.966514,239835933.966514
