arrival_rate,bp_parameter_L,bp_parameter_H,Dynamic_BAL_njobs100_mode1_L2_norm_flow_time,Dynamic_BAL_njobs100_mode2_L2_norm_flow_time,Dynamic_BAL_njobs100_mode3_L2_norm_flow_time,Dynamic_BAL_njobs100_mode4_L2_norm_flow_time,Dynamic_BAL_njobs100_mode5_L2_norm_flow_time,Dynamic_BAL_njobs100_mode6_L2_norm_flow_time
30,13.000000,262144,7237980.575880,7237980.575880,7237980.575880,7237980.575880,7237980.575880,7237980.575880
30,15.300000,32768,9872356.241821,9872356.241821,9872356.241821,9872356.241821,9872356.241821,9872356.241821
30,19.700000,4096,14803287.994977,14803287.994977,14803287.994977,14803287.994977,14803287.994977,14803287.994977
30,90.000000,18,35063583.949088,35094063.094218,35094063.094218,35094063.094218,35094063.094218,35094063.094218
30,90.000000,36,32762438.733779,32762438.733779,32762438.733779,32762438.733779,32762438.733779,32762438.733779
30,32.300000,512,24114287.195003,24114287.195003,24114287.195003,24114287.195003,24114287.195003,24114287.195003
30,90.000000,27,33978736.580338,33983753.954160,33952047.441329,34305976.164454,34382549.777571,34370036.773261
