arrival_rate,bp_parameter_L,bp_parameter_H,Dynamic_BAL_njobs100_mode1_L2_norm_flow_time,Dynamic_BAL_njobs100_mode2_L2_norm_flow_time,Dynamic_BAL_njobs100_mode3_L2_norm_flow_time,Dynamic_BAL_njobs100_mode4_L2_norm_flow_time,Dynamic_BAL_njobs100_mode5_L2_norm_flow_time,Dynamic_BAL_njobs100_mode6_L2_norm_flow_time,Dynamic_BAL_njobs100_mode7_L2_norm_flow_time
30,13.000000,262144,65939440.875355,65939440.875355,65939440.875355,65939440.875355,65939440.875355,65939440.875355,65939440.875355
30,15.300000,32768,93502041.951484,93298990.999929,93298990.999929,93502041.951484,93502041.951484,93298990.999929,93298990.999929
30,19.700000,4096,141630050.555946,141630050.555946,141630050.555946,141630050.555946,141630050.555946,141630050.555946,141630050.555946
30,32.300000,512,239540077.817773,239540077.817773,239540077.817773,239540077.817773,239540077.817773,239540077.817773,239540077.817773
