arrival_rate,bp_parameter_L,bp_parameter_H,Dynamic_BAL_njobs100_mode1_L2_norm_flow_time,Dynamic_BAL_njobs100_mode2_L2_norm_flow_time,Dynamic_BAL_njobs100_mode3_L2_norm_flow_time,Dynamic_BAL_njobs100_mode4_L2_norm_flow_time,Dynamic_BAL_njobs100_mode5_L2_norm_flow_time,Dynamic_BAL_njobs100_mode6_L2_norm_flow_time
30,13.000000,262144,7049104.249603,7049104.249603,7049104.249603,7049104.249603,7049104.249603,7049104.249603
30,15.300000,32768,9456920.010692,9456920.010692,9456920.010692,9456920.010692,9456920.010692,9456920.010692
30,19.700000,4096,14297920.089458,14297920.089458,14297920.089458,14297920.089458,14297920.089458,14297920.089458
30,32.300000,512,24288535.359148,24288535.359148,24288535.359148,24288535.359148,24288535.359148,24288535.359148
30,90.000000,27,33789359.257501,33669053.622976,33737262.645516,33903010.414038,34210683.482842,34204514.119252
30,90.000000,18,35003343.409332,35053391.459512,35053549.062296,35053549.062296,35053549.062296,35053563.359113
30,90.000000,36,32300020.879681,32300020.879681,32300020.879681,32300020.879681,32300020.879681,32300020.879681
