arrival_rate,bp_parameter_L,bp_parameter_H,Dynamic_BAL_njobs100_mode1_L2_norm_flow_time,Dynamic_BAL_njobs100_mode2_L2_norm_flow_time,Dynamic_BAL_njobs100_mode3_L2_norm_flow_time,Dynamic_BAL_njobs100_mode4_L2_norm_flow_time,Dynamic_BAL_njobs100_mode5_L2_norm_flow_time,Dynamic_BAL_njobs100_mode6_L2_norm_flow_time
30,13.000000,262144,57080534.218283,57080534.218283,57080534.218283,57080534.218283,57080534.218283,57080534.218283
30,15.300000,32768,78617552.452393,78617552.452393,78617552.452393,78617552.452393,78617552.452393,78617552.452393
30,19.700000,4096,115438819.695522,115438819.695522,115438819.695522,115438819.695522,115438819.695522,115438819.695522
30,32.300000,512,193208441.239986,193208441.239986,193208441.239986,193208441.239986,193208441.239986,193208441.239986
30,90.000000,36,263108255.970815,263250607.484823,263294352.285657,263294352.285657,263294352.285657,263277759.873196
30,90.000000,27,270461957.468391,270678852.146374,271297748.686859,272128757.238608,272747458.900633,274634420.975250
30,90.000000,18,279599690.867303,280258707.824010,280295279.110933,280295271.740506,280295271.740506,280295279.110933
