arrival_rate,bp_parameter_L,bp_parameter_H,Dynamic_BAL_njobs100_mode1_L2_norm_flow_time,Dynamic_BAL_njobs100_mode2_L2_norm_flow_time,Dynamic_BAL_njobs100_mode3_L2_norm_flow_time,Dynamic_BAL_njobs100_mode4_L2_norm_flow_time,Dynamic_BAL_njobs100_mode5_L2_norm_flow_time,Dynamic_BAL_njobs100_mode6_L2_norm_flow_time
30,15.300000,32768,9741941.165122,9741941.165122,9741941.165122,9741941.165122,9741941.165122,9741941.165122
30,13.000000,262144,6453729.045748,6453729.045748,6453729.045748,6453729.045748,6453729.045748,6453729.045748
30,32.300000,512,23912765.354351,23912765.354351,23912765.354351,23912765.354351,23912765.354351,23912765.354351
30,90.000000,18,34024332.221639,34530526.730523,34530526.730523,34530447.963529,34530447.963529,34530526.730523
30,19.700000,4096,14525362.363541,14525362.363541,14525362.363541,14525362.363541,14525362.363541,14525362.363541
30,90.000000,27,33450268.942501,33623941.265044,33695808.356776,33621754.513151,34152025.864145,34153128.510510
30,90.000000,36,32838463.330376,32861431.586646,32861431.586646,32861431.586646,32861431.586646,32861431.586646
