arrival_rate,bp_parameter_L,bp_parameter_H,Dynamic_BAL_njobs100_mode1_L2_norm_flow_time,Dynamic_BAL_njobs100_mode2_L2_norm_flow_time,Dynamic_BAL_njobs100_mode3_L2_norm_flow_time,Dynamic_BAL_njobs100_mode4_L2_norm_flow_time,Dynamic_BAL_njobs100_mode5_L2_norm_flow_time,Dynamic_BAL_njobs100_mode6_L2_norm_flow_time
32,13.000000,262144,56417958.530987,56326464.631152,56326464.631152,56326464.631152,56326464.631152,56326464.631152
32,15.300000,32768,73715882.034204,73715882.034204,73715882.034204,73715882.034204,73715882.034204,73715882.034204
32,19.700000,4096,111797440.906020,111797440.906020,111797440.906020,111797440.906020,111797440.906020,111797440.906020
32,32.300000,512,189749445.319875,189749445.319875,189749445.319875,189749445.319875,189749445.319875,189749445.319875
32,90.000000,27,262661265.597270,262681753.674434,260044643.009824,263314815.615056,263624771.277173,268774687.409769
32,90.000000,18,270671315.449119,271030575.369978,271079884.011899,271079884.011899,271079884.011899,271079884.011899
32,90.000000,36,256655541.006446,257212029.484292,257249332.433919,257286553.628175,257286553.628175,257286553.628175
