arrival_rate,bp_parameter_L,bp_parameter_H,Dynamic_BAL_njobs100_mode1_L2_norm_flow_time,Dynamic_BAL_njobs100_mode2_L2_norm_flow_time,Dynamic_BAL_njobs100_mode3_L2_norm_flow_time,Dynamic_BAL_njobs100_mode4_L2_norm_flow_time,Dynamic_BAL_njobs100_mode5_L2_norm_flow_time,Dynamic_BAL_njobs100_mode6_L2_norm_flow_time,Dynamic_BAL_njobs100_mode7_L2_norm_flow_time
32,13.000000,262144,58999734.775148,58582621.745028,58582621.745028,58582621.745028,58582621.745028,58582621.745028,58582621.745028
32,15.300000,32768,85091672.951196,84536344.995620,84536344.995620,84536344.995620,84536344.995620,84536344.995620,84536344.995620
32,19.700000,4096,137256497.159994,137256497.159994,137256497.159994,137256497.159994,137256497.159994,137256497.159994,137256497.159994
32,32.300000,512,232335897.249131,232335897.249131,232335897.249131,232335897.249131,232335897.249131,232335897.249131,232335897.249131
