arrival_rate,bp_parameter_L,bp_parameter_H,Dynamic_BAL_njobs100_mode1_L2_norm_flow_time,Dynamic_BAL_njobs100_mode2_L2_norm_flow_time,Dynamic_BAL_njobs100_mode3_L2_norm_flow_time,Dynamic_BAL_njobs100_mode4_L2_norm_flow_time,Dynamic_BAL_njobs100_mode5_L2_norm_flow_time,Dynamic_BAL_njobs100_mode6_L2_norm_flow_time
32,13.000000,262144,6495537.611534,6495537.611534,6495537.611534,6495537.611534,6495537.611534,6495537.611534
32,19.700000,4096,13656562.615339,13656562.615339,13656562.615339,13656562.615339,13656562.615339,13656562.615339
32,15.300000,32768,8949359.718400,8949359.718400,8949359.718400,8949359.718400,8949359.718400,8949359.718400
32,90.000000,27,33221302.914636,33244282.232270,33212800.672196,32735704.610397,33717825.339542,33728030.821264
32,90.000000,36,31729941.061744,31837245.230500,31827968.672504,31837245.230500,31837245.230500,31827968.672504
32,32.300000,512,23912970.241922,23912970.241922,23912970.241922,23912970.241922,23912970.241922,23912970.241922
32,90.000000,18,34154485.939386,34210739.036836,34210739.036836,34210739.036836,34210181.003441,34210739.036836
