arrival_rate,bp_parameter_L,bp_parameter_H,Dynamic_BAL_njobs100_mode1_L2_norm_flow_time,Dynamic_BAL_njobs100_mode2_L2_norm_flow_time,Dynamic_BAL_njobs100_mode3_L2_norm_flow_time,Dynamic_BAL_njobs100_mode4_L2_norm_flow_time,Dynamic_BAL_njobs100_mode5_L2_norm_flow_time,Dynamic_BAL_njobs100_mode6_L2_norm_flow_time
32,13.000000,262144,7011464.542154,7011464.542154,7011464.542154,7011464.542154,7011464.542154,7011464.542154
32,15.300000,32768,9017257.884411,9017257.884411,9017257.884411,9017257.884411,9017257.884411,9017257.884411
32,19.700000,4096,13684359.174064,13684359.174064,13684359.174064,13684359.174064,13684359.174064,13684359.174064
32,32.300000,512,23548948.198197,23548948.198197,23548948.198197,23548948.198197,23548948.198197,23548948.198197
32,90.000000,36,31824651.950650,31838090.760661,31861747.392512,31861747.392512,31861747.392512,31861747.392512
32,90.000000,18,33774409.481755,33774409.481755,33774409.481755,33774409.481755,33774409.481755,33774409.481755
32,90.000000,27,32484907.523396,31980383.395280,32584793.063996,32667673.777496,33024911.321962,33033661.881170
