arrival_rate,bp_parameter_L,bp_parameter_H,Dynamic_BAL_njobs100_mode1_L2_norm_flow_time,Dynamic_BAL_njobs100_mode2_L2_norm_flow_time,Dynamic_BAL_njobs100_mode3_L2_norm_flow_time,Dynamic_BAL_njobs100_mode4_L2_norm_flow_time,Dynamic_BAL_njobs100_mode5_L2_norm_flow_time,Dynamic_BAL_njobs100_mode6_L2_norm_flow_time
32,13.000000,262144,53696372.059719,53696372.059719,53696372.059719,53696372.059719,53696372.059719,53696372.059719
32,15.300000,32768,77815342.974032,77815342.974032,77815342.974032,77815342.974032,77815342.974032,77815342.974032
32,19.700000,4096,113472640.819791,113472640.819791,113472640.819791,113472640.819791,113472640.819791,113472640.819791
32,32.300000,512,188795392.442044,188795392.442044,188795392.442044,188795392.442044,188795392.442044,188795392.442044
32,90.000000,27,260805059.898982,259766711.931657,263468434.012386,258605162.122655,266037876.536178,268754882.021413
32,90.000000,36,257017606.372600,257456265.546838,257649999.191892,257712398.363819,257712398.363819,257712398.363819
32,90.000000,18,271218812.228488,271449194.728589,271449194.728589,271449186.548458,271449144.647407,271449194.728589
