arrival_rate,bp_parameter_L,bp_parameter_H,Dynamic_BAL_njobs100_mode1_L2_norm_flow_time,Dynamic_BAL_njobs100_mode2_L2_norm_flow_time,Dynamic_BAL_njobs100_mode3_L2_norm_flow_time,Dynamic_BAL_njobs100_mode4_L2_norm_flow_time,Dynamic_BAL_njobs100_mode5_L2_norm_flow_time,Dynamic_BAL_njobs100_mode6_L2_norm_flow_time
32,13.000000,262144,7025263.928109,7025263.928109,7025263.928109,7025263.928109,7025263.928109,7025263.928109
32,15.300000,32768,9022213.728646,9022213.728646,9022213.728646,9022213.728646,9022213.728646,9022213.728646
32,32.300000,512,23354385.787580,23354385.787580,23354385.787580,23354385.787580,23354385.787580,23354385.787580
32,19.700000,4096,13695122.166445,13695122.166445,13695122.166445,13695122.166445,13695122.166445,13695122.166445
32,90.000000,36,32056153.414024,32158097.282830,32202000.251139,32202000.251139,32193523.672979,32192920.094562
32,90.000000,18,33443614.695897,33443614.695897,33443614.695897,33443614.695897,33443614.695897,33443614.695897
32,90.000000,27,32444958.629866,32387058.415657,32319497.692975,32176187.917245,33475948.574789,33480966.476761
