arrival_rate,bp_parameter_L,bp_parameter_H,Dynamic_BAL_njobs100_mode1_L2_norm_flow_time,Dynamic_BAL_njobs100_mode2_L2_norm_flow_time,Dynamic_BAL_njobs100_mode3_L2_norm_flow_time,Dynamic_BAL_njobs100_mode4_L2_norm_flow_time,Dynamic_BAL_njobs100_mode5_L2_norm_flow_time,Dynamic_BAL_njobs100_mode6_L2_norm_flow_time
32,13.000000,262144,53620080.173043,53539794.160322,53539794.160322,53539794.160322,53539794.160322,53539794.160322
32,15.300000,32768,72499514.427838,72016316.491228,72016316.491228,72016316.491228,72016316.491228,72016316.491228
32,19.700000,4096,112825465.295976,112825465.295976,112825465.295976,112825465.295976,112825465.295976,112825465.295976
32,32.300000,512,189753973.934127,189753973.934127,189753973.934127,189753973.934127,189753973.934127,189753973.934127
32,90.000000,27,260199753.952582,258907245.208125,258296789.816417,264042864.904710,264655232.561554,267967180.302252
32,90.000000,36,253457742.115131,254048517.522816,254189676.610242,254181929.795926,254181929.795926,254165332.779920
32,90.000000,18,269019961.860793,269334482.811448,269334482.811448,269334482.811448,269334482.811448,269334482.811448
