arrival_rate,bp_parameter_L,bp_parameter_H,Dynamic_BAL_njobs100_mode1_L2_norm_flow_time,Dynamic_BAL_njobs100_mode2_L2_norm_flow_time,Dynamic_BAL_njobs100_mode3_L2_norm_flow_time,Dynamic_BAL_njobs100_mode4_L2_norm_flow_time,Dynamic_BAL_njobs100_mode5_L2_norm_flow_time,Dynamic_BAL_njobs100_mode6_L2_norm_flow_time
32,15.300000,32768,8357299.786743,8357299.786743,8357299.786743,8357299.786743,8357299.786743,8357299.786743
32,13.000000,262144,6522056.673535,6522056.673535,6522056.673535,6522056.673535,6522056.673535,6522056.673535
32,19.700000,4096,13719374.374619,13719374.374619,13719374.374619,13719374.374619,13719374.374619,13719374.374619
32,32.300000,512,23211595.583892,23211595.583892,23211595.583892,23211595.583892,23211595.583892,23211595.583892
32,90.000000,27,33010537.825825,33041945.149069,32442310.845588,32296003.842810,33495634.034008,33499307.746842
32,90.000000,36,31726453.022310,31722151.300388,31754658.258943,31754658.258943,31754658.258943,31754658.258943
32,90.000000,18,33732847.852747,33774920.601793,33774920.601793,33774790.665385,33774790.665385,33774920.601793
