arrival_rate,bp_parameter_L,bp_parameter_H,Dynamic_BAL_njobs100_mode1_L2_norm_flow_time,Dynamic_BAL_njobs100_mode2_L2_norm_flow_time,Dynamic_BAL_njobs100_mode3_L2_norm_flow_time,Dynamic_BAL_njobs100_mode4_L2_norm_flow_time,Dynamic_BAL_njobs100_mode5_L2_norm_flow_time,Dynamic_BAL_njobs100_mode6_L2_norm_flow_time
34,13.000000,262144,49874079.235105,49774805.211561,49774805.211561,49774805.211561,49774805.211561,49774805.211561
34,15.300000,32768,70184096.352242,70184096.352242,70184096.352242,70184096.352242,70184096.352242,70184096.352242
34,19.700000,4096,105884557.721704,105884557.721704,105884557.721704,105884557.721704,105884557.721704,105884557.721704
34,32.300000,512,182910378.147370,182910378.147370,182910378.147370,182910378.147370,182910378.147370,182910378.147370
34,90.000000,18,260208473.719672,260208473.719672,260208473.719672,260208473.719672,260208473.719672,260208473.719672
34,90.000000,36,247949904.261983,249064203.177393,249983660.792318,250255265.960848,250260968.800417,250240893.760665
34,90.000000,27,254219459.660364,255050548.823040,256085589.147199,258745260.157151,260570604.761354,259036886.139946
