arrival_rate,bp_parameter_L,bp_parameter_H,Dynamic_BAL_njobs100_mode1_L2_norm_flow_time,Dynamic_BAL_njobs100_mode2_L2_norm_flow_time,Dynamic_BAL_njobs100_mode3_L2_norm_flow_time,Dynamic_BAL_njobs100_mode4_L2_norm_flow_time,Dynamic_BAL_njobs100_mode5_L2_norm_flow_time,Dynamic_BAL_njobs100_mode6_L2_norm_flow_time,Dynamic_BAL_njobs100_mode7_L2_norm_flow_time
34,13.000000,262144,56079938.776656,52729474.022414,52729474.022414,52729474.022414,52729474.022414,52729474.022414,52729474.022414
34,15.300000,32768,80413652.748633,80413652.748633,80413652.748633,80413652.748633,80413652.748633,80413652.748633,80413652.748633
34,19.700000,4096,130488084.470294,130488084.470294,130488084.470294,130488084.470294,130488084.470294,130488084.470294,130488084.470294
34,32.300000,512,227214332.348552,227214332.348552,227214332.348552,227214332.348552,227214332.348552,227214332.348552,227214332.348552
