arrival_rate,bp_parameter_L,bp_parameter_H,Dynamic_BAL_njobs100_mode1_L2_norm_flow_time,Dynamic_BAL_njobs100_mode2_L2_norm_flow_time,Dynamic_BAL_njobs100_mode3_L2_norm_flow_time,Dynamic_BAL_njobs100_mode4_L2_norm_flow_time,Dynamic_BAL_njobs100_mode5_L2_norm_flow_time,Dynamic_BAL_njobs100_mode6_L2_norm_flow_time
34,13.000000,262144,6805854.132244,6805854.132244,6805854.132244,6805854.132244,6805854.132244,6805854.132244
34,15.300000,32768,8853490.032069,8853490.032069,8853490.032069,8853490.032069,8853490.032069,8853490.032069
34,19.700000,4096,13181249.876993,13181249.876993,13181249.876993,13181249.876993,13181249.876993,13181249.876993
34,90.000000,36,31426179.878794,31494738.369766,31634406.537429,31634406.537429,31634484.794870,31634406.537429
34,90.000000,18,32724252.102415,32736959.741299,32736959.741299,32736959.741299,32736959.741299,32736959.741299
34,32.300000,512,22300498.540867,22300498.540867,22300498.540867,22300498.540867,22300498.540867,22300498.540867
34,90.000000,27,31982148.162782,31357397.709131,32569874.065405,32675368.258661,32653083.387092,32649229.436738
