arrival_rate,bp_parameter_L,bp_parameter_H,Dynamic_BAL_njobs100_mode1_L2_norm_flow_time,Dynamic_BAL_njobs100_mode2_L2_norm_flow_time,Dynamic_BAL_njobs100_mode3_L2_norm_flow_time,Dynamic_BAL_njobs100_mode4_L2_norm_flow_time,Dynamic_BAL_njobs100_mode5_L2_norm_flow_time,Dynamic_BAL_njobs100_mode6_L2_norm_flow_time
34,13.000000,262144,6042602.610100,5948837.204130,5948837.204130,5948837.204130,5948837.204130,5948837.204130
34,15.300000,32768,8730972.222749,8730972.222749,8730972.222749,8730972.222749,8730972.222749,8730972.222749
34,19.700000,4096,13319264.547002,13319264.547002,13319264.547002,13319264.547002,13319264.547002,13319264.547002
34,90.000000,36,30754045.379625,30936316.350653,31141619.706112,31135523.026411,31142766.064727,31135523.026411
34,32.300000,512,23000265.968889,23000265.968889,23000265.968889,23000265.968889,23000265.968889,23000265.968889
34,90.000000,27,31132103.681273,31634983.181191,32004227.325395,32198429.987389,32454740.935703,31979041.150673
34,90.000000,18,32788309.858796,32788309.858796,32788309.858796,32788309.858796,32788309.858796,32788309.858796
