arrival_rate,bp_parameter_L,bp_parameter_H,Dynamic_BAL_njobs100_mode1_L2_norm_flow_time,Dynamic_BAL_njobs100_mode2_L2_norm_flow_time,Dynamic_BAL_njobs100_mode3_L2_norm_flow_time,Dynamic_BAL_njobs100_mode4_L2_norm_flow_time,Dynamic_BAL_njobs100_mode5_L2_norm_flow_time,Dynamic_BAL_njobs100_mode6_L2_norm_flow_time
34,13.000000,262144,48410129.360621,48041944.469734,48041944.469734,48041944.469734,48041944.469734,48041944.469734
34,15.300000,32768,71260891.020601,71260891.020601,71260891.020601,71260891.020601,71260891.020601,71260891.020601
34,32.300000,512,183344004.843765,183344004.843765,183344004.843765,183344004.843765,183344004.843765,183344004.843765
34,19.700000,4096,109927094.236639,109927094.236639,109927094.236639,109927094.236639,109927094.236639,109927094.236639
34,90.000000,27,252212040.769501,252761009.737449,254200587.289956,257309072.907308,258788349.134015,257745787.140032
34,90.000000,36,248278439.400842,248891732.141505,249654497.627634,250054691.206779,250233688.135200,250208541.589628
34,90.000000,18,259876277.935417,259877624.694394,259877624.694394,259877624.694394,259877624.694394,259877624.694394
