arrival_rate,bp_parameter_L,bp_parameter_H,Dynamic_BAL_njobs100_mode1_L2_norm_flow_time,Dynamic_BAL_njobs100_mode2_L2_norm_flow_time,Dynamic_BAL_njobs100_mode3_L2_norm_flow_time,Dynamic_BAL_njobs100_mode4_L2_norm_flow_time,Dynamic_BAL_njobs100_mode5_L2_norm_flow_time,Dynamic_BAL_njobs100_mode6_L2_norm_flow_time
34,13.000000,262144,49782213.968691,49744459.841399,49598325.789074,49598325.789074,49598325.789074,49598325.789074
34,15.300000,32768,70056360.166081,70056360.166081,70056360.166081,70056360.166081,70056360.166081,70056360.166081
34,19.700000,4096,105977048.849757,105977048.849757,105977048.849757,105977048.849757,105977048.849757,105977048.849757
34,32.300000,512,183030078.912609,183030078.912609,183030078.912609,183030078.912609,183030078.912609,183030078.912609
34,90.000000,36,248796175.943109,249225119.601289,249797931.210228,250348398.667288,250594885.913556,250575668.900504
34,90.000000,27,256037925.450043,256692831.990820,258014770.477466,261465733.016194,262541891.919246,260911547.601765
34,90.000000,18,262023783.630698,262097231.785023,262097231.785023,262097231.785023,262097231.785023,262097231.785023
