arrival_rate,bp_parameter_L,bp_parameter_H,Dynamic_BAL_njobs100_mode1_L2_norm_flow_time,Dynamic_BAL_njobs100_mode2_L2_norm_flow_time,Dynamic_BAL_njobs100_mode3_L2_norm_flow_time,Dynamic_BAL_njobs100_mode4_L2_norm_flow_time,Dynamic_BAL_njobs100_mode5_L2_norm_flow_time,Dynamic_BAL_njobs100_mode6_L2_norm_flow_time
34,13.000000,262144,51961527.791005,51961527.791005,51961527.791005,51961527.791005,51961527.791005,51961527.791005
34,15.300000,32768,71879295.765566,71492424.311975,71492424.311975,71492424.311975,71492424.311975,71492424.311975
34,19.700000,4096,107073751.083887,107073751.083887,107073751.083887,107073751.083887,107073751.083887,107073751.083887
34,32.300000,512,183215659.956701,183215659.956701,183215659.956701,183215659.956701,183215659.956701,183215659.956701
34,90.000000,36,248822189.433910,249529774.360227,250425278.420123,251199425.029129,251318081.907709,251295200.131644
34,90.000000,18,260157907.769935,260200196.697813,260200196.697813,260200196.697813,260200196.697813,260200196.697813
34,90.000000,27,250835528.693486,254910872.966910,255841631.043816,258232728.716737,260564725.661602,259062738.348689
