arrival_rate,bp_parameter_L,bp_parameter_H,Dynamic_BAL_njobs100_mode1_L2_norm_flow_time,Dynamic_BAL_njobs100_mode2_L2_norm_flow_time,Dynamic_BAL_njobs100_mode3_L2_norm_flow_time,Dynamic_BAL_njobs100_mode4_L2_norm_flow_time,Dynamic_BAL_njobs100_mode5_L2_norm_flow_time,Dynamic_BAL_njobs100_mode6_L2_norm_flow_time
34,13.000000,262144,6588436.670514,6588436.670514,6588436.670514,6588436.670514,6588436.670514,6588436.670514
34,15.300000,32768,8614173.616941,8614173.616941,8614173.616941,8614173.616941,8614173.616941,8614173.616941
34,19.700000,4096,13157900.787154,13157900.787154,13157900.787154,13157900.787154,13157900.787154,13157900.787154
34,32.300000,512,23230864.872386,23230864.872386,23230864.872386,23230864.872386,23230864.872386,23230864.872386
34,90.000000,36,31483097.283801,31620914.996685,31657453.993845,31661735.256961,31661735.256961,31657453.993845
34,90.000000,27,31614974.246548,31788189.791723,32005082.063826,32255181.382616,32398868.304170,31827287.591445
34,90.000000,18,32530076.834976,32530076.834976,32530076.834976,32530076.834976,32530076.834976,32530076.834976
