arrival_rate,bp_parameter_L,bp_parameter_H,Dynamic_BAL_njobs100_mode1_L2_norm_flow_time,Dynamic_BAL_njobs100_mode2_L2_norm_flow_time,Dynamic_BAL_njobs100_mode3_L2_norm_flow_time,Dynamic_BAL_njobs100_mode4_L2_norm_flow_time,Dynamic_BAL_njobs100_mode5_L2_norm_flow_time,Dynamic_BAL_njobs100_mode6_L2_norm_flow_time,Dynamic_BAL_njobs100_mode7_L2_norm_flow_time
34,13.000000,262144,57154981.443157,56342699.237042,56342699.237042,56342699.237042,56342699.237042,56342699.237042,56342699.237042
34,15.300000,32768,81312896.866611,81312896.866611,81312896.866611,81312896.866611,81312896.866611,81312896.866611,81312896.866611
34,19.700000,4096,128698491.308918,128698491.308918,128698491.308918,128698491.308918,128698491.308918,128698491.308918,128698491.308918
34,32.300000,512,222321981.729108,222312629.664612,222312629.664612,222312629.664612,222312629.664612,222312629.664612,222312629.664612
