arrival_rate,bp_parameter_L,bp_parameter_H,Dynamic_BAL_njobs100_mode1_L2_norm_flow_time,Dynamic_BAL_njobs100_mode2_L2_norm_flow_time,Dynamic_BAL_njobs100_mode3_L2_norm_flow_time,Dynamic_BAL_njobs100_mode4_L2_norm_flow_time,Dynamic_BAL_njobs100_mode5_L2_norm_flow_time,Dynamic_BAL_njobs100_mode6_L2_norm_flow_time
34,15.300000,32768,8791119.406945,8791119.406945,8791119.406945,8791119.406945,8791119.406945,8791119.406945
34,13.000000,262144,7250372.670497,7250372.670497,7250372.670497,7250372.670497,7250372.670497,7250372.670497
34,19.700000,4096,13976656.492868,13976656.492868,13976656.492868,13976656.492868,13976656.492868,13976656.492868
34,32.300000,512,22908809.035229,22908809.035229,22908809.035229,22908809.035229,22908809.035229,22908809.035229
34,90.000000,36,30586521.043592,30799975.318825,30796844.139590,30835864.115618,30835864.115618,30842006.329578
34,90.000000,18,32498239.086198,32498239.086198,32498239.086198,32498239.086198,32498239.086198,32498239.086198
34,90.000000,27,31151759.606978,31745056.094794,32036522.264544,32330451.651804,32333347.401122,32330567.112827
