arrival_rate,bp_parameter_L,bp_parameter_H,Dynamic_BAL_njobs100_mode1_L2_norm_flow_time,Dynamic_BAL_njobs100_mode2_L2_norm_flow_time,Dynamic_BAL_njobs100_mode3_L2_norm_flow_time,Dynamic_BAL_njobs100_mode4_L2_norm_flow_time,Dynamic_BAL_njobs100_mode5_L2_norm_flow_time,Dynamic_BAL_njobs100_mode6_L2_norm_flow_time
34,13.000000,262144,6683579.768221,6683579.768221,6683579.768221,6683579.768221,6683579.768221,6683579.768221
34,15.300000,32768,8548595.546231,8548595.546231,8548595.546231,8548595.546231,8548595.546231,8548595.546231
34,19.700000,4096,13190119.671531,13190119.671531,13190119.671531,13190119.671531,13190119.671531,13190119.671531
34,90.000000,36,30903810.209182,30998105.953327,30970009.844757,31017036.156409,31139051.366781,31126022.246395
34,90.000000,18,32315863.395958,32327122.761859,32327122.761859,32327122.761859,32327122.761859,32327122.761859
34,32.300000,512,23588272.389299,23588272.389299,23588272.389299,23588272.389299,23588272.389299,23588272.389299
34,90.000000,27,31781465.821069,31924312.303803,32120885.312319,32517724.744986,32464470.141254,32469956.990563
