arrival_rate,bp_parameter_L,bp_parameter_H,Dynamic_BAL_njobs100_mode1_L2_norm_flow_time,Dynamic_BAL_njobs100_mode2_L2_norm_flow_time,Dynamic_BAL_njobs100_mode3_L2_norm_flow_time,Dynamic_BAL_njobs100_mode4_L2_norm_flow_time,Dynamic_BAL_njobs100_mode5_L2_norm_flow_time,Dynamic_BAL_njobs100_mode6_L2_norm_flow_time
34,13.000000,262144,6609248.903114,5669642.360751,5669642.360751,5669642.360751,5669642.360751,5669642.360751
34,15.300000,32768,8514111.175803,8514111.175803,8514111.175803,8514111.175803,8514111.175803,8514111.175803
34,19.700000,4096,13487329.691935,13487329.691935,13487329.691935,13487329.691935,13487329.691935,13487329.691935
34,32.300000,512,23037427.982389,23037427.982389,23037427.982389,23037427.982389,23037427.982389,23037427.982389
34,90.000000,36,31101041.953302,31151392.298496,31299783.092901,31345706.292332,31345706.292332,31336486.417568
34,90.000000,18,32922688.722327,32922688.722327,32922688.722327,32922688.722327,32922688.722327,32922688.722327
34,90.000000,27,31784118.187712,31887156.194092,31934814.247413,32465376.668510,32504309.855974,32516493.770254
