arrival_rate,bp_parameter_L,bp_parameter_H,Dynamic_BAL_njobs100_mode1_L2_norm_flow_time,Dynamic_BAL_njobs100_mode2_L2_norm_flow_time,Dynamic_BAL_njobs100_mode3_L2_norm_flow_time,Dynamic_BAL_njobs100_mode4_L2_norm_flow_time,Dynamic_BAL_njobs100_mode5_L2_norm_flow_time,Dynamic_BAL_njobs100_mode6_L2_norm_flow_time
34,13.000000,262144,50812220.218219,50346009.261318,50346009.261318,50346009.261318,50346009.261318,50346009.261318
34,15.300000,32768,69971363.396762,69971363.396762,69971363.396762,69971363.396762,69971363.396762,69971363.396762
34,19.700000,4096,107380434.364753,107380434.364753,107380434.364753,107380434.364753,107380434.364753,107380434.364753
34,32.300000,512,185037545.597854,185037545.597854,185037545.597854,185037545.597854,185037545.597854,185037545.597854
34,90.000000,18,260202883.688059,260202883.688059,260202883.688059,260202883.688059,260202883.688059,260202883.688059
34,90.000000,36,247756653.424821,248637388.054741,249413800.507616,249718813.996864,249979206.289707,249963464.242313
34,90.000000,27,253835016.069225,254639573.494391,256220870.138793,259650621.701799,260301218.176439,259024587.347333
