arrival_rate,bp_parameter_L,bp_parameter_H,Dynamic_BAL_njobs100_mode1_L2_norm_flow_time,Dynamic_BAL_njobs100_mode2_L2_norm_flow_time,Dynamic_BAL_njobs100_mode3_L2_norm_flow_time,Dynamic_BAL_njobs100_mode4_L2_norm_flow_time,Dynamic_BAL_njobs100_mode5_L2_norm_flow_time,Dynamic_BAL_njobs100_mode6_L2_norm_flow_time,Dynamic_BAL_njobs100_mode7_L2_norm_flow_time
36,13.000000,262144,46895479.029051,46651941.226400,46651941.226400,46651941.226400,46651941.226400,46651941.226400,46651941.226400
36,15.300000,32768,74299358.029706,74299358.029706,74299358.029706,74299358.029706,74299358.029706,74299358.029706,74299358.029706
36,19.700000,4096,124410343.469013,124410343.469013,124410343.469013,124410343.469013,124410343.469013,124410343.469013,124410343.469013
36,32.300000,512,221853821.141303,221853821.141303,221853821.141303,221853821.141303,221853821.141303,221853821.141303,221853821.141303
