arrival_rate,bp_parameter_L,bp_parameter_H,Dynamic_BAL_njobs100_mode1_L2_norm_flow_time,Dynamic_BAL_njobs100_mode2_L2_norm_flow_time,Dynamic_BAL_njobs100_mode3_L2_norm_flow_time,Dynamic_BAL_njobs100_mode4_L2_norm_flow_time,Dynamic_BAL_njobs100_mode5_L2_norm_flow_time,Dynamic_BAL_njobs100_mode6_L2_norm_flow_time
36,13.000000,262144,5663654.199446,5663654.199446,5663654.199446,5663654.199446,5663654.199446,5663654.199446
36,15.300000,32768,7640081.601373,7640081.601373,7640081.601373,7640081.601373,7640081.601373,7640081.601373
36,19.700000,4096,11563429.237709,11563429.237709,11563429.237709,11563429.237709,11563429.237709,11563429.237709
36,90.000000,27,31078679.048945,31590931.197216,31730108.993525,31729629.911746,31975104.789760,31422563.681585
36,90.000000,36,29615254.624961,29849885.905422,29932714.220713,30095835.026436,30193517.300708,30192327.894312
36,32.300000,512,22508037.799343,22508037.799343,22508037.799343,22508037.799343,22508037.799343,22508037.799343
36,90.000000,18,31384979.982058,31384979.982058,31384979.982058,31384979.982058,31384979.982058,31384979.982058
