arrival_rate,bp_parameter_L,bp_parameter_H,Dynamic_BAL_njobs100_mode1_L2_norm_flow_time,Dynamic_BAL_njobs100_mode2_L2_norm_flow_time,Dynamic_BAL_njobs100_mode3_L2_norm_flow_time,Dynamic_BAL_njobs100_mode4_L2_norm_flow_time,Dynamic_BAL_njobs100_mode5_L2_norm_flow_time,Dynamic_BAL_njobs100_mode6_L2_norm_flow_time
36,15.300000,32768,8024061.517839,8024061.517839,8024061.517839,8024061.517839,8024061.517839,8024061.517839
36,13.000000,262144,5468197.277194,5425459.825934,5425459.825934,5425459.825934,5425459.825934,5425459.825934
36,19.700000,4096,12590713.405928,12590713.405928,12590713.405928,12590713.405928,12590713.405928,12590713.405928
36,90.000000,27,30773715.372032,30860657.037615,31410933.432458,31418783.982596,31661793.590310,31190085.283651
36,32.300000,512,21944940.444025,21944940.444025,21944940.444025,21944940.444025,21944940.444025,21944940.444025
36,90.000000,18,31384712.019907,31384712.019907,31384712.019907,31384712.019907,31384712.019907,31384712.019907
36,90.000000,36,29657895.998787,29905856.242771,29857432.811538,29921200.569301,30329560.482259,30329210.641116
