arrival_rate,bp_parameter_L,bp_parameter_H,Dynamic_BAL_njobs100_mode1_L2_norm_flow_time,Dynamic_BAL_njobs100_mode2_L2_norm_flow_time,Dynamic_BAL_njobs100_mode3_L2_norm_flow_time,Dynamic_BAL_njobs100_mode4_L2_norm_flow_time,Dynamic_BAL_njobs100_mode5_L2_norm_flow_time,Dynamic_BAL_njobs100_mode6_L2_norm_flow_time
36,13.000000,262144,5996608.822169,5996608.822169,5996608.822169,5996608.822169,5996608.822169,5996608.822169
36,15.300000,32768,7861421.246554,7861421.246554,7861421.246554,7861421.246554,7861421.246554,7861421.246554
36,19.700000,4096,12968331.567451,12968331.567451,12968331.567451,12968331.567451,12968331.567451,12968331.567451
36,32.300000,512,22335419.732099,22335419.732099,22335419.732099,22335419.732099,22335419.732099,22335419.732099
36,90.000000,36,30007862.298189,29967716.237555,30241692.449201,30372383.431253,30451737.743192,30433442.561576
36,90.000000,27,30925089.657004,31254356.448638,31372662.456834,31490160.767848,31085294.135983,31335706.976230
36,90.000000,18,31267485.746201,31267485.746201,31267485.746201,31267485.746201,31267485.746201,31267485.746201
