arrival_rate,bp_parameter_L,bp_parameter_H,Dynamic_BAL_njobs100_mode1_L2_norm_flow_time,Dynamic_BAL_njobs100_mode2_L2_norm_flow_time,Dynamic_BAL_njobs100_mode3_L2_norm_flow_time,Dynamic_BAL_njobs100_mode4_L2_norm_flow_time,Dynamic_BAL_njobs100_mode5_L2_norm_flow_time,Dynamic_BAL_njobs100_mode6_L2_norm_flow_time,Dynamic_BAL_njobs100_mode7_L2_norm_flow_time
36,13.000000,262144,49582197.018934,49582197.018934,49582197.018934,49582197.018934,49582197.018934,49582197.018934,49582197.018934
36,15.300000,32768,74978971.427036,74978971.427036,74978971.427036,74978971.427036,74978971.427036,74978971.427036,74978971.427036
36,19.700000,4096,123266885.668258,123266885.668258,123266885.668258,123266885.668258,123266885.668258,123266885.668258,123266885.668258
36,32.300000,512,217987448.352592,217978372.684731,217978372.684731,217978372.684731,217978372.684731,217978372.684731,217978372.684731
