arrival_rate,bp_parameter_L,bp_parameter_H,Dynamic_BAL_njobs100_mode1_L2_norm_flow_time,Dynamic_BAL_njobs100_mode2_L2_norm_flow_time,Dynamic_BAL_njobs100_mode3_L2_norm_flow_time,Dynamic_BAL_njobs100_mode4_L2_norm_flow_time,Dynamic_BAL_njobs100_mode5_L2_norm_flow_time,Dynamic_BAL_njobs100_mode6_L2_norm_flow_time
36,13.000000,262144,5723704.836662,5665053.835076,5665053.835076,5665053.835076,5665053.835076,5665053.835076
36,15.300000,32768,8714539.348772,8714539.348772,8714539.348772,8714539.348772,8714539.348772,8714539.348772
36,19.700000,4096,12631421.883189,12631421.883189,12631421.883189,12631421.883189,12631421.883189,12631421.883189
36,32.300000,512,21900345.608448,21900345.608448,21900345.608448,21900345.608448,21900345.608448,21900345.608448
36,90.000000,36,30022154.857017,30056473.244575,30108631.665195,30364868.932610,30494327.913549,30478210.152814
36,90.000000,27,30562295.407049,31412138.764775,31826529.907153,31828086.398269,32021757.558304,31604339.014852
36,90.000000,18,31489827.206514,31489827.206514,31489827.206514,31489827.206514,31489827.206514,31489827.206514
