arrival_rate,bp_parameter_L,bp_parameter_H,Dynamic_BAL_njobs100_mode1_L2_norm_flow_time,Dynamic_BAL_njobs100_mode2_L2_norm_flow_time,Dynamic_BAL_njobs100_mode3_L2_norm_flow_time,Dynamic_BAL_njobs100_mode4_L2_norm_flow_time,Dynamic_BAL_njobs100_mode5_L2_norm_flow_time,Dynamic_BAL_njobs100_mode6_L2_norm_flow_time
36,13.000000,262144,5514079.518107,5392320.595608,5392320.595608,5392320.595608,5392320.595608,5392320.595608
36,15.300000,32768,8394312.271579,8394312.271579,8394312.271579,8394312.271579,8394312.271579,8394312.271579
36,19.700000,4096,12935585.783107,12935585.783107,12935585.783107,12935585.783107,12935585.783107,12935585.783107
36,32.300000,512,22464410.276894,22464410.276894,22464410.276894,22464410.276894,22464410.276894,22464410.276894
36,90.000000,36,29849958.295842,29757333.846224,29718643.465882,29824079.952954,30339205.414650,30333830.296703
36,90.000000,27,30739111.562387,31237087.685274,31431871.098040,31514139.021772,31713438.451262,31268284.821234
36,90.000000,18,31742924.443022,31742924.443022,31742924.443022,31742924.443022,31742924.443022,31742924.443022
