arrival_rate,bp_parameter_L,bp_parameter_H,Dynamic_BAL_njobs100_mode1_L2_norm_flow_time,Dynamic_BAL_njobs100_mode2_L2_norm_flow_time,Dynamic_BAL_njobs100_mode3_L2_norm_flow_time,Dynamic_BAL_njobs100_mode4_L2_norm_flow_time,Dynamic_BAL_njobs100_mode5_L2_norm_flow_time,Dynamic_BAL_njobs100_mode6_L2_norm_flow_time
36,13.000000,262144,5709648.451019,5709648.451019,5709648.451019,5709648.451019,5709648.451019,5709648.451019
36,15.300000,32768,7966016.928143,7966016.928143,7966016.928143,7966016.928143,7966016.928143,7966016.928143
36,19.700000,4096,12844416.332051,12844416.332051,12844416.332051,12844416.332051,12844416.332051,12844416.332051
36,90.000000,18,31208858.610967,31208858.610967,31208858.610967,31208858.610967,31208858.610967,31208858.610967
36,32.300000,512,22176156.777879,22176156.777879,22176156.777879,22176156.777879,22176156.777879,22176156.777879
36,90.000000,27,30309009.734532,30195693.110798,31490395.136245,31489940.033338,31872148.211615,31330937.019788
36,90.000000,36,29946451.772626,29866891.282973,29939753.630757,30033475.838319,30654765.756248,30662475.859427
