arrival_rate,bp_parameter_L,bp_parameter_H,Dynamic_BAL_njobs100_mode1_L2_norm_flow_time,Dynamic_BAL_njobs100_mode2_L2_norm_flow_time,Dynamic_BAL_njobs100_mode3_L2_norm_flow_time,Dynamic_BAL_njobs100_mode4_L2_norm_flow_time,Dynamic_BAL_njobs100_mode5_L2_norm_flow_time,Dynamic_BAL_njobs100_mode6_L2_norm_flow_time
36,15.300000,32768,8033909.285651,8033909.285651,8033909.285651,8033909.285651,8033909.285651,8033909.285651
36,13.000000,262144,5840313.043661,5840313.043661,5840313.043661,5840313.043661,5840313.043661,5840313.043661
36,19.700000,4096,12617491.044855,12617491.044855,12617491.044855,12617491.044855,12617491.044855,12617491.044855
36,32.300000,512,22455571.230090,22455571.230090,22455571.230090,22455571.230090,22455571.230090,22455571.230090
36,90.000000,18,31683392.205078,31690847.305473,31690847.305473,31690847.305473,31690847.305473,31690847.305473
36,90.000000,36,30005670.959573,29951175.833168,29901526.622003,30113640.234203,30403164.882193,30384619.398313
36,90.000000,27,31102133.585165,31294764.007003,31543959.060547,31545542.402575,31734648.429115,31328648.928850
