arrival_rate,bp_parameter_L,bp_parameter_H,Dynamic_BAL_njobs100_mode1_L2_norm_flow_time,Dynamic_BAL_njobs100_mode2_L2_norm_flow_time,Dynamic_BAL_njobs100_mode3_L2_norm_flow_time,Dynamic_BAL_njobs100_mode4_L2_norm_flow_time,Dynamic_BAL_njobs100_mode5_L2_norm_flow_time,Dynamic_BAL_njobs100_mode6_L2_norm_flow_time
36,13.000000,262144,5723613.568428,5694075.400550,5694075.400550,5694075.400550,5694075.400550,5694075.400550
36,15.300000,32768,8209942.248739,8209942.248739,8209942.248739,8209942.248739,8209942.248739,8209942.248739
36,19.700000,4096,12129196.795400,12129196.795400,12129196.795400,12129196.795400,12129196.795400,12129196.795400
36,32.300000,512,22423424.023573,22423424.023573,22423424.023573,22423424.023573,22423424.023573,22423424.023573
36,90.000000,18,31132214.378978,31132214.378978,31132214.378978,31132214.378978,31132214.378978,31132214.378978
36,90.000000,36,30015532.927834,30132110.703335,30231905.672498,30427919.559111,30510200.201047,30492136.306972
36,90.000000,27,30549563.575546,30862803.097452,31113096.786032,31114210.534950,31482657.897560,30940835.990529
