arrival_rate,bp_parameter_L,bp_parameter_H,Dynamic_BAL_njobs100_mode1_L2_norm_flow_time,Dynamic_BAL_njobs100_mode2_L2_norm_flow_time,Dynamic_BAL_njobs100_mode3_L2_norm_flow_time,Dynamic_BAL_njobs100_mode4_L2_norm_flow_time,Dynamic_BAL_njobs100_mode5_L2_norm_flow_time,Dynamic_BAL_njobs100_mode6_L2_norm_flow_time
38,13.000000,262144,5571694.280836,5571694.280836,5571694.280836,5571694.280836,5571694.280836,5571694.280836
38,15.300000,32768,7313450.937966,7313450.937966,7313450.937966,7313450.937966,7313450.937966,7313450.937966
38,19.700000,4096,12295269.485249,12295269.485249,12295269.485249,12295269.485249,12295269.485249,12295269.485249
38,32.300000,512,21600603.154808,21600603.154808,21600603.154808,21600603.154808,21600603.154808,21600603.154808
38,90.000000,36,28664253.072014,28922686.362077,28727365.132319,28764835.677256,29638197.188488,29646868.322620
38,90.000000,27,29824302.585628,30149715.387896,30389104.955275,30388716.477304,30733895.471602,30332915.852934
38,90.000000,18,30335160.096253,30335160.096253,30335160.096253,30335160.096253,30335160.096253,30335160.096253
