arrival_rate,bp_parameter_L,bp_parameter_H,Dynamic_BAL_njobs100_mode1_L2_norm_flow_time,Dynamic_BAL_njobs100_mode2_L2_norm_flow_time,Dynamic_BAL_njobs100_mode3_L2_norm_flow_time,Dynamic_BAL_njobs100_mode4_L2_norm_flow_time,Dynamic_BAL_njobs100_mode5_L2_norm_flow_time,Dynamic_BAL_njobs100_mode6_L2_norm_flow_time,Dynamic_BAL_njobs100_mode7_L2_norm_flow_time
38,13.000000,262144,43345983.528368,43335837.066950,43245027.507024,43245027.507024,43245027.507024,43245027.507024,43245027.507024
38,15.300000,32768,70834649.002620,70414285.371601,70414285.371601,70414285.371601,70414285.371601,70414733.292720,70414285.371601
38,19.700000,4096,114933556.234558,114933556.234558,114933556.234558,114933556.234558,114933556.234558,114933556.234558,114933556.234558
38,32.300000,512,217802339.357129,217802339.357129,217802339.357129,217802339.357129,217802339.357129,217802339.357129,217802339.357129
