arrival_rate,bp_parameter_L,bp_parameter_H,Dynamic_BAL_njobs100_mode1_L2_norm_flow_time,Dynamic_BAL_njobs100_mode2_L2_norm_flow_time,Dynamic_BAL_njobs100_mode3_L2_norm_flow_time,Dynamic_BAL_njobs100_mode4_L2_norm_flow_time,Dynamic_BAL_njobs100_mode5_L2_norm_flow_time,Dynamic_BAL_njobs100_mode6_L2_norm_flow_time
38,13.000000,262144,41072309.759320,41381888.559095,41072309.759320,41072309.759320,41072309.759320,41072309.759320
38,15.300000,32768,62392169.488299,62028619.065632,62028619.065632,62028619.065632,62028619.065632,62028619.065632
38,19.700000,4096,96581923.460113,96581923.460113,96581923.460113,96581923.460113,96581923.460113,96581923.460113
38,32.300000,512,171982487.463626,171982487.463626,171982487.463626,171982487.463626,171982487.463626,171982487.463626
38,90.000000,36,230868559.111237,230816191.474987,230676460.288769,230544429.807100,232503415.754823,238849337.625645
38,90.000000,27,236306267.851247,238729258.538980,240200209.901042,240200209.901042,240200209.901042,240050411.763843
38,90.000000,18,243660980.750449,243660980.750449,243660980.750449,243660980.750449,243660980.750449,243660980.750449
