arrival_rate,bp_parameter_L,bp_parameter_H,Dynamic_BAL_njobs100_mode1_L2_norm_flow_time,Dynamic_BAL_njobs100_mode2_L2_norm_flow_time,Dynamic_BAL_njobs100_mode3_L2_norm_flow_time,Dynamic_BAL_njobs100_mode4_L2_norm_flow_time,Dynamic_BAL_njobs100_mode5_L2_norm_flow_time,Dynamic_BAL_njobs100_mode6_L2_norm_flow_time
38,13.000000,262144,5433448.242733,5433448.242733,5433448.242733,5433448.242733,5433448.242733,5433448.242733
38,15.300000,32768,7638362.138235,7638362.138235,7638362.138235,7638362.138235,7638362.138235,7638362.138235
38,19.700000,4096,12439420.748570,12439420.748570,12439420.748570,12439420.748570,12439420.748570,12439420.748570
38,32.300000,512,21464879.651439,21464879.651439,21464879.651439,21464879.651439,21464879.651439,21464879.651439
38,90.000000,36,28703286.957555,28789866.010587,28733081.009440,28987661.696659,29485146.829634,29459278.624561
38,90.000000,18,30063449.716586,30063449.716586,30063449.716586,30063449.716586,30063449.716586,30063449.716586
38,90.000000,27,29643123.899910,29949732.600271,30024833.864692,30167427.089375,30875374.923150,30090220.398693
