arrival_rate,bp_parameter_L,bp_parameter_H,Dynamic_BAL_njobs100_mode1_L2_norm_flow_time,Dynamic_BAL_njobs100_mode2_L2_norm_flow_time,Dynamic_BAL_njobs100_mode3_L2_norm_flow_time,Dynamic_BAL_njobs100_mode4_L2_norm_flow_time,Dynamic_BAL_njobs100_mode5_L2_norm_flow_time,Dynamic_BAL_njobs100_mode6_L2_norm_flow_time,Dynamic_BAL_njobs100_mode7_L2_norm_flow_time
38,13.000000,262144,46750016.098690,46619906.797031,46619906.797031,46619906.797031,46619906.797031,46619906.797031,46619906.797031
38,15.300000,32768,67578163.769651,67578163.769651,67578163.769651,67578163.769651,67578163.769651,67578163.769651,67578163.769651
38,19.700000,4096,115397538.339279,115397538.339279,115397538.339279,115397538.339279,115397538.339279,115397538.339279,115397538.339279
38,32.300000,512,208071692.958612,208071692.958612,208071692.958612,208071692.958612,208071692.958612,208071692.958612,208071692.958612
