arrival_rate,bp_parameter_L,bp_parameter_H,Dynamic_BAL_njobs100_mode1_L2_norm_flow_time,Dynamic_BAL_njobs100_mode2_L2_norm_flow_time,Dynamic_BAL_njobs100_mode3_L2_norm_flow_time,Dynamic_BAL_njobs100_mode4_L2_norm_flow_time,Dynamic_BAL_njobs100_mode5_L2_norm_flow_time,Dynamic_BAL_njobs100_mode6_L2_norm_flow_time
38,13.000000,262144,5323361.619993,5323361.619993,5323361.619993,5323361.619993,5323361.619993,5323361.619993
38,15.300000,32768,7481537.803429,7469698.580974,7469698.580974,7469698.580974,7469698.580974,7469698.580974
38,19.700000,4096,12550539.327336,12550539.327336,12550539.327336,12550539.327336,12550539.327336,12550539.327336
38,32.300000,512,21020356.036227,21020356.036227,21020356.036227,21020356.036227,21020356.036227,21020356.036227
38,90.000000,36,29346661.514507,29288791.146720,29513178.216622,29459004.290657,30082206.342463,30083578.740616
38,90.000000,27,29521691.936982,29853052.524827,30066424.321374,30066264.988308,30669709.454175,29997747.675426
38,90.000000,18,30949748.039415,30949748.039415,30949748.039415,30949748.039415,30949748.039415,30949748.039415
