arrival_rate,bp_parameter_L,bp_parameter_H,Dynamic_BAL_njobs100_mode1_L2_norm_flow_time,Dynamic_BAL_njobs100_mode2_L2_norm_flow_time,Dynamic_BAL_njobs100_mode3_L2_norm_flow_time,Dynamic_BAL_njobs100_mode4_L2_norm_flow_time,Dynamic_BAL_njobs100_mode5_L2_norm_flow_time,Dynamic_BAL_njobs100_mode6_L2_norm_flow_time
38,15.300000,32768,7232346.024892,7232346.024892,7232346.024892,7232346.024892,7232346.024892,7232346.024892
38,13.000000,262144,5527816.897004,5527816.897004,5527816.897004,5527816.897004,5527816.897004,5527816.897004
38,19.700000,4096,12013159.067379,12013159.067379,12013159.067379,12013159.067379,12013159.067379,12013159.067379
38,32.300000,512,21380476.141132,21380476.141132,21380476.141132,21380476.141132,21380476.141132,21380476.141132
38,90.000000,36,28805707.233822,28679741.783332,28562219.859783,28354125.485400,29748113.803172,29750310.789138
38,90.000000,27,29396465.015737,29541223.573751,29837926.291400,30029475.936706,30562908.744009,29948006.950302
38,90.000000,18,30794697.862390,30794697.862390,30794697.862390,30794697.862390,30794697.862390,30794697.862390
