arrival_rate,bp_parameter_L,bp_parameter_H,Dynamic_BAL_njobs100_mode1_L2_norm_flow_time,Dynamic_BAL_njobs100_mode2_L2_norm_flow_time,Dynamic_BAL_njobs100_mode3_L2_norm_flow_time,Dynamic_BAL_njobs100_mode4_L2_norm_flow_time,Dynamic_BAL_njobs100_mode5_L2_norm_flow_time,Dynamic_BAL_njobs100_mode6_L2_norm_flow_time
38,13.000000,262144,4871375.388488,4871375.388488,4871375.388488,4871375.388488,4871375.388488,4871375.388488
38,15.300000,32768,8011470.898496,7699512.861452,8011470.898496,8011470.898496,8011470.898496,7699512.861452
38,19.700000,4096,12484996.994493,12484996.994493,12484996.994493,12484996.994493,12484996.994493,12484996.994493
38,90.000000,27,29812323.168254,30176979.492125,30301352.408578,30452032.412721,31051224.454693,30354197.240964
38,32.300000,512,21883892.020443,21883892.020443,21883892.020443,21883892.020443,21883892.020443,21883892.020443
38,90.000000,18,30050109.900883,30050109.900883,30050109.900883,30050109.900883,30050109.900883,30050109.900883
38,90.000000,36,28789650.130814,28798135.209939,28891648.657673,28558640.093333,29702248.293974,29669217.208244
