arrival_rate,bp_parameter_L,bp_parameter_H,Dynamic_BAL_njobs100_mode1_L2_norm_flow_time,Dynamic_BAL_njobs100_mode2_L2_norm_flow_time,Dynamic_BAL_njobs100_mode3_L2_norm_flow_time,Dynamic_BAL_njobs100_mode4_L2_norm_flow_time,Dynamic_BAL_njobs100_mode5_L2_norm_flow_time,Dynamic_BAL_njobs100_mode6_L2_norm_flow_time
38,13.000000,262144,43120793.052786,42299931.902482,42299931.902482,42299931.902482,42299931.902482,42299931.902482
38,15.300000,32768,62636946.915566,61990962.683258,61990962.683258,61990962.683258,61990962.683258,61990962.683258
38,19.700000,4096,97539177.097903,97202130.960354,97202130.960354,97202130.960354,97202130.960354,97202130.960354
38,32.300000,512,173467839.516045,173467839.516045,173467839.516045,173467839.516045,173467839.516045,173467839.516045
38,90.000000,36,231024168.044663,231800627.008749,231089441.264228,231002591.667534,231127089.072627,239126107.752538
38,90.000000,27,238593039.043166,240843874.997886,242693308.214147,242693277.516677,242692889.930611,242514686.709761
38,90.000000,18,244078327.950806,244078327.950806,244078327.950806,244078327.950806,244078327.950806,244078327.950806
