arrival_rate,bp_parameter_L,bp_parameter_H,Dynamic_BAL_njobs100_mode1_L2_norm_flow_time,Dynamic_BAL_njobs100_mode2_L2_norm_flow_time,Dynamic_BAL_njobs100_mode3_L2_norm_flow_time,Dynamic_BAL_njobs100_mode4_L2_norm_flow_time,Dynamic_BAL_njobs100_mode5_L2_norm_flow_time,Dynamic_BAL_njobs100_mode6_L2_norm_flow_time
38,13.000000,262144,5040225.993986,5040225.993986,5040225.993986,5040225.993986,5040225.993986,5040225.993986
38,15.300000,32768,6764889.312644,6764889.312644,6764889.312644,6764889.312644,6764889.312644,6764889.312644
38,19.700000,4096,11740417.962702,11701849.181328,11701849.181328,11701849.181328,11701849.181328,11701849.181328
38,32.300000,512,21876856.840556,21876856.840556,21876856.840556,21876856.840556,21876856.840556,21876856.840556
38,90.000000,18,30126067.736196,30126067.736196,30126067.736196,30126067.736196,30126067.736196,30126067.736196
38,90.000000,36,28651296.407598,28653609.605637,28728887.608068,28752009.293715,29545806.993736,29547476.339609
38,90.000000,27,29828166.691168,30187812.001061,30352829.635949,30352551.289894,30805180.031916,30275469.062990
