arrival_rate,bp_parameter_L,bp_parameter_H,Dynamic_BAL_njobs100_mode1_L2_norm_flow_time,Dynamic_BAL_njobs100_mode2_L2_norm_flow_time,Dynamic_BAL_njobs100_mode3_L2_norm_flow_time,Dynamic_BAL_njobs100_mode4_L2_norm_flow_time,Dynamic_BAL_njobs100_mode5_L2_norm_flow_time,Dynamic_BAL_njobs100_mode6_L2_norm_flow_time
38,13.000000,262144,48439993.907355,43146631.389029,43146631.389029,43146631.389029,43146631.389029,43146631.389029
38,15.300000,32768,62148395.265875,62148395.265875,62148395.265875,62148395.265875,62148395.265875,62148395.265875
38,19.700000,4096,99889091.386138,99889091.386138,99889091.386138,99889091.386138,99889091.386138,99889091.386138
38,32.300000,512,173194496.271022,173194496.271022,173194496.271022,173194496.271022,173194496.271022,173194496.271022
38,90.000000,36,231486978.686812,230806793.682177,230044905.243668,228991082.679417,227813943.741827,239456611.815991
38,90.000000,27,240873149.531642,242142925.590190,244177715.527846,245057492.475415,245057492.475415,244810288.833921
38,90.000000,18,245021832.792805,245032620.429181,245032620.429181,245032620.429181,245032620.429181,245032620.429181
