arrival_rate,bp_parameter_L,bp_parameter_H,Dynamic_BAL_njobs100_mode1_L2_norm_flow_time,Dynamic_BAL_njobs100_mode2_L2_norm_flow_time,Dynamic_BAL_njobs100_mode3_L2_norm_flow_time,Dynamic_BAL_njobs100_mode4_L2_norm_flow_time,Dynamic_BAL_njobs100_mode5_L2_norm_flow_time,Dynamic_BAL_njobs100_mode6_L2_norm_flow_time
38,13.000000,262144,5336305.486612,5336305.486612,5336305.486612,5336305.486612,5336305.486612,5336305.486612
38,15.300000,32768,7744647.178765,7744647.178765,7744647.178765,7744647.178765,7744647.178765,7744647.178765
38,32.300000,512,21745685.878458,21745685.878458,21745685.878458,21745685.878458,21745685.878458,21745685.878458
38,19.700000,4096,12637546.654136,12637546.654136,12637546.654136,12637546.654136,12637546.654136,12637546.654136
38,90.000000,27,29447491.056853,29714376.345252,29935451.541904,29935451.541904,30527721.623735,29853809.435927
38,90.000000,36,29030518.805969,29066329.957606,29101630.651790,28965238.904602,29782745.889826,29783931.086516
38,90.000000,18,30203378.700230,30203378.700230,30203378.700230,30203378.700230,30203378.700230,30203378.700230
