arrival_rate,bp_parameter_L,bp_parameter_H,Dynamic_BAL_njobs100_mode1_L2_norm_flow_time,Dynamic_BAL_njobs100_mode2_L2_norm_flow_time,Dynamic_BAL_njobs100_mode3_L2_norm_flow_time,Dynamic_BAL_njobs100_mode4_L2_norm_flow_time,Dynamic_BAL_njobs100_mode5_L2_norm_flow_time,Dynamic_BAL_njobs100_mode6_L2_norm_flow_time
40,13.000000,262144,40489449.328221,40173050.458869,40173050.458869,40173050.458869,40173050.458869,40173050.458869
40,15.300000,32768,56955053.888441,56435752.790788,56435752.790788,56435752.790788,56435752.790788,56435752.790788
40,19.700000,4096,93164826.745757,93164826.745757,93164826.745757,93164826.745757,93164826.745757,93164826.745757
40,32.300000,512,170175387.538056,170175387.538056,170175387.538056,170175387.538056,170175387.538056,170175387.538056
40,90.000000,36,221152464.075876,220355278.311746,219273287.364071,218222256.423346,218270955.499580,233512175.742857
40,90.000000,27,231780847.374123,233978004.395510,234770652.296755,234770652.296755,234770652.296755,234683719.383201
40,90.000000,18,233839712.920496,233839712.920496,233839712.920496,233839712.920496,233839712.920496,233839712.920496
