arrival_rate,bp_parameter_L,bp_parameter_H,Dynamic_BAL_njobs100_mode1_L2_norm_flow_time,Dynamic_BAL_njobs100_mode2_L2_norm_flow_time,Dynamic_BAL_njobs100_mode3_L2_norm_flow_time,Dynamic_BAL_njobs100_mode4_L2_norm_flow_time,Dynamic_BAL_njobs100_mode5_L2_norm_flow_time,Dynamic_BAL_njobs100_mode6_L2_norm_flow_time
40,13.000000,262144,38263160.503193,38166399.322527,38166399.322527,38166399.322527,38166399.322527,38166399.322527
40,15.300000,32768,56102305.044091,55943595.426961,55943595.426961,55943595.426961,55943595.426961,55943595.426961
40,19.700000,4096,92034704.669837,92034704.669837,92034704.669837,92034704.669837,92034704.669837,92034704.669837
40,32.300000,512,168693786.904644,168693786.904644,168693786.904644,168693786.904644,168693786.904644,168693786.904644
40,90.000000,27,229537349.328821,232715038.417720,232718162.427156,232718122.425397,232718122.425397,232643057.114022
40,90.000000,36,220941720.422142,220310872.928549,219272270.276024,217983519.229161,218034240.173232,233336581.863609
40,90.000000,18,230768851.060063,230768851.060063,230768851.060063,230768851.060063,230768851.060063,230768851.060063
