arrival_rate,bp_parameter_L,bp_parameter_H,Dynamic_BAL_njobs100_mode1_L2_norm_flow_time,Dynamic_BAL_njobs100_mode2_L2_norm_flow_time,Dynamic_BAL_njobs100_mode3_L2_norm_flow_time,Dynamic_BAL_njobs100_mode4_L2_norm_flow_time,Dynamic_BAL_njobs100_mode5_L2_norm_flow_time,Dynamic_BAL_njobs100_mode6_L2_norm_flow_time,Dynamic_BAL_njobs100_mode7_L2_norm_flow_time
40,13.000000,262144,40959525.022595,40942778.846680,40942778.846680,40942778.846680,40959525.022595,40942778.846680,40942778.846680
40,15.300000,32768,64671192.768791,64671192.768791,64671192.768791,64671192.768791,64671192.768791,64671192.768791,64671192.768791
40,19.700000,4096,109481614.168241,109077580.816549,109077580.816549,109077580.816549,109077580.816549,109077580.816549,109077580.816549
40,32.300000,512,201275565.496274,201275565.496274,201275565.496274,201275565.496274,201275565.496274,201275565.496274,201275565.496274
