arrival_rate,bp_parameter_L,bp_parameter_H,Dynamic_BAL_njobs100_mode1_L2_norm_flow_time,Dynamic_BAL_njobs100_mode2_L2_norm_flow_time,Dynamic_BAL_njobs100_mode3_L2_norm_flow_time,Dynamic_BAL_njobs100_mode4_L2_norm_flow_time,Dynamic_BAL_njobs100_mode5_L2_norm_flow_time,Dynamic_BAL_njobs100_mode6_L2_norm_flow_time
40,13.000000,262144,37412683.897650,37363786.955980,37363786.955980,37363786.955980,37363786.955980,37363786.955980
40,15.300000,32768,58750284.600346,58458881.855895,58458881.855895,58458881.855895,58458881.855895,58458881.855895
40,19.700000,4096,95483826.815736,95379842.307718,95379842.307718,95379842.307718,95379842.307718,95379842.307718
40,32.300000,512,167613894.105834,167613894.105834,167613894.105834,167613894.105834,167613894.105834,167613894.105834
40,90.000000,36,220674104.471941,219314816.499631,218203210.851336,217023087.466266,228505066.054417,232310568.672871
40,90.000000,27,230741812.990324,232066754.255304,233595022.650728,233594966.865265,233594966.865265,233505950.634494
40,90.000000,18,232880358.195115,232880358.195115,232880358.195115,232880358.195115,232880358.195115,232880358.195115
