arrival_rate,bp_parameter_L,bp_parameter_H,Dynamic_BAL_njobs100_mode1_L2_norm_flow_time,Dynamic_BAL_njobs100_mode2_L2_norm_flow_time,Dynamic_BAL_njobs100_mode3_L2_norm_flow_time,Dynamic_BAL_njobs100_mode4_L2_norm_flow_time,Dynamic_BAL_njobs100_mode5_L2_norm_flow_time,Dynamic_BAL_njobs100_mode6_L2_norm_flow_time
40,13.000000,262144,4747400.529425,4710054.343181,4710054.343181,4710054.343181,4710054.343181,4710054.343181
40,15.300000,32768,7570677.668369,7570677.668369,7570677.668369,7570677.668369,7570677.668369,7570677.668369
40,19.700000,4096,11843776.422667,11843776.422667,11843776.422667,11843776.422667,11843776.422667,11843776.422667
40,32.300000,512,20820920.480285,20820920.480285,20820920.480285,20820920.480285,20820920.480285,20820920.480285
40,90.000000,27,28893737.913434,29179452.377021,29179452.377021,29179209.244417,29317508.134989,29139573.569754
40,90.000000,36,27886101.300536,27920688.848171,28151853.861561,28598483.126339,28827855.911457,28832406.716117
40,90.000000,18,28960434.234395,28960434.234395,28960434.234395,28960434.234395,28960434.234395,28960434.234395
