arrival_rate,bp_parameter_L,bp_parameter_H,Dynamic_BAL_njobs100_mode1_L2_norm_flow_time,Dynamic_BAL_njobs100_mode2_L2_norm_flow_time,Dynamic_BAL_njobs100_mode3_L2_norm_flow_time,Dynamic_BAL_njobs100_mode4_L2_norm_flow_time,Dynamic_BAL_njobs100_mode5_L2_norm_flow_time,Dynamic_BAL_njobs100_mode6_L2_norm_flow_time
40,13.000000,262144,38951721.091632,38853760.181324,38853760.181324,38853760.181324,38853760.181324,38853760.181324
40,15.300000,32768,57326194.020406,57326194.020406,57326194.020406,57326194.020406,57326194.020406,57326194.020406
40,19.700000,4096,92552620.804684,92552620.804684,92552620.804684,92552620.804684,92552620.804684,92552620.804684
40,32.300000,512,169422011.100473,169422011.100473,169422011.100473,169422011.100473,169422011.100473,169422011.100473
40,90.000000,27,231138443.987082,233060082.740352,234136299.217620,234136284.199858,234136019.396862,234042357.916777
40,90.000000,36,222210590.353118,220855641.320895,224324536.002812,228122774.932766,231051811.497086,233974095.018707
40,90.000000,18,232305635.104101,232305635.104101,232305635.104101,232305635.104101,232305635.104101,232305635.104101
