arrival_rate,bp_parameter_L,bp_parameter_H,Dynamic_BAL_njobs100_mode1_L2_norm_flow_time,Dynamic_BAL_njobs100_mode2_L2_norm_flow_time,Dynamic_BAL_njobs100_mode3_L2_norm_flow_time,Dynamic_BAL_njobs100_mode4_L2_norm_flow_time,Dynamic_BAL_njobs100_mode5_L2_norm_flow_time,Dynamic_BAL_njobs100_mode6_L2_norm_flow_time
40,13.000000,262144,5178038.846297,5173903.459926,5173903.459926,5173903.459926,5173903.459926,5173903.459926
40,19.700000,4096,11700709.267823,11700709.267823,11700709.267823,11700709.267823,11700709.267823,11700709.267823
40,15.300000,32768,7318330.050677,7318330.050677,7318330.050677,7318330.050677,7318330.050677,7318330.050677
40,90.000000,36,28292603.176026,28366614.258290,28406480.738863,29259431.042501,29318761.819161,29306353.104241
40,32.300000,512,20962526.160538,20962526.160538,20962526.160538,20962526.160538,20962526.160538,20962526.160538
40,90.000000,18,28805435.065513,28805435.065513,28805435.065513,28805435.065513,28805435.065513,28805435.065513
40,90.000000,27,28961059.663285,29150724.346981,29169134.798165,29168798.637954,29499974.728334,29128463.924589
