arrival_rate,bp_parameter_L,bp_parameter_H,Dynamic_BAL_njobs100_mode1_L2_norm_flow_time,Dynamic_BAL_njobs100_mode2_L2_norm_flow_time,Dynamic_BAL_njobs100_mode3_L2_norm_flow_time,Dynamic_BAL_njobs100_mode4_L2_norm_flow_time,Dynamic_BAL_njobs100_mode5_L2_norm_flow_time,Dynamic_BAL_njobs100_mode6_L2_norm_flow_time
40,13.000000,262144,4822984.285241,4822984.285241,4822984.285241,4822984.285241,4822984.285241,4822984.285241
40,15.300000,32768,7535857.797087,7535857.797087,7535857.797087,7535857.797087,7535857.797087,7535857.797087
40,19.700000,4096,11239263.376143,11239263.376143,11239263.376143,11239263.376143,11239263.376143,11239263.376143
40,32.300000,512,21007195.544474,21007195.544474,21007195.544474,21007195.544474,21007195.544474,21007195.544474
40,90.000000,36,27744982.066866,27786875.794178,27567191.033240,28695156.747053,29181877.982471,29181242.867364
40,90.000000,27,27557151.409925,28553795.264542,28569273.514161,28569273.514161,28976246.515182,28526810.361589
40,90.000000,18,28835786.087182,28835786.087182,28835786.087182,28835786.087182,28835786.087182,28835786.087182
