arrival_rate,bp_parameter_L,bp_parameter_H,Dynamic_BAL_njobs100_mode1_L2_norm_flow_time,Dynamic_BAL_njobs100_mode2_L2_norm_flow_time,Dynamic_BAL_njobs100_mode3_L2_norm_flow_time,Dynamic_BAL_njobs100_mode4_L2_norm_flow_time,Dynamic_BAL_njobs100_mode5_L2_norm_flow_time,Dynamic_BAL_njobs100_mode6_L2_norm_flow_time
40,13.000000,262144,4773412.642451,4773412.642451,4773412.642451,4773412.642451,4773412.642451,4773412.642451
40,15.300000,32768,7057491.759314,6969683.127231,6969683.127231,6969683.127231,7057491.759314,6969683.127231
40,19.700000,4096,11977439.850181,11977439.850181,11977439.850181,11977439.850181,11977439.850181,11977439.850181
40,90.000000,27,29060453.644931,29117337.625592,29297251.004165,29297251.004165,29576266.604299,29240805.026529
40,32.300000,512,21316344.018959,21316344.018959,21316344.018959,21316344.018959,21316344.018959,21316344.018959
40,90.000000,36,27835149.036181,27419701.053413,28168304.889357,28702152.551192,28819807.426047,28827752.627420
40,90.000000,18,29219450.475908,29219450.475908,29219450.475908,29219450.475908,29219450.475908,29219450.475908
