arrival_rate,bp_parameter_L,bp_parameter_H,BAL_L2_norm_flow_time
20,13.000000,262144,81093933.099609
20,15.300000,32768,102615116.242719
20,19.700000,4096,141753294.731902
20,32.300000,512,224770289.484497
20,90.000000,18,318702265.171201
20,90.000000,27,305499806.845377
20,90.000000,36,291447870.668312
20,300.000000,150,34018536.255083
20,1500.000000,600,182987099.045862
20,8000.000000,3000,1000365183.763674
