arrival_rate,bp_parameter_L,bp_parameter_H,BAL_L2_norm_flow_time
20,13.000000,262144,81144695.551683
20,15.300000,32768,103818070.456084
20,19.700000,4096,141733690.869168
20,32.300000,512,222370576.959410
20,90.000000,18,319594783.108180
20,90.000000,27,305890107.566625
20,90.000000,36,290655609.074404
20,300.000000,150,33853069.092089
20,1500.000000,600,182908711.836164
20,8000.000000,3000,988779333.567628
