arrival_rate,bp_parameter_L,bp_parameter_H,BAL_L2_norm_flow_time
20,13.000000,262144,10103809.962197
20,15.300000,32768,12490685.777482
20,19.700000,4096,17888882.280692
20,32.300000,512,27892371.076230
20,90.000000,18,39608336.667137
20,90.000000,27,37841921.721551
20,90.000000,36,36483758.060502
