arrival_rate,bp_parameter_L,bp_parameter_H,BAL_L2_norm_flow_time
20,13.000000,262144,9897055.496592
20,15.300000,32768,12484526.318935
20,19.700000,4096,17818629.399680
20,32.300000,512,27301090.098040
20,90.000000,18,39925734.564561
20,90.000000,27,37733943.295909
20,90.000000,36,35997147.535850
