arrival_rate,bp_parameter_L,bp_parameter_H,BAL_L2_norm_flow_time
20,13.000000,262144,9846647.561485
20,15.300000,32768,13021191.793581
20,19.700000,4096,17824447.552924
20,32.300000,512,27411772.441194
20,90.000000,18,39974716.738016
20,90.000000,27,38032832.248917
20,90.000000,36,36076757.479916
