arrival_rate,bp_parameter_L,bp_parameter_H,BAL_L2_norm_flow_time
20,13.000000,262144,9777179.857376
20,15.300000,32768,12785912.838704
20,19.700000,4096,17520169.612503
20,32.300000,512,27180629.088975
20,90.000000,18,40151349.549619
20,90.000000,27,37927566.852192
20,90.000000,36,36563182.155252
