arrival_rate,bp_parameter_L,bp_parameter_H,BAL_L2_norm_flow_time
20,13.000000,262144,9958025.656305
20,15.300000,32768,13038470.241772
20,19.700000,4096,17590830.865194
20,32.300000,512,27543542.732897
20,90.000000,18,40025173.878150
20,90.000000,27,37847122.287146
20,90.000000,36,36170333.269522
