arrival_rate,bp_parameter_L,bp_parameter_H,BAL_L2_norm_flow_time
22,13.000000,262144,89185336.979421
22,15.300000,32768,114405172.283861
22,19.700000,4096,164346352.361118
22,32.300000,512,262699494.498187
