arrival_rate,bp_parameter_L,bp_parameter_H,BAL_L2_norm_flow_time
22,13.000000,262144,87204940.554526
22,15.300000,32768,118404645.293073
22,19.700000,4096,164354159.029268
22,32.300000,512,262561477.263788
