arrival_rate,bp_parameter_L,bp_parameter_H,BAL_L2_norm_flow_time
22,13.000000,262144,9190554.982265
22,15.300000,32768,12023993.774425
22,19.700000,4096,17260165.305786
22,32.300000,512,27502442.858988
22,90.000000,18,38938516.110808
22,90.000000,27,37161805.922583
22,90.000000,36,35442300.089142
