arrival_rate,bp_parameter_L,bp_parameter_H,BAL_L2_norm_flow_time
22,13.000000,262144,89648372.736746
22,15.300000,32768,115431649.988272
22,19.700000,4096,162219740.197044
22,32.300000,512,263514415.303834
