arrival_rate,bp_parameter_L,bp_parameter_H,BAL_L2_norm_flow_time
22,13.000000,262144,9500641.600604
22,15.300000,32768,11741579.426621
22,19.700000,4096,17090078.171660
22,32.300000,512,26935618.314053
22,90.000000,18,39230194.901043
22,90.000000,27,37207022.254600
22,90.000000,36,35549932.426748
