arrival_rate,bp_parameter_L,bp_parameter_H,BAL_L2_norm_flow_time
22,13.000000,262144,8822828.803671
22,15.300000,32768,12032221.192906
22,19.700000,4096,17136744.946318
22,32.300000,512,26910931.279295
22,90.000000,18,39377155.957889
22,90.000000,27,37058321.967120
22,90.000000,36,35821089.697330
