arrival_rate,bp_parameter_L,bp_parameter_H,BAL_L2_norm_flow_time
22,13.000000,262144,9075124.644276
22,15.300000,32768,12182212.010133
22,19.700000,4096,16963281.123501
22,32.300000,512,26461612.954626
22,90.000000,18,39299353.858885
22,90.000000,27,37383897.000065
22,90.000000,36,35543663.750859
