arrival_rate,bp_parameter_L,bp_parameter_H,BAL_L2_norm_flow_time
22,13.000000,262144,9629223.034394
22,15.300000,32768,11699435.754451
22,19.700000,4096,16862497.593162
22,32.300000,512,27020407.551764
22,90.000000,18,39348351.812737
22,90.000000,27,37563966.587845
22,90.000000,36,35265179.994198
