arrival_rate,bp_parameter_L,bp_parameter_H,BAL_L2_norm_flow_time
24,13.000000,262144,8653630.587472
24,15.300000,32768,11836413.981783
24,19.700000,4096,16479857.181331
24,32.300000,512,25903868.168762
24,90.000000,18,38373126.256853
24,90.000000,27,36488831.542485
24,90.000000,36,34591667.357809
