arrival_rate,bp_parameter_L,bp_parameter_H,BAL_L2_norm_flow_time
24,13.000000,262144,70015450.214976
24,15.300000,32768,92592386.217728
24,19.700000,4096,130794296.393565
24,32.300000,512,210687798.328397
24,90.000000,18,307492949.810363
24,90.000000,27,293034880.534140
24,90.000000,36,281679803.610766
24,300.000000,150,32828421.655390
24,1500.000000,600,183393838.287474
24,8000.000000,3000,985157920.343159
