arrival_rate,bp_parameter_L,bp_parameter_H,BAL_L2_norm_flow_time
24,13.000000,262144,8487376.810459
24,15.300000,32768,11466786.212900
24,19.700000,4096,16331434.152591
24,32.300000,512,26423815.160314
24,90.000000,18,38298430.761590
24,90.000000,27,36277679.040450
24,90.000000,36,34971070.040137
