arrival_rate,bp_parameter_L,bp_parameter_H,BAL_L2_norm_flow_time
26,13.000000,262144,8176061.871296
26,15.300000,32768,10701534.570044
26,19.700000,4096,15661327.324776
26,32.300000,512,25801129.552922
26,90.000000,18,37512144.656307
26,90.000000,27,35623749.694607
26,90.000000,36,33989648.825079
