arrival_rate,bp_parameter_L,bp_parameter_H,BAL_L2_norm_flow_time
26,13.000000,262144,8238125.566846
26,15.300000,32768,10783963.005953
26,19.700000,4096,16269183.596644
26,32.300000,512,25370421.957370
26,90.000000,18,37182589.925168
26,90.000000,27,35450234.682716
26,90.000000,36,33798922.935750
