arrival_rate,bp_parameter_L,bp_parameter_H,BAL_L2_norm_flow_time
28,13.000000,262144,72096023.369053
28,15.300000,32768,99961704.632527
28,19.700000,4096,142963642.207829
28,32.300000,512,247080305.547824
