arrival_rate,bp_parameter_L,bp_parameter_H,BAL_L2_norm_flow_time
28,13.000000,262144,8004852.161035
28,15.300000,32768,10437536.234412
28,19.700000,4096,15274274.038649
28,32.300000,512,24696147.429313
28,90.000000,18,36851534.447095
28,90.000000,27,34778216.851246
28,90.000000,36,33210091.324155
