arrival_rate,bp_parameter_L,bp_parameter_H,BAL_L2_norm_flow_time
28,13.000000,262144,7526338.434498
28,15.300000,32768,10750895.411269
28,19.700000,4096,15308379.082437
28,32.300000,512,24965648.258453
28,90.000000,18,36480125.573912
28,90.000000,27,34495288.440001
28,90.000000,36,33734463.156700
