arrival_rate,bp_parameter_L,bp_parameter_H,BAL_L2_norm_flow_time
30,13.000000,262144,7136503.851194
30,15.300000,32768,10033386.210895
30,19.700000,4096,14720986.470512
30,32.300000,512,23872646.512090
30,90.000000,18,35936884.381800
30,90.000000,27,34126957.029196
30,90.000000,36,32672662.938421
