arrival_rate,bp_parameter_L,bp_parameter_H,BAL_L2_norm_flow_time
30,13.000000,262144,6432454.006115
30,15.300000,32768,9742040.995420
30,19.700000,4096,14525400.322101
30,32.300000,512,23912774.196759
30,90.000000,18,35609283.647111
30,90.000000,27,34153130.468475
30,90.000000,36,32861435.912641
