arrival_rate,bp_parameter_L,bp_parameter_H,BAL_L2_norm_flow_time
30,13.000000,262144,59679114.904568
30,15.300000,32768,80522992.725066
30,19.700000,4096,115801208.006813
30,32.300000,512,194362458.663045
30,90.000000,18,288731099.952631
30,90.000000,27,275004983.783487
30,90.000000,36,260823163.814987
30,300.000000,150,32654422.855318
30,1500.000000,600,180325056.391802
30,8000.000000,3000,993786697.453564
