arrival_rate,bp_parameter_L,bp_parameter_H,BAL_L2_norm_flow_time
30,13.000000,262144,63863033.633439
30,15.300000,32768,92799347.275856
30,19.700000,4096,139237935.818117
30,32.300000,512,240498138.154492
