arrival_rate,bp_parameter_L,bp_parameter_H,BAL_L2_norm_flow_time
30,13.000000,262144,65678225.199546
30,15.300000,32768,91362442.292494
30,19.700000,4096,139172007.586753
30,32.300000,512,243774790.602165
