arrival_rate,bp_parameter_L,bp_parameter_H,BAL_L2_norm_flow_time
30,13.000000,262144,7409289.730484
30,15.300000,32768,9976250.022284
30,19.700000,4096,14253617.845844
30,32.300000,512,23906242.381488
30,90.000000,18,35665611.442143
30,90.000000,27,34197357.609141
30,90.000000,36,32579564.121797
