arrival_rate,bp_parameter_L,bp_parameter_H,BAL_L2_norm_flow_time
32,13.000000,262144,6495787.248243
32,15.300000,32768,8950312.097704
32,19.700000,4096,13656643.574344
32,32.300000,512,23912983.186235
32,90.000000,18,35408684.815267
32,90.000000,27,33729044.373038
32,90.000000,36,31827974.615796
