arrival_rate,bp_parameter_L,bp_parameter_H,BAL_L2_norm_flow_time
32,13.000000,262144,60429669.916960
32,15.300000,32768,85698823.254946
32,19.700000,4096,138519817.814882
32,32.300000,512,233390579.332993
