arrival_rate,bp_parameter_L,bp_parameter_H,BAL_L2_norm_flow_time
32,13.000000,262144,6208692.534032
32,15.300000,32768,9472420.012106
32,19.700000,4096,13982830.370746
32,32.300000,512,23466704.447845
32,90.000000,18,35189377.493849
32,90.000000,27,33159643.187336
32,90.000000,36,31565972.895741
