arrival_rate,bp_parameter_L,bp_parameter_H,BAL_L2_norm_flow_time
32,13.000000,262144,62035645.188292
32,15.300000,32768,88062199.935014
32,19.700000,4096,135492598.944873
32,32.300000,512,230505592.231862
