arrival_rate,bp_parameter_L,bp_parameter_H,BAL_L2_norm_flow_time
34,13.000000,262144,6356934.738668
34,15.300000,32768,8851571.168319
34,19.700000,4096,14252935.593454
34,32.300000,512,23018026.260765
34,90.000000,18,34255119.224528
34,90.000000,27,33044553.985433
34,90.000000,36,31470879.423899
