arrival_rate,bp_parameter_L,bp_parameter_H,BAL_L2_norm_flow_time
34,13.000000,262144,54992142.413939
34,15.300000,32768,82165924.284552
34,19.700000,4096,125774050.914250
34,32.300000,512,219838187.065530
