arrival_rate,bp_parameter_L,bp_parameter_H,BAL_L2_norm_flow_time
34,13.000000,262144,56342699.237042
34,15.300000,32768,81312896.866611
34,19.700000,4096,128698491.308910
34,32.300000,512,222312629.664592
