arrival_rate,bp_parameter_L,bp_parameter_H,BAL_L2_norm_flow_time
34,13.000000,262144,6148532.739308
34,15.300000,32768,8680423.513724
34,19.700000,4096,13634780.998735
34,32.300000,512,22449123.918823
34,90.000000,18,34170237.559995
34,90.000000,27,32937223.378741
34,90.000000,36,31269754.304290
