arrival_rate,bp_parameter_L,bp_parameter_H,BAL_L2_norm_flow_time
36,13.000000,262144,5274976.830891
36,15.300000,32768,8268762.408359
36,19.700000,4096,12590888.380849
36,32.300000,512,22168463.338717
36,90.000000,18,33284726.849400
36,90.000000,27,31988353.854912
36,90.000000,36,30295766.566302
