arrival_rate,bp_parameter_L,bp_parameter_H,BAL_L2_norm_flow_time
36,13.000000,262144,5665462.170140
36,15.300000,32768,8702122.678911
36,19.700000,4096,12631600.562268
36,32.300000,512,21900373.587363
36,90.000000,18,33315407.222016
36,90.000000,27,32001639.102826
36,90.000000,36,30478223.013236
