arrival_rate,bp_parameter_L,bp_parameter_H,BAL_L2_norm_flow_time
36,13.000000,262144,5614016.498415
36,15.300000,32768,8132006.617276
36,19.700000,4096,13189255.082015
36,32.300000,512,21471258.562771
36,90.000000,18,33668348.156878
36,90.000000,27,31479404.047150
36,90.000000,36,30409885.783618
