arrival_rate,bp_parameter_L,bp_parameter_H,BAL_L2_norm_flow_time
36,13.000000,262144,5925638.506695
36,15.300000,32768,8832044.906571
36,19.700000,4096,12798578.536095
36,32.300000,512,22599458.178404
36,90.000000,18,33362560.133449
36,90.000000,27,31503348.558937
36,90.000000,36,30517930.955014
