arrival_rate,bp_parameter_L,bp_parameter_H,BAL_L2_norm_flow_time
36,13.000000,262144,6427132.334353
36,15.300000,32768,8314917.212257
36,19.700000,4096,12828576.256043
36,32.300000,512,22269828.192709
36,90.000000,18,33454036.129843
36,90.000000,27,31476565.998458
36,90.000000,36,30144269.249501
