arrival_rate,bp_parameter_L,bp_parameter_H,BAL_L2_norm_flow_time
36,13.000000,262144,5710460.962368
36,15.300000,32768,7967749.178022
36,19.700000,4096,12845630.811419
36,32.300000,512,22175481.823184
36,90.000000,18,33247973.921324
36,90.000000,27,31889848.466464
36,90.000000,36,30649996.408278
