arrival_rate,bp_parameter_L,bp_parameter_H,BAL_L2_norm_flow_time
36,13.000000,262144,5393001.354063
36,15.300000,32768,8394905.295482
36,19.700000,4096,12935659.020827
36,32.300000,512,22464407.224755
36,90.000000,18,33612715.049606
36,90.000000,27,31701335.795474
36,90.000000,36,30312960.694934
