arrival_rate,bp_parameter_L,bp_parameter_H,BAL_L2_norm_flow_time
36,13.000000,262144,48742573.089990
36,15.300000,32768,75102545.706311
36,19.700000,4096,122446448.118269
36,32.300000,512,221790879.089164
