arrival_rate,bp_parameter_L,bp_parameter_H,BAL_L2_norm_flow_time
36,13.000000,262144,5075752.673012
36,15.300000,32768,8592564.383808
36,19.700000,4096,12480104.359709
36,32.300000,512,22522445.123593
36,90.000000,18,33457437.078664
36,90.000000,27,31788821.314753
36,90.000000,36,30242081.148697
