arrival_rate,bp_parameter_L,bp_parameter_H,BAL_L2_norm_flow_time
36,13.000000,262144,5426182.826835
36,15.300000,32768,8023402.003400
36,19.700000,4096,12552255.454593
36,32.300000,512,21944953.896636
36,90.000000,18,33272447.186828
36,90.000000,27,31668910.401316
36,90.000000,36,30322385.282026
