arrival_rate,bp_parameter_L,bp_parameter_H,BAL_L2_norm_flow_time
38,13.000000,262144,5841220.318061
38,15.300000,32768,7996387.603920
38,19.700000,4096,11262273.048641
38,32.300000,512,22291400.736628
38,90.000000,18,32727830.041567
38,90.000000,27,30980354.408428
38,90.000000,36,29420425.907847
