arrival_rate,bp_parameter_L,bp_parameter_H,BAL_L2_norm_flow_time
38,13.000000,262144,5434162.390309
38,15.300000,32768,7606736.609135
38,19.700000,4096,12439529.018573
38,32.300000,512,21464907.050720
38,90.000000,18,32286610.886223
38,90.000000,27,30896276.515119
38,90.000000,36,29459289.541401
