arrival_rate,bp_parameter_L,bp_parameter_H,BAL_L2_norm_flow_time
38,13.000000,262144,5183019.664405
38,15.300000,32768,7857632.993782
38,19.700000,4096,12090934.325896
38,32.300000,512,20823687.767114
38,90.000000,18,32926214.356799
38,90.000000,27,31256126.010446
38,90.000000,36,29562299.074349
