arrival_rate,bp_parameter_L,bp_parameter_H,BAL_L2_norm_flow_time
38,13.000000,262144,5669075.421925
38,15.300000,32768,7079291.399085
38,19.700000,4096,11921138.189853
38,32.300000,512,21316095.480326
38,90.000000,18,32696156.483236
38,90.000000,27,30876594.861724
38,90.000000,36,29845370.433381
