arrival_rate,bp_parameter_L,bp_parameter_H,BAL_L2_norm_flow_time
40,13.000000,262144,5414883.894869
40,15.300000,32768,7360453.259802
40,19.700000,4096,11320599.077437
40,32.300000,512,20494080.965920
40,90.000000,18,31732542.051404
40,90.000000,27,30341919.569421
40,90.000000,36,29037774.472457
