arrival_rate,bp_parameter_L,bp_parameter_H,BAL_L2_norm_flow_time
40,13.000000,262144,5223320.932724
40,15.300000,32768,7113169.266570
40,19.700000,4096,11484453.926546
40,32.300000,512,21024642.140042
40,90.000000,18,31847042.573684
40,90.000000,27,30377137.463459
40,90.000000,36,28550319.328142
