arrival_rate,bp_parameter_L,bp_parameter_H,BAL_L2_norm_flow_time
40,13.000000,262144,5635817.186349
40,15.300000,32768,7527398.703560
40,19.700000,4096,11876929.791304
40,32.300000,512,21040740.732449
40,90.000000,18,31666073.567288
40,90.000000,27,30505653.564130
40,90.000000,36,28865894.794873
