arrival_rate,bp_parameter_L,bp_parameter_H,BAL_L2_norm_flow_time
40,13.000000,262144,37178303.624477
40,15.300000,32768,63249739.443504
40,19.700000,4096,108042224.048150
40,32.300000,512,198563230.018449
