arrival_rate,Rdynamic/RR_ratio,Rdynamic/SRPT_ratio,Dynamic/SRPT_ratio,Rdynamic/SETF_ratio,Rdynamic/FCFS_ratio,Rdynamic/RMLF_ratio,Rdynamic/Dynamic_ratio
20,0.4747684581312428,2.039575083440951,1.0,0.7589650481181947,0.6407340704029056,1.2371881657143482,2.039575083440951
22,0.5723502358964525,2.1200491665857686,0.9999999999999998,0.9046689016415452,0.8826444032592442,1.2649248929732302,2.120049166585769
24,0.4891048718981649,2.2436363366857948,1.0,0.906867590281156,0.7909679729510691,1.321362932706518,2.243636336685795
26,0.4922540069904779,2.183646981412248,1.0,0.9444975296615592,0.8910164742265304,1.2942377821512423,2.1836469814122483
28,0.508174652999756,2.351553996285881,1.0,1.085288208811417,0.9438021480609636,1.3882963197714115,2.351553996285881
30,0.4849829447810041,2.31349144955796,0.9999999999999999,1.0780700606173022,0.9739210954922154,1.368322300543938,2.3134914495579606
