arrival_rate,bp_parameter_L,bp_parameter_H,Dynamic_BAL_njobs1_mode1_L2_norm_flow_time
22,8.500000,262144,36038140.985086
22,9.800000,32768,52320715.827465
22,18.900000,512,142547466.045821
22,12.400000,4096,81462623.500400
22,56.300000,64,177690583.349803
