arrival_rate,bp_parameter_L,bp_parameter_H,Dynamic_BAL_njobs1_mode1_L2_norm_flow_time
22,8.500000,262144,37246819.522238
22,9.800000,32768,51672013.034392
22,12.400000,4096,81574095.431349
22,56.300000,64,177149319.433371
22,18.900000,512,139267801.694738
