arrival_rate,bp_parameter_L,bp_parameter_H,Dynamic_BAL_njobs1_mode1_L2_norm_flow_time
22,8.500000,262144,37513269.935836
22,12.400000,4096,79350077.096720
22,9.800000,32768,50051690.609370
22,56.300000,64,177730952.688878
22,18.900000,512,139787433.269799
