arrival_rate,bp_parameter_L,bp_parameter_H,Dynamic_BAL_njobs1_mode1_L2_norm_flow_time
24,8.500000,262144,31174564.348803
24,9.800000,32768,46917695.916852
24,12.400000,4096,74798310.718127
24,56.300000,64,168482738.031371
24,18.900000,512,135255031.944086
