arrival_rate,bp_parameter_L,bp_parameter_H,Dynamic_BAL_njobs1_mode1_L2_norm_flow_time
30,8.500000,262144,20835277.674939
30,9.800000,32768,28457392.861298
30,12.400000,4096,55092127.225215
30,18.900000,512,113799554.799303
30,56.300000,64,140387657.116831
