arrival_rate,bp_parameter_L,bp_parameter_H,Dynamic_BAL_njobs1_mode1_L2_norm_flow_time
36,8.500000,262144,15135578.471464
36,9.800000,32768,21149665.217955
36,12.400000,4096,38579623.959542
36,18.900000,512,93098159.265316
36,56.300000,64,113698050.036844
