arrival_rate,bp_parameter_L,bp_parameter_H,Dynamic_BAL_njobs1_mode1_L2_norm_flow_time
38,8.500000,262144,12151789.964702
38,9.800000,32768,17211896.565866
38,12.400000,4096,34113634.930181
38,18.900000,512,83839500.307921
38,56.300000,64,103234991.364704
