arrival_rate,bp_parameter_L,bp_parameter_H,FCFS_L2_norm_flow_time
20,13.000000,262144,305424669.860927
20,15.300000,32768,311886151.156577
20,19.700000,4096,331635509.855526
20,32.300000,512,326910636.102716
