arrival_rate,bp_parameter_L,bp_parameter_H,FCFS_L2_norm_flow_time
20,13.000000,262144,352254815.064165
20,15.300000,32768,329963112.952210
20,19.700000,4096,320113909.903251
20,32.300000,512,325658044.814207
