arrival_rate,bp_parameter_L,bp_parameter_H,FCFS_L2_norm_flow_time
20,13.000000,262144,43183462.093973
20,15.300000,32768,35264517.099617
20,19.700000,4096,38820907.183610
20,32.300000,512,40603556.027198
20,90.000000,18,40812597.477322
20,90.000000,27,40344732.353950
20,90.000000,36,41430216.703016
