arrival_rate,bp_parameter_L,bp_parameter_H,FCFS_L2_norm_flow_time
20,13.000000,262144,44272982.963922
20,15.300000,32768,40803990.843616
20,19.700000,4096,41521780.910007
20,32.300000,512,40075516.675165
20,90.000000,18,41123825.091465
20,90.000000,27,40573223.653979
20,90.000000,36,40956864.119510
