arrival_rate,bp_parameter_L,bp_parameter_H,FCFS_L2_norm_flow_time
20,13.000000,262144,29640494.344000
20,15.300000,32768,42364180.017958
20,19.700000,4096,40806224.396257
20,32.300000,512,39864336.213055
20,90.000000,18,40767900.142005
20,90.000000,27,40651624.797843
20,90.000000,36,40556893.612922
