arrival_rate,bp_parameter_L,bp_parameter_H,FCFS_L2_norm_flow_time
20,13.000000,262144,351694130.862284
20,15.300000,32768,331327019.654199
20,19.700000,4096,319608959.858323
20,32.300000,512,326157954.106379
20,90.000000,18,325401554.652511
20,90.000000,27,326706741.241405
20,90.000000,36,327582829.634580
20,300.000000,150,41483983.535395
20,1500.000000,600,215831636.804920
20,8000.000000,3000,1150346341.137285
