arrival_rate,bp_parameter_L,bp_parameter_H,FCFS_L2_norm_flow_time
20,13.000000,262144,35204952.412885
20,15.300000,32768,42519977.454201
20,19.700000,4096,41112999.089898
20,32.300000,512,40385376.767024
20,90.000000,18,40829784.981836
20,90.000000,27,40650741.370643
20,90.000000,36,41258905.557234
