arrival_rate,bp_parameter_L,bp_parameter_H,FCFS_L2_norm_flow_time
20,13.000000,262144,35093953.705543
20,15.300000,32768,45496862.285243
20,19.700000,4096,38932447.201896
20,32.300000,512,40112411.384415
20,90.000000,18,40836987.963290
20,90.000000,27,40340551.678359
20,90.000000,36,40566588.152787
