arrival_rate,bp_parameter_L,bp_parameter_H,FCFS_L2_norm_flow_time
22,13.000000,262144,44862938.922243
22,15.300000,32768,39609119.929007
22,19.700000,4096,39703273.545635
22,32.300000,512,39784907.551841
22,90.000000,18,39418688.320770
22,90.000000,27,39506263.683681
22,90.000000,36,39330746.772122
