arrival_rate,bp_parameter_L,bp_parameter_H,FCFS_L2_norm_flow_time
22,13.000000,262144,361990792.463869
22,15.300000,32768,321691305.141263
22,19.700000,4096,325917849.810382
22,32.300000,512,312760763.224563
22,90.000000,18,315924846.354277
22,90.000000,27,315786013.565030
22,90.000000,36,316128515.421064
22,300.000000,150,40814457.496459
22,1500.000000,600,214169763.395878
22,8000.000000,3000,1162682486.061721
