arrival_rate,bp_parameter_L,bp_parameter_H,FCFS_L2_norm_flow_time
22,13.000000,262144,267591666.948208
22,15.300000,32768,326866507.169081
22,19.700000,4096,319399616.795757
22,32.300000,512,317155984.258569
