arrival_rate,bp_parameter_L,bp_parameter_H,FCFS_L2_norm_flow_time
22,13.000000,262144,32782591.434251
22,15.300000,32768,39068884.056023
22,19.700000,4096,39770011.387472
22,32.300000,512,38655816.770284
22,90.000000,18,39830573.267691
22,90.000000,27,39515865.259912
22,90.000000,36,39288266.829037
