arrival_rate,bp_parameter_L,bp_parameter_H,FCFS_L2_norm_flow_time
22,13.000000,262144,35554468.759721
22,15.300000,32768,38833485.300108
22,19.700000,4096,40092413.570119
22,32.300000,512,40493868.882425
22,90.000000,18,39228408.294804
22,90.000000,27,39672913.322065
22,90.000000,36,39752119.464302
