arrival_rate,bp_parameter_L,bp_parameter_H,FCFS_L2_norm_flow_time
22,13.000000,262144,58726971.776609
22,15.300000,32768,41374146.675288
22,19.700000,4096,40245724.670704
22,32.300000,512,40736543.473702
22,90.000000,18,39279727.249849
22,90.000000,27,39391063.759398
22,90.000000,36,39187916.365396
