arrival_rate,bp_parameter_L,bp_parameter_H,FCFS_L2_norm_flow_time
22,13.000000,262144,35957568.881480
22,15.300000,32768,37451650.047919
22,19.700000,4096,37041901.167466
22,32.300000,512,39526687.135593
22,90.000000,18,39331991.335526
22,90.000000,27,39303174.523669
22,90.000000,36,39655783.188693
