arrival_rate,bp_parameter_L,bp_parameter_H,FCFS_L2_norm_flow_time
24,13.000000,262144,31029262.684991
24,15.300000,32768,37235555.152766
24,19.700000,4096,35963252.093038
24,32.300000,512,38294986.830538
24,90.000000,18,38212901.075830
24,90.000000,27,38392122.889839
24,90.000000,36,38940627.685442
