arrival_rate,bp_parameter_L,bp_parameter_H,FCFS_L2_norm_flow_time
24,13.000000,262144,361710520.182397
24,15.300000,32768,321225740.934711
24,19.700000,4096,312941355.901013
24,32.300000,512,306162672.923378
