arrival_rate,bp_parameter_L,bp_parameter_H,FCFS_L2_norm_flow_time
24,13.000000,262144,55159280.084314
24,15.300000,32768,44662334.391401
24,19.700000,4096,39747501.308642
24,32.300000,512,38786033.625002
24,90.000000,18,38348368.915159
24,90.000000,27,38269948.950016
24,90.000000,36,38937816.488079
