arrival_rate,bp_parameter_L,bp_parameter_H,FCFS_L2_norm_flow_time
24,13.000000,262144,327428614.031431
24,15.300000,32768,293828131.131096
24,19.700000,4096,295455600.509791
24,32.300000,512,308643928.597170
