arrival_rate,bp_parameter_L,bp_parameter_H,FCFS_L2_norm_flow_time
24,13.000000,262144,271615853.472268
24,15.300000,32768,294716465.603791
24,19.700000,4096,295087644.644237
24,32.300000,512,305502117.385204
