arrival_rate,bp_parameter_L,bp_parameter_H,FCFS_L2_norm_flow_time
24,13.000000,262144,288319183.511151
24,15.300000,32768,312273360.699975
24,19.700000,4096,305172366.398533
24,32.300000,512,309040492.085884
