arrival_rate,bp_parameter_L,bp_parameter_H,FCFS_L2_norm_flow_time
24,13.000000,262144,33329742.735582
24,15.300000,32768,44016729.051964
24,19.700000,4096,37748909.248484
24,32.300000,512,38372178.943284
24,90.000000,18,38550152.088262
24,90.000000,27,38644310.166590
24,90.000000,36,38590697.593676
