arrival_rate,bp_parameter_L,bp_parameter_H,FCFS_L2_norm_flow_time
24,13.000000,262144,275494975.719087
24,15.300000,32768,319717764.596975
24,19.700000,4096,311791975.177279
24,32.300000,512,305323615.509367
