arrival_rate,bp_parameter_L,bp_parameter_H,FCFS_L2_norm_flow_time
24,13.000000,262144,36189211.300059
24,15.300000,32768,40579733.547248
24,19.700000,4096,37709543.386580
24,32.300000,512,37841242.107761
24,90.000000,18,38514808.104158
24,90.000000,27,38277126.788806
24,90.000000,36,38159023.427081
