arrival_rate,bp_parameter_L,bp_parameter_H,FCFS_L2_norm_flow_time
24,13.000000,262144,35566377.350147
24,15.300000,32768,39203098.173562
24,19.700000,4096,38348327.625421
24,32.300000,512,37316808.043320
24,90.000000,18,38424430.501973
24,90.000000,27,38371289.061845
24,90.000000,36,38689102.981431
