arrival_rate,bp_parameter_L,bp_parameter_H,FCFS_L2_norm_flow_time
24,13.000000,262144,43146740.819323
24,15.300000,32768,37373749.791541
24,19.700000,4096,37652323.011737
24,32.300000,512,38799196.576657
24,90.000000,18,38438568.701310
24,90.000000,27,38178928.681261
24,90.000000,36,38776479.693845
