arrival_rate,bp_parameter_L,bp_parameter_H,FCFS_L2_norm_flow_time
24,13.000000,262144,40438633.296521
24,15.300000,32768,39686589.895947
24,19.700000,4096,36258135.931293
24,32.300000,512,38081249.544267
24,90.000000,18,38385164.291076
24,90.000000,27,38114955.580546
24,90.000000,36,38345521.741935
