arrival_rate,bp_parameter_L,bp_parameter_H,FCFS_L2_norm_flow_time
26,13.000000,262144,298130862.467044
26,15.300000,32768,303744137.759044
26,19.700000,4096,296532623.917696
26,32.300000,512,297839742.045116
