arrival_rate,bp_parameter_L,bp_parameter_H,FCFS_L2_norm_flow_time
26,13.000000,262144,28637773.642519
26,15.300000,32768,30513385.161727
26,19.700000,4096,35204910.874510
26,32.300000,512,36914555.265540
26,90.000000,18,36955237.068949
26,90.000000,27,36847593.610365
26,90.000000,36,37440421.187470
