arrival_rate,bp_parameter_L,bp_parameter_H,FCFS_L2_norm_flow_time
26,13.000000,262144,43669969.465822
26,15.300000,32768,44455913.272714
26,19.700000,4096,36970945.414646
26,32.300000,512,36443447.937712
26,90.000000,18,37181273.275812
26,90.000000,27,37194028.722385
26,90.000000,36,37102283.410723
