arrival_rate,bp_parameter_L,bp_parameter_H,FCFS_L2_norm_flow_time
26,13.000000,262144,234581180.215563
26,15.300000,32768,287817777.412065
26,19.700000,4096,306299763.296121
26,32.300000,512,297458758.862030
26,90.000000,18,297435557.186787
26,90.000000,27,296706761.229683
26,90.000000,36,299342883.971867
26,300.000000,150,40732728.725305
26,1500.000000,600,218630325.559242
26,8000.000000,3000,1169182046.420460
