arrival_rate,bp_parameter_L,bp_parameter_H,FCFS_L2_norm_flow_time
26,13.000000,262144,290602975.565191
26,15.300000,32768,292216565.993192
26,19.700000,4096,304945624.279271
26,32.300000,512,294576389.053886
