arrival_rate,bp_parameter_L,bp_parameter_H,FCFS_L2_norm_flow_time
26,13.000000,262144,348658363.307938
26,15.300000,32768,311046788.027394
26,19.700000,4096,298863231.714853
26,32.300000,512,301427869.692434
