arrival_rate,bp_parameter_L,bp_parameter_H,FCFS_L2_norm_flow_time
28,13.000000,262144,271333910.140469
28,15.300000,32768,322532003.281538
28,19.700000,4096,284992548.031789
28,32.300000,512,292622603.642734
28,90.000000,18,288404154.295180
28,90.000000,27,289536655.336654
28,90.000000,36,286470724.798457
28,300.000000,150,40207049.369919
28,1500.000000,600,218690682.103941
28,8000.000000,3000,1166690567.662434
