arrival_rate,bp_parameter_L,bp_parameter_H,FCFS_L2_norm_flow_time
28,13.000000,262144,42556302.182319
28,15.300000,32768,42030143.263301
28,19.700000,4096,38254217.146240
28,32.300000,512,35891870.727826
28,90.000000,18,36045299.683104
28,90.000000,27,35825439.558661
28,90.000000,36,35931167.170885
