arrival_rate,bp_parameter_L,bp_parameter_H,FCFS_L2_norm_flow_time
28,13.000000,262144,40241250.164712
28,15.300000,32768,37017415.284764
28,19.700000,4096,35789653.942815
28,32.300000,512,36314792.258594
28,90.000000,18,36262968.260924
28,90.000000,27,35813563.127640
28,90.000000,36,36320381.757906
