arrival_rate,bp_parameter_L,bp_parameter_H,FCFS_L2_norm_flow_time
28,13.000000,262144,54646109.693510
28,15.300000,32768,35701236.846681
28,19.700000,4096,36714010.032810
28,32.300000,512,36188751.473752
28,90.000000,18,36208688.093097
28,90.000000,27,35933846.725060
28,90.000000,36,36126903.018907
