arrival_rate,bp_parameter_L,bp_parameter_H,FCFS_L2_norm_flow_time
28,13.000000,262144,33645090.649625
28,15.300000,32768,31299012.284188
28,19.700000,4096,34219348.178942
28,32.300000,512,35806591.683358
28,90.000000,18,35824245.102220
28,90.000000,27,36472061.497925
28,90.000000,36,36210181.691277
