arrival_rate,bp_parameter_L,bp_parameter_H,FCFS_L2_norm_flow_time
28,13.000000,262144,290096033.336190
28,15.300000,32768,286800030.735709
28,19.700000,4096,283326681.403855
28,32.300000,512,295029297.206971
