arrival_rate,bp_parameter_L,bp_parameter_H,FCFS_L2_norm_flow_time
28,13.000000,262144,35077880.091209
28,15.300000,32768,42397177.871838
28,19.700000,4096,34812530.648317
28,32.300000,512,36218170.536521
28,90.000000,18,35893244.221974
28,90.000000,27,35860039.830478
28,90.000000,36,35736330.616763
