arrival_rate,bp_parameter_L,bp_parameter_H,FCFS_L2_norm_flow_time
30,13.000000,262144,22933491.346335
30,15.300000,32768,32668331.156760
30,19.700000,4096,34228718.988608
30,32.300000,512,34926635.914393
30,90.000000,18,35053560.939227
30,90.000000,27,34940024.062497
30,90.000000,36,34541402.194416
