arrival_rate,bp_parameter_L,bp_parameter_H,FCFS_L2_norm_flow_time
30,13.000000,262144,36755290.253798
30,15.300000,32768,39363366.333733
30,19.700000,4096,35859429.717989
30,32.300000,512,34135510.852531
30,90.000000,18,35049911.569076
30,90.000000,27,34993315.917303
30,90.000000,36,35070188.432303
