arrival_rate,bp_parameter_L,bp_parameter_H,FCFS_L2_norm_flow_time
30,13.000000,262144,276254476.161364
30,15.300000,32768,265797398.100860
30,19.700000,4096,280003445.739985
30,32.300000,512,282451942.409624
30,90.000000,18,279103783.048126
30,90.000000,27,279465719.504386
30,90.000000,36,281077091.184839
30,300.000000,150,39482908.958079
30,1500.000000,600,217386482.834642
30,8000.000000,3000,1151925382.250475
