arrival_rate,bp_parameter_L,bp_parameter_H,FCFS_L2_norm_flow_time
30,13.000000,262144,33530984.732095
30,15.300000,32768,33890110.620681
30,19.700000,4096,34175444.720021
30,32.300000,512,34780872.684434
30,90.000000,18,34717584.843650
30,90.000000,27,34846126.181012
30,90.000000,36,34909055.124852
