arrival_rate,bp_parameter_L,bp_parameter_H,FCFS_L2_norm_flow_time
30,13.000000,262144,40145183.694482
30,15.300000,32768,33514523.404978
30,19.700000,4096,38742986.145697
30,32.300000,512,34490419.052045
30,90.000000,18,34588114.384732
30,90.000000,27,35459360.679262
30,90.000000,36,34553621.626731
