arrival_rate,bp_parameter_L,bp_parameter_H,FCFS_L2_norm_flow_time
30,13.000000,262144,49910400.159435
30,15.300000,32768,39094025.539443
30,19.700000,4096,34951289.571759
30,32.300000,512,34867161.615245
30,90.000000,18,35094060.025517
30,90.000000,27,35209791.059160
30,90.000000,36,35048507.260329
