arrival_rate,bp_parameter_L,bp_parameter_H,FCFS_L2_norm_flow_time
30,13.000000,262144,33030790.299236
30,15.300000,32768,37370146.497009
30,19.700000,4096,33827075.612618
30,32.300000,512,35890338.993221
30,90.000000,18,34584733.230213
30,90.000000,27,35160754.313190
30,90.000000,36,34555706.522050
