arrival_rate,bp_parameter_L,bp_parameter_H,FCFS_L2_norm_flow_time
30,13.000000,262144,261049769.014789
30,15.300000,32768,277859913.315707
30,19.700000,4096,281350800.714662
30,32.300000,512,278710800.946859
