arrival_rate,bp_parameter_L,bp_parameter_H,FCFS_L2_norm_flow_time
32,13.000000,262144,296296737.114192
32,15.300000,32768,264802511.326593
32,19.700000,4096,279740411.655442
32,32.300000,512,271912519.617781
