arrival_rate,bp_parameter_L,bp_parameter_H,FCFS_L2_norm_flow_time
32,13.000000,262144,38337665.898153
32,15.300000,32768,32518757.759744
32,19.700000,4096,34545533.312938
32,32.300000,512,34284013.534648
32,90.000000,18,34254587.493494
32,90.000000,27,33988907.766582
32,90.000000,36,33844009.355691
