arrival_rate,bp_parameter_L,bp_parameter_H,FCFS_L2_norm_flow_time
32,13.000000,262144,29225543.275390
32,15.300000,32768,30844979.362651
32,19.700000,4096,34392144.206683
32,32.300000,512,33565682.206356
32,90.000000,18,33987354.305183
32,90.000000,27,33583506.938011
32,90.000000,36,33482728.508271
