arrival_rate,bp_parameter_L,bp_parameter_H,FCFS_L2_norm_flow_time
32,13.000000,262144,251220643.124613
32,15.300000,32768,279962248.811276
32,19.700000,4096,270829251.984310
32,32.300000,512,271510491.303969
32,90.000000,18,269088516.505319
32,90.000000,27,271025397.447830
32,90.000000,36,271778033.126703
32,300.000000,150,39365333.872907
32,1500.000000,600,215334565.306211
32,8000.000000,3000,1163010641.166879
