arrival_rate,bp_parameter_L,bp_parameter_H,FCFS_L2_norm_flow_time
32,13.000000,262144,46518560.878709
32,15.300000,32768,35211109.847617
32,19.700000,4096,32980061.835338
32,32.300000,512,33171673.560399
32,90.000000,18,33925167.962985
32,90.000000,27,34143462.925658
32,90.000000,36,34173649.994889
