arrival_rate,bp_parameter_L,bp_parameter_H,FCFS_L2_norm_flow_time
32,13.000000,262144,269123251.325485
32,15.300000,32768,244544878.861293
32,19.700000,4096,268176415.192538
32,32.300000,512,266403629.725006
