arrival_rate,bp_parameter_L,bp_parameter_H,FCFS_L2_norm_flow_time
32,13.000000,262144,28693093.847974
32,15.300000,32768,36227992.153118
32,19.700000,4096,32973486.662602
32,32.300000,512,33524751.264301
32,90.000000,18,33743251.738416
32,90.000000,27,33187381.443945
32,90.000000,36,34022439.885701
