arrival_rate,bp_parameter_L,bp_parameter_H,FCFS_L2_norm_flow_time
34,13.000000,262144,34139001.947384
34,15.300000,32768,32184249.008834
34,19.700000,4096,34490523.553548
34,32.300000,512,33141860.026425
34,90.000000,18,32922682.796179
34,90.000000,27,32571760.475973
34,90.000000,36,32956570.554411
