arrival_rate,bp_parameter_L,bp_parameter_H,FCFS_L2_norm_flow_time
34,13.000000,262144,30106741.558558
34,15.300000,32768,27919787.820600
34,19.700000,4096,32403620.857820
34,32.300000,512,33432845.742310
34,90.000000,18,32762112.817701
34,90.000000,27,33061895.991993
34,90.000000,36,32419327.009104
