arrival_rate,bp_parameter_L,bp_parameter_H,FCFS_L2_norm_flow_time
36,13.000000,262144,41180221.753687
36,15.300000,32768,34060112.973714
36,19.700000,4096,30665510.814868
36,32.300000,512,31810033.114985
36,90.000000,18,31132206.340049
36,90.000000,27,31114256.775680
36,90.000000,36,31646463.352013
