arrival_rate,bp_parameter_L,bp_parameter_H,FCFS_L2_norm_flow_time
36,13.000000,262144,270571548.247441
36,15.300000,32768,254948221.508665
36,19.700000,4096,255999802.737287
36,32.300000,512,252373427.253102
