arrival_rate,bp_parameter_L,bp_parameter_H,FCFS_L2_norm_flow_time
36,13.000000,262144,293653462.764921
36,15.300000,32768,242356359.745508
36,19.700000,4096,235570901.365443
36,32.300000,512,250386407.881093
