arrival_rate,bp_parameter_L,bp_parameter_H,FCFS_L2_norm_flow_time
38,13.000000,262144,218742125.567038
38,15.300000,32768,243148310.630894
38,19.700000,4096,237465314.988687
38,32.300000,512,251085893.219888
