arrival_rate,bp_parameter_L,bp_parameter_H,FCFS_L2_norm_flow_time
38,13.000000,262144,41107916.576796
38,15.300000,32768,29982827.827076
38,19.700000,4096,32696898.113823
38,32.300000,512,30485473.681388
38,90.000000,18,30335151.166228
38,90.000000,27,30389150.736770
38,90.000000,36,30503288.541423
