arrival_rate,bp_parameter_L,bp_parameter_H,FCFS_L2_norm_flow_time
38,13.000000,262144,226119652.577313
38,15.300000,32768,230317103.462493
38,19.700000,4096,235000937.432833
38,32.300000,512,243982441.483142
