arrival_rate,bp_parameter_L,bp_parameter_H,FCFS_L2_norm_flow_time
38,13.000000,262144,203428656.335222
38,15.300000,32768,237884786.690405
38,19.700000,4096,232867953.662877
38,32.300000,512,243800972.590027
