arrival_rate,bp_parameter_L,bp_parameter_H,FCFS_L2_norm_flow_time
38,13.000000,262144,24680201.855325
38,15.300000,32768,36224457.770984
38,19.700000,4096,30007700.610274
38,32.300000,512,29944501.529008
38,90.000000,18,30499303.963415
38,90.000000,27,30713981.633978
38,90.000000,36,30260529.705104
