arrival_rate,bp_parameter_L,bp_parameter_H,FCFS_L2_norm_flow_time
40,13.000000,262144,40179099.593935
40,15.300000,32768,24439497.139889
40,19.700000,4096,30412306.636616
40,32.300000,512,28140742.678928
40,90.000000,18,28970113.186499
40,90.000000,27,29121951.322925
40,90.000000,36,29269147.488635
