arrival_rate,bp_parameter_L,bp_parameter_H,FCFS_L2_norm_flow_time
40,13.000000,262144,20352620.517189
40,15.300000,32768,25639885.966087
40,19.700000,4096,27656776.790425
40,32.300000,512,29522917.752084
40,90.000000,18,28888125.730716
40,90.000000,27,29409026.179883
40,90.000000,36,28970081.604165
