arrival_rate,bp_parameter_L,bp_parameter_H,FCFS_L2_norm_flow_time
40,13.000000,262144,226844450.815494
40,15.300000,32768,235707762.741236
40,19.700000,4096,237682140.749933
40,32.300000,512,232741399.696038
