arrival_rate,bp_parameter_L,bp_parameter_H,FCFS_L2_norm_flow_time
40,13.000000,262144,22442642.594588
40,15.300000,32768,27694436.359102
40,19.700000,4096,30392168.210684
40,32.300000,512,28526654.092036
40,90.000000,18,29088740.518945
40,90.000000,27,28954956.502310
40,90.000000,36,29133715.966205
