arrival_rate,bp_parameter_L,bp_parameter_H,FCFS_L2_norm_flow_time
40,13.000000,262144,24279789.559094
40,15.300000,32768,31703458.348446
40,19.700000,4096,28183690.592491
40,32.300000,512,29854834.595323
40,90.000000,18,29635293.735317
40,90.000000,27,29052381.615399
40,90.000000,36,28662947.669858
