arrival_rate,bp_parameter_L,bp_parameter_H,FCFS_L2_norm_flow_time
40,13.000000,262144,264473497.357202
40,15.300000,32768,252605744.392387
40,19.700000,4096,230795057.852827
40,32.300000,512,234705916.542862
