arrival_rate,bp_parameter_L,bp_parameter_H,Dynamic_njobs100_mode1_L2_norm_flow_time,Dynamic_njobs100_mode2_L2_norm_flow_time,Dynamic_njobs100_mode3_L2_norm_flow_time,Dynamic_njobs100_mode4_L2_norm_flow_time,Dynamic_njobs100_mode5_L2_norm_flow_time,Dynamic_njobs100_mode6_L2_norm_flow_time
20,8.500000,262144,4666459.592156,4654522.167091,4654522.167091,4654522.167091,4654522.167091,4654522.167091
20,9.800000,32768,6281253.677586,6281253.677586,6281253.677586,6281253.677586,6281253.677586,6281253.677586
20,12.400000,4096,9098781.923850,9098781.923850,9098781.923850,9098781.923850,9098781.923850,9098781.923850
20,18.900000,512,14958225.716684,14958225.716684,14958225.716684,14958225.716684,14958225.716684,14958225.716684
20,60.000000,24,21872599.619263,21892705.143302,21892705.143302,21892705.143302,21892705.143302,21892705.143302
20,60.000000,12,23418648.908988,23458174.069546,23458174.069546,23458174.069546,23458174.069546,23458174.069546
20,60.000000,18,22748146.011656,22725572.509766,22679782.493088,22708559.394553,22654855.317779,22580611.314505
20,56.300000,64,23324172.446403,23324172.446403,23324172.446403,23324172.446403,23324172.446403,23324172.446403
