arrival_rate,bp_parameter_L,bp_parameter_H,Dynamic_njobs100_mode1_L2_norm_flow_time,Dynamic_njobs100_mode2_L2_norm_flow_time,Dynamic_njobs100_mode3_L2_norm_flow_time,Dynamic_njobs100_mode4_L2_norm_flow_time,Dynamic_njobs100_mode5_L2_norm_flow_time,Dynamic_njobs100_mode6_L2_norm_flow_time
20,8.500000,262144,41111344.405268,41073795.317325,41073795.317325,41073795.317325,41073795.317325,41073795.317325
20,9.800000,32768,52134958.983513,52134958.983513,52134958.983513,52134958.983513,52134958.983513,52134958.983513
20,12.400000,4096,74748028.714234,74748028.714234,74748028.714234,74748028.714234,74748028.714234,74748028.714234
20,18.900000,512,119297909.166138,119297909.166138,119297909.166138,119297909.166138,119297909.166138,119297909.166138
20,60.000000,24,177674098.262041,177821220.796304,177845055.420545,177845055.420545,177845055.420545,177845055.420545
20,60.000000,12,186482049.853802,187126747.701188,187127825.464853,187127825.464853,187127825.464853,187127825.464853
20,60.000000,18,182818779.590208,182037196.506014,184033927.494821,184732497.551687,185541866.314091,185714690.113005
20,56.300000,64,187672495.563806,187672495.563806,187672495.563806,187672495.563806,187672495.563806,187672495.563806
