arrival_rate,bp_parameter_L,bp_parameter_H,Dynamic_njobs100_mode1_L2_norm_flow_time,Dynamic_njobs100_mode2_L2_norm_flow_time,Dynamic_njobs100_mode3_L2_norm_flow_time,Dynamic_njobs100_mode4_L2_norm_flow_time,Dynamic_njobs100_mode5_L2_norm_flow_time,Dynamic_njobs100_mode6_L2_norm_flow_time
20,9.800000,32768,50640038.434529,50640038.434529,50640038.434529,50640038.434529,50640038.434529,50640038.434529
20,12.400000,4096,74371115.588984,74371115.588984,74371115.588984,74371115.588984,74371115.588984,74371115.588984
20,8.500000,262144,40395137.205125,40395137.205125,40395137.205125,40395137.205125,40395137.205125,40395137.205125
20,18.900000,512,119363550.209576,119363550.209576,119363550.209576,119363550.209576,119363550.209576,119363550.209576
20,60.000000,24,176996723.404637,177203471.826176,177203471.826176,177203471.826176,177203471.826176,177203471.826176
20,60.000000,18,182869694.570008,183286902.172381,182499061.291232,182657536.683945,184894132.711519,186242717.219703
20,60.000000,12,186173776.514898,186859955.704421,186931888.695195,186931888.695195,186931888.695195,186931888.695195
20,56.300000,64,186823060.118768,186823060.118768,186823060.118768,186823060.118768,186823060.118768,186823060.118768
