arrival_rate,bp_parameter_L,bp_parameter_H,Dynamic_njobs100_mode1_L2_norm_flow_time,Dynamic_njobs100_mode2_L2_norm_flow_time,Dynamic_njobs100_mode3_L2_norm_flow_time,Dynamic_njobs100_mode4_L2_norm_flow_time,Dynamic_njobs100_mode5_L2_norm_flow_time,Dynamic_njobs100_mode6_L2_norm_flow_time
20,8.500000,262144,4682175.957290,4682175.957290,4682175.957290,4682175.957290,4682175.957290,4682175.957290
20,9.800000,32768,6773409.056917,6773409.056917,6773409.056917,6773409.056917,6773409.056917,6773409.056917
20,12.400000,4096,9644463.957001,9644463.957001,9644463.957001,9644463.957001,9644463.957001,9644463.957001
20,18.900000,512,14750123.103469,14750123.103469,14750123.103469,14750123.103469,14750123.103469,14750123.103469
20,60.000000,12,23438382.361057,23461284.222309,23461284.222309,23461284.222309,23461284.222309,23461284.222309
20,60.000000,18,22856013.339307,22967409.207815,22963815.184287,22863146.623487,23225341.463996,23246336.565913
20,60.000000,24,22454374.854743,22509528.493528,22509528.493528,22509528.493528,22509528.493528,22509528.493528
20,56.300000,64,23493674.764378,23493674.764378,23493674.764378,23493674.764378,23493674.764378,23493674.764378
