arrival_rate,bp_parameter_L,bp_parameter_H,Dynamic_njobs100_mode1_L2_norm_flow_time,Dynamic_njobs100_mode2_L2_norm_flow_time,Dynamic_njobs100_mode3_L2_norm_flow_time,Dynamic_njobs100_mode4_L2_norm_flow_time,Dynamic_njobs100_mode5_L2_norm_flow_time,Dynamic_njobs100_mode6_L2_norm_flow_time
20,8.500000,262144,5301574.167604,5301574.167604,5301574.167604,5301574.167604,5301574.167604,5301574.167604
20,9.800000,32768,6480529.048802,6480529.048802,6480529.048802,6480529.048802,6480529.048802,6480529.048802
20,12.400000,4096,9163043.403000,9163043.403000,9163043.403000,9163043.403000,9163043.403000,9163043.403000
20,18.900000,512,14768512.267263,14768512.267263,14768512.267263,14768512.267263,14768512.267263,14768512.267263
20,60.000000,24,21876422.031404,21959300.483182,21959300.483182,21959300.483182,21959300.483182,21959300.483182
20,60.000000,18,22658214.608044,22618124.229760,22652781.794686,22610812.495606,22666266.456777,22767355.312712
20,60.000000,12,23329285.657203,23371811.525177,23374852.676129,23374852.676129,23374567.143045,23374879.278762
20,56.300000,64,23307311.620077,23307311.620077,23307311.620077,23307311.620077,23307311.620077,23307311.620077
