arrival_rate,bp_parameter_L,bp_parameter_H,Dynamic_njobs100_mode1_L2_norm_flow_time,Dynamic_njobs100_mode2_L2_norm_flow_time,Dynamic_njobs100_mode3_L2_norm_flow_time,Dynamic_njobs100_mode4_L2_norm_flow_time,Dynamic_njobs100_mode5_L2_norm_flow_time,Dynamic_njobs100_mode6_L2_norm_flow_time
20,8.500000,262144,40362102.724508,40362102.724508,40362102.724508,40362102.724508,40362102.724508,40362102.724508
20,9.800000,32768,50875506.239961,50875506.239961,50875506.239961,50875506.239961,50875506.239961,50875506.239961
20,18.900000,512,119430854.511711,119430854.511711,119430854.511711,119430854.511711,119430854.511711,119430854.511711
20,12.400000,4096,73504421.525083,73504421.525083,73504421.525083,73504421.525083,73504421.525083,73504421.525083
20,60.000000,24,176341627.919701,176332396.618147,176366314.589161,176366314.589161,176366314.589161,176366314.589161
20,60.000000,18,182087714.646784,181936754.623791,181852321.598709,181789582.099131,184396857.147309,185417389.077971
20,60.000000,12,185879432.720820,186406695.569590,186492730.013777,186492730.013777,186492649.810696,186492730.013777
20,56.300000,64,185526047.863771,185526047.863771,185526047.863771,185526047.863771,185526047.863771,185526047.863771
