arrival_rate,bp_parameter_L,bp_parameter_H,Dynamic_njobs100_mode1_L2_norm_flow_time,Dynamic_njobs100_mode2_L2_norm_flow_time,Dynamic_njobs100_mode3_L2_norm_flow_time,Dynamic_njobs100_mode4_L2_norm_flow_time,Dynamic_njobs100_mode5_L2_norm_flow_time,Dynamic_njobs100_mode6_L2_norm_flow_time
20,8.500000,262144,4798978.549331,4798978.549331,4798978.549331,4798978.549331,4798978.549331,4798978.549331
20,9.800000,32768,6675078.767268,6675078.767268,6675078.767268,6675078.767268,6675078.767268,6675078.767268
20,12.400000,4096,9028492.353347,9028492.353347,9028492.353347,9028492.353347,9028492.353347,9028492.353347
20,18.900000,512,14780893.116519,14780893.116519,14780893.116519,14780893.116519,14780893.116519,14780893.116519
20,60.000000,24,22034998.186226,22047724.755043,22047724.755043,22034998.186226,22034998.186226,22047724.755043
20,60.000000,18,22667350.565751,22695322.577538,22861814.435670,23001665.496300,23036123.179928,23196233.390285
20,60.000000,12,23275436.979650,23334834.039432,23334896.533703,23334818.833525,23334818.833525,23334909.287990
20,56.300000,64,23311847.258030,23311847.258030,23311847.258030,23311847.258030,23311847.258030,23311847.258030
