arrival_rate,bp_parameter_L,bp_parameter_H,Dynamic_njobs100_mode1_L2_norm_flow_time,Dynamic_njobs100_mode2_L2_norm_flow_time,Dynamic_njobs100_mode3_L2_norm_flow_time,Dynamic_njobs100_mode4_L2_norm_flow_time,Dynamic_njobs100_mode5_L2_norm_flow_time,Dynamic_njobs100_mode6_L2_norm_flow_time
20,8.500000,262144,4914937.887914,4888324.353460,4888324.353460,4888324.353460,4888324.353460,4888324.353460
20,9.800000,32768,6094725.233419,6094725.233419,6094725.233419,6094725.233419,6094725.233419,6094725.233419
20,12.400000,4096,9237237.694500,9237237.694500,9237237.694500,9237237.694500,9237237.694500,9237237.694500
20,18.900000,512,14962606.034433,14962606.034433,14962606.034433,14962606.034433,14962606.034433,14962606.034433
20,60.000000,24,22015581.117280,22015581.117280,22056597.565541,22056597.565541,22056597.565541,22056597.565541
20,60.000000,18,22608057.746326,22628134.414971,22657825.751963,22791954.092407,22931757.062271,22887326.942187
20,60.000000,12,23104960.383948,23188170.831659,23188170.831659,23188170.831659,23188170.831659,23188170.831659
20,56.300000,64,23263824.814154,23263824.814154,23263824.814154,23263824.814154,23263824.814154,23263824.814154
