arrival_rate,bp_parameter_L,bp_parameter_H,Dynamic_njobs100_mode1_L2_norm_flow_time,Dynamic_njobs100_mode2_L2_norm_flow_time,Dynamic_njobs100_mode3_L2_norm_flow_time,Dynamic_njobs100_mode4_L2_norm_flow_time,Dynamic_njobs100_mode5_L2_norm_flow_time,Dynamic_njobs100_mode6_L2_norm_flow_time
20,8.500000,262144,39461352.924164,39449946.176931,39449946.176931,39449946.176931,39449946.176931,39449946.176931
20,9.800000,32768,50665571.490805,50665571.490805,50665571.490805,50665571.490805,50665571.490805,50665571.490805
20,12.400000,4096,73094838.405253,73094838.405253,73094838.405253,73094838.405253,73094838.405253,73094838.405253
20,18.900000,512,118357286.943969,118357286.943969,118357286.943969,118357286.943969,118357286.943969,118357286.943969
20,60.000000,18,182529747.027566,182933336.999000,183409706.371239,184310471.197580,184985308.460391,185963222.086198
20,60.000000,24,177746698.352335,177869816.283741,177899014.538635,177899014.538635,177899014.538635,177899014.538635
20,60.000000,12,187001146.975442,187585505.589160,187642729.383193,187642729.383193,187642729.383193,187642729.383193
20,56.300000,64,186814901.224106,186814901.224106,186814901.224106,186814901.224106,186814901.224106,186814901.224106
