arrival_rate,bp_parameter_L,bp_parameter_H,Dynamic_njobs100_mode1_L2_norm_flow_time,Dynamic_njobs100_mode2_L2_norm_flow_time,Dynamic_njobs100_mode3_L2_norm_flow_time,Dynamic_njobs100_mode4_L2_norm_flow_time,Dynamic_njobs100_mode5_L2_norm_flow_time,Dynamic_njobs100_mode6_L2_norm_flow_time,Dynamic_njobs100_mode7_L2_norm_flow_time
22,8.500000,262144,36507089.045595,36018761.888928,36018761.888928,36018761.888928,36018761.888928,36018761.888928,36018761.888928
22,9.800000,32768,48021384.842747,48021384.842747,48021384.842747,48021384.842747,48021384.842747,48021384.842747,48021384.842747
22,12.400000,4096,69835604.201823,69835604.201823,69835604.201823,69835604.201823,69835604.201823,69835604.201823,69835604.201823
22,18.900000,512,114541393.673013,114541393.673013,114541393.673013,114541393.673013,114541393.673013,114541393.673013,114541393.673013
22,56.300000,64,177540768.913535,177540768.913535,177540768.913535,177540768.913535,177540768.913535,177540768.913535,177540768.913535
