arrival_rate,bp_parameter_L,bp_parameter_H,Dynamic_njobs100_mode1_L2_norm_flow_time,Dynamic_njobs100_mode2_L2_norm_flow_time,Dynamic_njobs100_mode3_L2_norm_flow_time,Dynamic_njobs100_mode4_L2_norm_flow_time,Dynamic_njobs100_mode5_L2_norm_flow_time,Dynamic_njobs100_mode6_L2_norm_flow_time
22,8.500000,262144,4492181.646177,4492181.646177,4492181.646177,4492181.646177,4492181.646177,4492181.646177
22,9.800000,32768,5989623.405106,5989623.405106,5989623.405106,5989623.405106,5989623.405106,5989623.405106
22,12.400000,4096,8545736.418084,8545736.418084,8545736.418084,8545736.418084,8545736.418084,8545736.418084
22,18.900000,512,14347764.348360,14347764.348360,14347764.348360,14347764.348360,14347764.348360,14347764.348360
22,60.000000,24,21420985.054309,21425042.330945,21539589.720245,21539589.720245,21511727.629808,21539589.720245
22,60.000000,18,21101917.804320,21073866.499000,20943770.465148,20916922.815963,21905233.455201,21907456.974507
22,60.000000,12,22042245.798524,22042245.798524,22042245.798524,22042245.798524,22042245.798524,22042245.798524
22,56.300000,64,22063304.130899,22063304.130899,22063304.130899,22063304.130899,22063304.130899,22063304.130899
