arrival_rate,bp_parameter_L,bp_parameter_H,Dynamic_njobs100_mode1_L2_norm_flow_time,Dynamic_njobs100_mode2_L2_norm_flow_time,Dynamic_njobs100_mode3_L2_norm_flow_time,Dynamic_njobs100_mode4_L2_norm_flow_time,Dynamic_njobs100_mode5_L2_norm_flow_time,Dynamic_njobs100_mode6_L2_norm_flow_time
22,8.500000,262144,4342892.797346,4342892.797346,4342892.797346,4342892.797346,4342892.797346,4342892.797346
22,9.800000,32768,5755436.822667,5755436.822667,5755436.822667,5755436.822667,5755436.822667,5755436.822667
22,12.400000,4096,9035423.087528,9035423.087528,9035423.087528,9035423.087528,9035423.087528,9035423.087528
22,18.900000,512,14524737.860508,14524737.860508,14524737.860508,14524737.860508,14524737.860508,14524737.860508
22,60.000000,18,21631306.607026,21555648.013131,21751309.515683,21971831.297845,22290164.420098,22292857.981933
22,60.000000,24,21513379.759450,21537857.614111,21616014.338955,21616014.338955,21616014.338955,21616014.338955
22,60.000000,12,22310836.004237,22323092.540428,22323092.540428,22323092.540428,22323092.540428,22323092.540428
22,56.300000,64,22209211.691937,22209211.691937,22209211.691937,22209211.691937,22209211.691937,22209211.691937
