arrival_rate,bp_parameter_L,bp_parameter_H,Dynamic_njobs100_mode1_L2_norm_flow_time,Dynamic_njobs100_mode2_L2_norm_flow_time,Dynamic_njobs100_mode3_L2_norm_flow_time,Dynamic_njobs100_mode4_L2_norm_flow_time,Dynamic_njobs100_mode5_L2_norm_flow_time,Dynamic_njobs100_mode6_L2_norm_flow_time,Dynamic_njobs100_mode7_L2_norm_flow_time
22,8.500000,262144,36196465.362438,36044030.280888,36044030.280888,36044030.280888,36044030.280888,36044030.280888,36044030.280888
22,9.800000,32768,47969284.264794,47969284.264794,47969284.264794,47969284.264794,47969284.264794,47969284.264794,47969284.264794
22,12.400000,4096,70499357.907161,70499357.907161,70499357.907161,70499357.907161,70499357.907161,70499357.907161,70499357.907161
22,18.900000,512,113776283.403689,113776283.403689,113776283.403689,113776283.403689,113776283.403689,113776283.403689,113776283.403689
22,56.300000,64,178035220.308412,178035220.308412,178035220.308412,178035220.308412,178035220.308412,178035220.308412,178035220.308412
