arrival_rate,bp_parameter_L,bp_parameter_H,Dynamic_njobs100_mode1_L2_norm_flow_time,Dynamic_njobs100_mode2_L2_norm_flow_time,Dynamic_njobs100_mode3_L2_norm_flow_time,Dynamic_njobs100_mode4_L2_norm_flow_time,Dynamic_njobs100_mode5_L2_norm_flow_time,Dynamic_njobs100_mode6_L2_norm_flow_time
22,8.500000,262144,4304316.406220,4304316.406220,4304316.406220,4304316.406220,4304316.406220,4304316.406220
22,9.800000,32768,5618727.367558,5618727.367558,5618727.367558,5618727.367558,5618727.367558,5618727.367558
22,12.400000,4096,8766122.636227,8766122.636227,8766122.636227,8766122.636227,8766122.636227,8766122.636227
22,18.900000,512,14163750.042646,14163750.042646,14163750.042646,14163750.042646,14163750.042646,14163750.042646
22,60.000000,24,21642032.819028,21749505.367430,21763274.531159,21800636.191227,21800636.191227,21800636.191227
22,60.000000,18,21417280.683754,21467429.721730,21495426.003109,21060920.901033,21062552.719730,22063418.742054
22,60.000000,12,22276674.931250,22276674.931250,22276674.931250,22276674.931250,22276674.931250,22276674.931250
22,56.300000,64,22402911.562781,22402911.562781,22402911.562781,22402911.562781,22402911.562781,22402911.562781
