arrival_rate,bp_parameter_L,bp_parameter_H,Dynamic_njobs100_mode1_L2_norm_flow_time,Dynamic_njobs100_mode2_L2_norm_flow_time,Dynamic_njobs100_mode3_L2_norm_flow_time,Dynamic_njobs100_mode4_L2_norm_flow_time,Dynamic_njobs100_mode5_L2_norm_flow_time,Dynamic_njobs100_mode6_L2_norm_flow_time,Dynamic_njobs100_mode7_L2_norm_flow_time
22,8.500000,262144,36766443.149615,36772329.525610,36772329.525610,36772329.525610,36772329.525610,36772329.525610,36772329.525610
22,9.800000,32768,47009599.167324,47021303.398950,47021303.398950,47021303.398950,47021303.398950,47021303.398950,47021303.398950
22,12.400000,4096,70521977.287243,70521977.287243,70521977.287243,70521977.287243,70521977.287243,70521977.287243,70521977.287243
22,18.900000,512,111814975.805858,111814975.805858,111814975.805858,111814975.805858,111814975.805858,111814975.805858,111814975.805858
22,56.300000,64,177910537.093755,177910537.093755,177910537.093755,177910537.093755,177910537.093755,177910537.093755,177910537.093755
