arrival_rate,bp_parameter_L,bp_parameter_H,Dynamic_njobs100_mode1_L2_norm_flow_time,Dynamic_njobs100_mode2_L2_norm_flow_time,Dynamic_njobs100_mode3_L2_norm_flow_time,Dynamic_njobs100_mode4_L2_norm_flow_time,Dynamic_njobs100_mode5_L2_norm_flow_time,Dynamic_njobs100_mode6_L2_norm_flow_time
24,8.500000,262144,4331262.050218,4331262.050218,4331262.050218,4331262.050218,4331262.050218,4331262.050218
24,12.400000,4096,8189963.895439,8189963.895439,8189963.895439,8189963.895439,8189963.895439,8189963.895439
24,9.800000,32768,5606075.519699,5606075.519699,5606075.519699,5606075.519699,5606075.519699,5606075.519699
24,18.900000,512,13599809.052978,13599809.052978,13599809.052978,13599809.052978,13599809.052978,13599809.052978
24,60.000000,24,20433070.232733,20461301.306694,20708625.163921,20762321.274850,20825606.473122,20941840.502118
24,60.000000,18,20667925.136577,20928400.306140,21013512.731659,21097309.562719,21095555.815414,21097639.642059
24,60.000000,12,21086154.324123,21086154.324123,21086154.324123,21086154.324123,21086154.324123,21086154.324123
24,56.300000,64,21167840.012423,21167840.012423,21167840.012423,21167840.012423,21167840.012423,21167840.012423
