arrival_rate,bp_parameter_L,bp_parameter_H,Dynamic_njobs100_mode1_L2_norm_flow_time,Dynamic_njobs100_mode2_L2_norm_flow_time,Dynamic_njobs100_mode3_L2_norm_flow_time,Dynamic_njobs100_mode4_L2_norm_flow_time,Dynamic_njobs100_mode5_L2_norm_flow_time,Dynamic_njobs100_mode6_L2_norm_flow_time
24,9.800000,32768,43216834.761956,43212592.444381,43212592.444381,43212592.444381,43212592.444381,43212592.444381
24,12.400000,4096,65458768.551941,65441667.454441,65441667.454441,65441667.454441,65441667.454441,65441667.454441
24,8.500000,262144,33040902.029124,32646908.525165,32646908.525165,32646908.525165,32646908.525165,32646908.525165
24,18.900000,512,108367528.620116,108367528.620116,108367528.620116,108367528.620116,108367528.620116,108367528.620116
24,60.000000,12,167701231.073128,167701240.558190,167701240.558190,167701231.073128,167701231.073128,167701240.558190
24,60.000000,18,165533521.149568,166399611.026866,167340035.060261,168246255.731018,169408023.205632,169408244.516744
24,60.000000,24,164661649.547028,164639756.780775,165982810.374300,166832987.472768,167618928.721872,167892046.925290
24,56.300000,64,167689512.285106,167689512.285106,167689512.285106,167689512.285106,167689512.285106,167689512.285106
