arrival_rate,bp_parameter_L,bp_parameter_H,Dynamic_njobs100_mode1_L2_norm_flow_time,Dynamic_njobs100_mode2_L2_norm_flow_time,Dynamic_njobs100_mode3_L2_norm_flow_time,Dynamic_njobs100_mode4_L2_norm_flow_time,Dynamic_njobs100_mode5_L2_norm_flow_time,Dynamic_njobs100_mode6_L2_norm_flow_time
24,8.500000,262144,4023679.565567,4023679.565567,4023679.565567,4023679.565567,4023679.565567,4023679.565567
24,12.400000,4096,8374025.535909,8374025.535909,8374025.535909,8374025.535909,8374025.535909,8374025.535909
24,9.800000,32768,5533628.045807,5533628.045807,5533628.045807,5533628.045807,5533628.045807,5533628.045807
24,18.900000,512,13862638.462750,13862638.462750,13862638.462750,13862638.462750,13862638.462750,13862638.462750
24,60.000000,24,19704430.035779,19788908.082545,19830308.427859,20114583.162819,20063012.979002,20348385.279373
24,60.000000,18,20634115.895715,20729031.090646,20814328.328498,20275595.222977,21182614.019148,21184628.843437
24,60.000000,12,20986290.813331,20992733.386929,20992733.386929,20992733.386929,20992733.386929,20992733.386929
24,56.300000,64,20981113.720462,20981113.720462,20981113.720462,20981113.720462,20981113.720462,20981113.720462
