arrival_rate,bp_parameter_L,bp_parameter_H,Dynamic_njobs100_mode1_L2_norm_flow_time,Dynamic_njobs100_mode2_L2_norm_flow_time,Dynamic_njobs100_mode3_L2_norm_flow_time,Dynamic_njobs100_mode4_L2_norm_flow_time,Dynamic_njobs100_mode5_L2_norm_flow_time,Dynamic_njobs100_mode6_L2_norm_flow_time
24,9.800000,32768,5325557.634166,5325557.634166,5325557.634166,5325557.634166,5325557.634166,5325557.634166
24,8.500000,262144,3739888.446209,3739888.446209,3739888.446209,3739888.446209,3739888.446209,3739888.446209
24,12.400000,4096,8313132.185958,8313132.185958,8313132.185958,8313132.185958,8313132.185958,8313132.185958
24,18.900000,512,13363181.199555,13363181.199555,13363181.199555,13363181.199555,13363181.199555,13363181.199555
24,60.000000,24,20514087.359050,20454182.291642,20592049.691660,20784385.588754,20786865.313404,21074858.222206
24,60.000000,18,20094691.793662,20643482.827685,20786681.484243,20902235.466410,20902235.466410,20902435.955669
24,60.000000,12,21201229.563763,21201229.563763,21201229.563763,21201229.563763,21201229.563763,21201229.563763
24,56.300000,64,20997974.565707,20997974.565707,20997974.565707,20997974.565707,20997974.565707,20997974.565707
