arrival_rate,bp_parameter_L,bp_parameter_H,Dynamic_njobs100_mode1_L2_norm_flow_time,Dynamic_njobs100_mode2_L2_norm_flow_time,Dynamic_njobs100_mode3_L2_norm_flow_time,Dynamic_njobs100_mode4_L2_norm_flow_time,Dynamic_njobs100_mode5_L2_norm_flow_time,Dynamic_njobs100_mode6_L2_norm_flow_time
24,8.500000,262144,3940956.479229,3940956.479229,3940956.479229,3940956.479229,3940956.479229,3940956.479229
24,12.400000,4096,7337352.809638,7337352.809638,7337352.809638,7337352.809638,7337352.809638,7337352.809638
24,9.800000,32768,5519875.201843,5519875.201843,5519875.201843,5519875.201843,5519875.201843,5519875.201843
24,18.900000,512,13962352.800509,13962352.800509,13962352.800509,13962352.800509,13962352.800509,13962352.800509
24,60.000000,24,20240381.616434,20304963.259854,20509589.383866,20563077.309367,20535009.190824,20600373.330841
24,60.000000,12,20878043.945817,20878043.945817,20878043.945817,20878043.945817,20878043.945817,20878043.945817
24,60.000000,18,20562931.449957,20783872.654345,21074623.889189,21074623.889189,21073586.086770,21074843.934963
24,56.300000,64,21188510.235550,21188510.235550,21188510.235550,21188510.235550,21188510.235550,21188510.235550
