arrival_rate,bp_parameter_L,bp_parameter_H,Dynamic_njobs100_mode1_L2_norm_flow_time,Dynamic_njobs100_mode2_L2_norm_flow_time,Dynamic_njobs100_mode3_L2_norm_flow_time,Dynamic_njobs100_mode4_L2_norm_flow_time,Dynamic_njobs100_mode5_L2_norm_flow_time,Dynamic_njobs100_mode6_L2_norm_flow_time,Dynamic_njobs100_mode7_L2_norm_flow_time
24,8.500000,262144,31301248.113191,31323836.044553,31323836.044553,31323836.044553,31323836.044553,31323836.044553,31323836.044553
24,9.800000,32768,44636077.789036,44636077.789036,44636077.789036,44636077.789036,44636077.789036,44636077.789036,44636077.789036
24,12.400000,4096,64937986.328030,64831825.183250,64831825.183250,64831825.183250,64831825.183250,64831825.183250,64831825.183250
24,18.900000,512,110556682.361459,110556682.361459,110556682.361459,110556682.361459,110556682.361459,110556682.361459,110556682.361459
24,56.300000,64,168168745.610997,168168745.610997,168168745.610997,168168745.610997,168168745.610997,168168745.610997,168168745.610997
