arrival_rate,bp_parameter_L,bp_parameter_H,Dynamic_njobs100_mode1_L2_norm_flow_time,Dynamic_njobs100_mode2_L2_norm_flow_time,Dynamic_njobs100_mode3_L2_norm_flow_time,Dynamic_njobs100_mode4_L2_norm_flow_time,Dynamic_njobs100_mode5_L2_norm_flow_time,Dynamic_njobs100_mode6_L2_norm_flow_time
24,8.500000,262144,4339170.646515,4339170.646515,4339170.646515,4339170.646515,4339170.646515,4339170.646515
24,9.800000,32768,5411705.043324,5381158.555156,5381158.555156,5381158.555156,5381158.555156,5381158.555156
24,12.400000,4096,8163776.579275,8163776.579275,8163776.579275,8163776.579275,8163776.579275,8163776.579275
24,18.900000,512,13500631.436728,13500631.436728,13500631.436728,13500631.436728,13500631.436728,13500631.436728
24,60.000000,24,20163817.278795,19972314.935567,20439483.375792,20557846.998659,20674888.569505,20695351.407184
24,60.000000,18,20544055.300970,20473766.589422,21160233.309063,21298521.559739,21298521.559739,21298818.426789
24,60.000000,12,21303462.046433,21303462.046433,21303462.046433,21303462.046433,21303462.046433,21303462.046433
24,56.300000,64,20993432.446674,20993432.446674,20993432.446674,20993432.446674,20993432.446674,20993432.446674
