arrival_rate,bp_parameter_L,bp_parameter_H,Dynamic_njobs100_mode1_L2_norm_flow_time,Dynamic_njobs100_mode2_L2_norm_flow_time,Dynamic_njobs100_mode3_L2_norm_flow_time,Dynamic_njobs100_mode4_L2_norm_flow_time,Dynamic_njobs100_mode5_L2_norm_flow_time,Dynamic_njobs100_mode6_L2_norm_flow_time
26,8.500000,262144,3875203.934484,3875203.934484,3875203.934484,3875203.934484,3875203.934484,3875203.934484
26,12.400000,4096,7794586.006615,7794586.006615,7794586.006615,7794586.006615,7794586.006615,7794586.006615
26,9.800000,32768,5505060.539251,5125350.166143,5125350.166143,5125350.166143,5125350.166143,5125350.166143
26,18.900000,512,13163921.343897,13163921.343897,13163921.343897,13163921.343897,13163921.343897,13163921.343897
26,60.000000,24,19178214.489871,19139575.632970,19132807.648191,18868674.773729,18811045.490805,19846313.466505
26,60.000000,12,19971692.115206,19971692.115206,19971692.115206,19971692.115206,19971692.115206,19971692.115206
26,60.000000,18,19747561.525233,19719171.966501,19980360.738665,19989532.734899,19987569.913027,19989532.734899
26,56.300000,64,20046691.408730,20046691.408730,20046691.408730,20046691.408730,20046691.408730,20046691.408730
