arrival_rate,bp_parameter_L,bp_parameter_H,Dynamic_njobs100_mode1_L2_norm_flow_time,Dynamic_njobs100_mode2_L2_norm_flow_time,Dynamic_njobs100_mode3_L2_norm_flow_time,Dynamic_njobs100_mode4_L2_norm_flow_time,Dynamic_njobs100_mode5_L2_norm_flow_time,Dynamic_njobs100_mode6_L2_norm_flow_time
26,8.500000,262144,3736290.859820,3736290.859820,3736290.859820,3736290.859820,3736290.859820,3736290.859820
26,9.800000,32768,4951076.770253,4951076.770253,4951076.770253,4951076.770253,4951076.770253,4951076.770253
26,12.400000,4096,7651022.047958,7651022.047958,7651022.047958,7651022.047958,7651022.047958,7651022.047958
26,18.900000,512,13119410.918237,13119410.918237,13119410.918237,13119410.918237,13119410.918237,13119410.918237
26,60.000000,18,19669098.895006,19947930.187449,19954045.753828,19954045.753828,19952307.822813,19954045.753828
26,60.000000,24,18903484.614300,18950692.421253,18790249.696961,18650256.824503,19402770.829708,19967490.184568
26,60.000000,12,19768605.857833,19771358.920541,19771358.920541,19771358.920541,19771358.920541,19771358.920541
26,56.300000,64,19824833.388356,19824833.388356,19824833.388356,19824833.388356,19824833.388356,19824833.388356
