arrival_rate,bp_parameter_L,bp_parameter_H,Dynamic_njobs100_mode1_L2_norm_flow_time,Dynamic_njobs100_mode2_L2_norm_flow_time,Dynamic_njobs100_mode3_L2_norm_flow_time,Dynamic_njobs100_mode4_L2_norm_flow_time,Dynamic_njobs100_mode5_L2_norm_flow_time,Dynamic_njobs100_mode6_L2_norm_flow_time
26,8.500000,262144,3451349.634027,3380997.054073,3380997.054073,3380997.054073,3451349.634027,3380997.054073
26,9.800000,32768,5027577.603393,5027577.603393,5027577.603393,5027577.603393,5027577.603393,5027577.603393
26,12.400000,4096,7693330.851987,7693330.851987,7693330.851987,7693330.851987,7693330.851987,7693330.851987
26,18.900000,512,12735032.734751,12735032.734751,12735032.734751,12735032.734751,12735032.734751,12735032.734751
26,60.000000,24,18990529.735626,18954576.839774,18776395.077809,19475560.853727,19488569.487412,20032889.183977
26,60.000000,18,19646850.319923,19936937.903129,19959860.717962,19959860.717962,19958668.953544,19959860.717962
26,60.000000,12,19770821.353748,19770821.353748,19770821.353748,19770821.353748,19770821.353748,19770821.353748
26,56.300000,64,19996487.099074,19996487.099074,19996487.099074,19996487.099074,19996487.099074,19996487.099074
