arrival_rate,bp_parameter_L,bp_parameter_H,Dynamic_njobs100_mode1_L2_norm_flow_time,Dynamic_njobs100_mode2_L2_norm_flow_time,Dynamic_njobs100_mode3_L2_norm_flow_time,Dynamic_njobs100_mode4_L2_norm_flow_time,Dynamic_njobs100_mode5_L2_norm_flow_time,Dynamic_njobs100_mode6_L2_norm_flow_time
26,8.500000,262144,3728398.380864,3728398.380864,3728398.380864,3728398.380864,3728398.380864,3728398.380864
26,9.800000,32768,4845471.995031,4845471.995031,4845471.995031,4845471.995031,4845471.995031,4845471.995031
26,12.400000,4096,7803352.578535,7803352.578535,7803352.578535,7803352.578535,7803352.578535,7803352.578535
26,18.900000,512,12756943.190300,12756943.190300,12756943.190300,12756943.190300,12756943.190300,12756943.190300
26,60.000000,18,19226309.377050,19803495.487964,19952712.439583,19952448.175488,19952217.577480,19952712.439583
26,60.000000,24,19563681.889192,19626458.410034,19462372.145786,19470985.215890,19845227.168526,20416251.356636
26,60.000000,12,19944164.937306,19944164.937306,19944164.937306,19944164.937306,19944164.937306,19944164.937306
26,56.300000,64,19798438.077128,19798438.077128,19798438.077128,19798438.077128,19798438.077128,19798438.077128
