arrival_rate,bp_parameter_L,bp_parameter_H,Dynamic_njobs100_mode1_L2_norm_flow_time,Dynamic_njobs100_mode2_L2_norm_flow_time,Dynamic_njobs100_mode3_L2_norm_flow_time,Dynamic_njobs100_mode4_L2_norm_flow_time,Dynamic_njobs100_mode5_L2_norm_flow_time,Dynamic_njobs100_mode6_L2_norm_flow_time
28,8.500000,262144,2967605.827675,2967605.827675,2967605.827675,2967605.827675,2967605.827675,2967605.827675
28,9.800000,32768,4236367.503913,4251704.441944,4251704.441944,4251704.441944,4251704.441944,4251704.441944
28,12.400000,4096,7265901.576377,7230909.219342,7230909.219342,7230909.219342,7230909.219342,7230909.219342
28,18.900000,512,12299891.526737,12299891.526737,12299891.526737,12299891.526737,12299891.526737,12299891.526737
28,60.000000,24,17853705.607024,18172917.380881,18652475.662327,18669513.487451,18710267.290774,18711248.792763
28,60.000000,18,18533742.527635,18660569.696359,18660569.696359,18660569.696359,18659791.240227,18660569.696359
28,60.000000,12,18533625.141860,18533625.141860,18533625.141860,18533625.141860,18533625.141860,18533625.141860
28,56.300000,64,18696218.470361,18696218.470361,18696218.470361,18696218.470361,18696218.470361,18696218.470361
