arrival_rate,bp_parameter_L,bp_parameter_H,Dynamic_njobs100_mode1_L2_norm_flow_time,Dynamic_njobs100_mode2_L2_norm_flow_time,Dynamic_njobs100_mode3_L2_norm_flow_time,Dynamic_njobs100_mode4_L2_norm_flow_time,Dynamic_njobs100_mode5_L2_norm_flow_time,Dynamic_njobs100_mode6_L2_norm_flow_time
28,9.800000,32768,4532021.407085,4532021.407085,4532021.407085,4532021.407085,4532021.407085,4532021.407085
28,8.500000,262144,3203303.093654,3203303.093654,3203303.093654,3203303.093654,3203303.093654,3203303.093654
28,12.400000,4096,7574975.432233,7574975.432233,7574975.432233,7574975.432233,7574975.432233,7574975.432233
28,18.900000,512,12468445.278192,12468445.278192,12468445.278192,12468445.278192,12468445.278192,12468445.278192
28,60.000000,24,18106363.601715,18137540.251078,18367645.150094,18999479.933964,18998315.194338,18999257.841377
28,60.000000,18,18549310.789783,18567140.903362,18567140.903362,18567067.961041,18567067.961041,18567140.903362
28,60.000000,12,18965509.225028,18965509.225028,18965509.225028,18965509.225028,18965509.225028,18965509.225028
28,56.300000,64,18887450.259264,18887450.259264,18887450.259264,18887450.259264,18887450.259264,18887450.259264
