arrival_rate,bp_parameter_L,bp_parameter_H,Dynamic_njobs100_mode1_L2_norm_flow_time,Dynamic_njobs100_mode2_L2_norm_flow_time,Dynamic_njobs100_mode3_L2_norm_flow_time,Dynamic_njobs100_mode4_L2_norm_flow_time,Dynamic_njobs100_mode5_L2_norm_flow_time,Dynamic_njobs100_mode6_L2_norm_flow_time,Dynamic_njobs100_mode7_L2_norm_flow_time
28,9.800000,32768,33642985.255209,33609498.043892,33609498.043892,33609498.043892,33609498.043892,33609498.043892,33609498.043892
28,8.500000,262144,23958473.207272,23995688.784491,23955600.079904,23955600.079904,23955600.079904,23955600.079904,23955600.079904
28,12.400000,4096,58771437.086550,58569385.400685,58569385.400685,58569385.400685,58569385.400685,58569385.400685,58569385.400685
28,18.900000,512,98360094.282237,98360094.282237,98360094.282237,98360094.282237,98360094.282237,98360094.282237,98360094.282237
28,56.300000,64,150527106.798555,150527106.798555,150527106.798555,150527106.798555,150527106.798555,150527106.798555,150527106.798555
