arrival_rate,bp_parameter_L,bp_parameter_H,Dynamic_njobs100_mode1_L2_norm_flow_time,Dynamic_njobs100_mode2_L2_norm_flow_time,Dynamic_njobs100_mode3_L2_norm_flow_time,Dynamic_njobs100_mode4_L2_norm_flow_time,Dynamic_njobs100_mode5_L2_norm_flow_time,Dynamic_njobs100_mode6_L2_norm_flow_time
28,12.400000,4096,6880557.066292,6880557.066292,6880557.066292,6880557.066292,6880557.066292,6880557.066292
28,9.800000,32768,5098536.540338,5098536.540338,5098536.540338,5098536.540338,5098536.540338,5098536.540338
28,8.500000,262144,3532759.202770,3532759.202770,3532759.202770,3532759.202770,3532759.202770,3532759.202770
28,18.900000,512,12383188.057595,12383188.057595,12383188.057595,12383188.057595,12383188.057595,12383188.057595
28,60.000000,24,17849598.814992,17874153.219183,17953691.901643,18309022.659414,18289554.578440,18682808.841049
28,60.000000,18,18567414.336016,18692505.614279,18692505.614279,18692505.614279,18692505.614279,18692505.614279
28,60.000000,12,18653962.792849,18653962.792849,18653962.792849,18653962.792849,18653962.792849,18653962.792849
28,56.300000,64,18387708.010300,18387708.010300,18387708.010300,18387708.010300,18387708.010300,18387708.010300
