arrival_rate,bp_parameter_L,bp_parameter_H,Dynamic_njobs100_mode1_L2_norm_flow_time,Dynamic_njobs100_mode2_L2_norm_flow_time,Dynamic_njobs100_mode3_L2_norm_flow_time,Dynamic_njobs100_mode4_L2_norm_flow_time,Dynamic_njobs100_mode5_L2_norm_flow_time,Dynamic_njobs100_mode6_L2_norm_flow_time,Dynamic_njobs100_mode7_L2_norm_flow_time
28,8.500000,262144,24972887.668858,24972887.668858,24972887.668858,24972887.668858,24972887.668858,24972887.668858,24972887.668858
28,9.800000,32768,37212384.812940,37126631.728072,37126631.728072,37126631.728072,37126631.728072,37126631.728072,37126631.728072
28,12.400000,4096,56732743.087172,56577973.739939,56577973.739939,56577973.739939,56577973.739939,56577973.739939,56577973.739939
28,18.900000,512,98864006.256814,98811301.572988,98811301.572988,98811301.572988,98811301.572988,98811301.572988,98811301.572988
28,56.300000,64,148534401.932594,148534401.932594,148534401.932594,148534401.932594,148534401.932594,148534401.932594,148534401.932594
