arrival_rate,bp_parameter_L,bp_parameter_H,Dynamic_njobs100_mode1_L2_norm_flow_time,Dynamic_njobs100_mode2_L2_norm_flow_time,Dynamic_njobs100_mode3_L2_norm_flow_time,Dynamic_njobs100_mode4_L2_norm_flow_time,Dynamic_njobs100_mode5_L2_norm_flow_time,Dynamic_njobs100_mode6_L2_norm_flow_time
30,8.500000,262144,21341200.757255,21045850.906555,21045850.906555,21045850.906555,21045850.906555,21045850.906555
30,9.800000,32768,32536088.788094,32510187.948013,32510187.948013,32510187.948013,32510187.948013,32510187.948013
30,12.400000,4096,52807495.267718,52746332.144105,52746332.144105,52746332.144105,52746332.144105,52746332.144105
30,18.900000,512,94123845.446876,94107330.981277,94107330.981277,94107330.981277,94107330.981277,94107330.981277
30,60.000000,24,132137529.856773,131299142.421862,138894087.650153,139745622.083320,139745622.083320,139745622.083320
30,60.000000,12,140999361.370647,140999361.370647,140999361.370647,140999361.370647,140999361.370647,140999361.370647
30,60.000000,18,140276600.597971,141109504.711223,141109504.711223,141109504.711223,141109504.711223,141109504.711223
30,56.300000,64,139819280.809651,139819280.809651,139819280.809651,139819280.809651,139819280.809651,139819280.809651
