arrival_rate,bp_parameter_L,bp_parameter_H,Dynamic_njobs100_mode1_L2_norm_flow_time,Dynamic_njobs100_mode2_L2_norm_flow_time,Dynamic_njobs100_mode3_L2_norm_flow_time,Dynamic_njobs100_mode4_L2_norm_flow_time,Dynamic_njobs100_mode5_L2_norm_flow_time,Dynamic_njobs100_mode6_L2_norm_flow_time
30,8.500000,262144,3286827.529923,3286827.529923,3286827.529923,3286827.529923,3286827.529923,3286827.529923
30,9.800000,32768,4057623.663549,4057623.663549,4057623.663549,4057623.663549,4057623.663549,4057623.663549
30,12.400000,4096,6881663.477558,6881663.477558,6881663.477558,6881663.477558,6881663.477558,6881663.477558
30,18.900000,512,11767381.170980,11767381.170980,11767381.170980,11767381.170980,11767381.170980,11767381.170980
30,60.000000,18,17361350.186714,17361350.186714,17361350.186714,17361350.186714,17361350.186714,17361350.186714
30,60.000000,24,17000141.471567,17242130.574546,17575660.472666,17830020.627391,17828462.501621,17830355.568953
30,60.000000,12,17674855.620530,17674855.620530,17674855.620530,17674855.620530,17674855.620530,17674855.620530
30,56.300000,64,17546895.548813,17546895.548813,17546895.548813,17546895.548813,17546895.548813,17546895.548813
