arrival_rate,bp_parameter_L,bp_parameter_H,Dynamic_njobs100_mode1_L2_norm_flow_time,Dynamic_njobs100_mode2_L2_norm_flow_time,Dynamic_njobs100_mode3_L2_norm_flow_time,Dynamic_njobs100_mode4_L2_norm_flow_time,Dynamic_njobs100_mode5_L2_norm_flow_time,Dynamic_njobs100_mode6_L2_norm_flow_time
30,9.800000,32768,4047841.585608,4047841.585608,4047841.585608,4047841.585608,4047841.585608,4047841.585608
30,12.400000,4096,6739174.571483,6739174.571483,6739174.571483,6739174.571483,6739174.571483,6739174.571483
30,8.500000,262144,2800102.244855,2805430.969329,2805430.969329,2805430.969329,2805430.969329,2805430.969329
30,18.900000,512,11950770.502219,11950770.502219,11950770.502219,11950770.502219,11950770.502219,11950770.502219
30,60.000000,24,16822563.939870,17017526.463427,17520446.663140,17519840.813081,17516187.388961,17520446.663140
30,60.000000,18,17606994.773711,17630464.756359,17630464.756359,17630464.756359,17630464.756359,17630464.756359
30,60.000000,12,17618465.161390,17618465.161390,17618465.161390,17618465.161390,17618465.161390,17618465.161390
30,56.300000,64,17515358.381874,17515358.381874,17515358.381874,17515358.381874,17515358.381874,17515358.381874
