arrival_rate,bp_parameter_L,bp_parameter_H,Dynamic_njobs100_mode1_L2_norm_flow_time,Dynamic_njobs100_mode2_L2_norm_flow_time,Dynamic_njobs100_mode3_L2_norm_flow_time,Dynamic_njobs100_mode4_L2_norm_flow_time,Dynamic_njobs100_mode5_L2_norm_flow_time,Dynamic_njobs100_mode6_L2_norm_flow_time
30,8.500000,262144,22487626.365603,22487626.365603,22487626.365603,22487626.365603,22487626.365603,22487626.365603
30,9.800000,32768,34140714.757479,31173083.337448,31173083.337448,31173083.337448,31173083.337448,31173083.337448
30,12.400000,4096,52085373.812535,52092148.281196,52092148.281196,52092148.281196,52092148.281196,52092148.281196
30,18.900000,512,93384066.435426,93384066.435426,93384066.435426,93384066.435426,93384066.435426,93384066.435426
30,60.000000,12,141191836.320631,141191836.320631,141191836.320631,141191836.320631,141191836.320631,141191836.320631
30,60.000000,24,135262166.315286,138471969.456981,140152073.670435,140961037.808048,140960754.428675,140961037.808048
30,60.000000,18,139515731.630500,140336434.498372,140336434.498372,140336434.498372,140336434.498372,140336434.498372
30,56.300000,64,141019025.551534,141019025.551534,141019025.551534,141019025.551534,141019025.551534,141019025.551534
