arrival_rate,bp_parameter_L,bp_parameter_H,Dynamic_njobs100_mode1_L2_norm_flow_time,Dynamic_njobs100_mode2_L2_norm_flow_time,Dynamic_njobs100_mode3_L2_norm_flow_time,Dynamic_njobs100_mode4_L2_norm_flow_time,Dynamic_njobs100_mode5_L2_norm_flow_time,Dynamic_njobs100_mode6_L2_norm_flow_time
30,9.800000,32768,3872689.596719,3872689.596719,3872689.596719,3872689.596719,3872689.596719,3872689.596719
30,8.500000,262144,2859466.048163,2859466.048163,2859466.048163,2859466.048163,2859466.048163,2859466.048163
30,12.400000,4096,6221159.008266,6221159.008266,6221159.008266,6221159.008266,6221159.008266,6221159.008266
30,18.900000,512,11724385.567927,11724385.567927,11724385.567927,11724385.567927,11724385.567927,11724385.567927
30,60.000000,24,17053950.077695,17416016.162397,17363186.986850,17601944.019595,17597686.493661,17602385.960773
30,60.000000,12,17283855.599509,17283855.599509,17283855.599509,17283855.599509,17283855.599509,17283855.599509
30,60.000000,18,17615532.552579,17657529.625346,17657529.625346,17657529.625346,17657529.625346,17657529.625346
30,56.300000,64,17817159.501235,17817159.501235,17817159.501235,17817159.501235,17817159.501235,17817159.501235
