arrival_rate,bp_parameter_L,bp_parameter_H,Dynamic_njobs100_mode1_L2_norm_flow_time,Dynamic_njobs100_mode2_L2_norm_flow_time,Dynamic_njobs100_mode3_L2_norm_flow_time,Dynamic_njobs100_mode4_L2_norm_flow_time,Dynamic_njobs100_mode5_L2_norm_flow_time,Dynamic_njobs100_mode6_L2_norm_flow_time,Dynamic_njobs100_mode7_L2_norm_flow_time
30,8.500000,262144,21520034.826242,21082924.202650,21082924.202650,21082924.202650,21082924.202650,21082924.202650,21082924.202650
30,9.800000,32768,32773066.122909,32722328.585875,32722328.585875,32722328.585875,32722328.585875,32722328.585875,32722328.585875
30,12.400000,4096,53214913.825603,53214913.825603,53214913.825603,53214913.825603,53214913.825603,53214913.825603,53214913.825603
30,18.900000,512,94301269.164838,94301269.164838,94301269.164838,94301269.164838,94301269.164838,94301269.164838,94301269.164838
30,56.300000,64,140316561.690743,140316561.690743,140316561.690743,140316561.690743,140316561.690743,140316561.690743,140316561.690743
