arrival_rate,bp_parameter_L,bp_parameter_H,Dynamic_njobs100_mode1_L2_norm_flow_time,Dynamic_njobs100_mode2_L2_norm_flow_time,Dynamic_njobs100_mode3_L2_norm_flow_time,Dynamic_njobs100_mode4_L2_norm_flow_time,Dynamic_njobs100_mode5_L2_norm_flow_time,Dynamic_njobs100_mode6_L2_norm_flow_time,Dynamic_njobs100_mode7_L2_norm_flow_time
30,8.500000,262144,22161195.469743,22186616.373913,22186616.373913,22186616.373913,22186616.373913,22186616.373913,22186616.373913
30,9.800000,32768,32843918.550032,32822909.875916,32822909.875916,32822909.875916,32822909.875916,32822909.875916,32822909.875916
30,12.400000,4096,53625996.089124,53600020.225972,53600020.225972,53600020.225972,53600020.225972,53600020.225972,53600020.225972
30,18.900000,512,93755028.908964,93755028.908964,93755028.908964,93755028.908964,93755028.908964,93755028.908964,93755028.908964
30,56.300000,64,140766238.701304,140766238.701304,140766238.701304,140766238.701304,140766238.701304,140766238.701304,140766238.701304
