arrival_rate,bp_parameter_L,bp_parameter_H,Dynamic_njobs100_mode1_L2_norm_flow_time,Dynamic_njobs100_mode2_L2_norm_flow_time,Dynamic_njobs100_mode3_L2_norm_flow_time,Dynamic_njobs100_mode4_L2_norm_flow_time,Dynamic_njobs100_mode5_L2_norm_flow_time,Dynamic_njobs100_mode6_L2_norm_flow_time
30,8.500000,262144,23320868.630850,23180306.665805,23180306.665805,23180306.665805,23180306.665805,23180306.665805
30,9.800000,32768,31540049.296046,31540049.296046,31540049.296046,31540049.296046,31540049.296046,31540049.296046
30,12.400000,4096,52339815.916055,51877671.520328,51877671.520328,52237431.336826,52237431.336826,51877671.520328
30,18.900000,512,94908386.025877,94908386.025877,94781840.258316,94781840.258316,94908386.025877,94781840.258316
30,60.000000,24,136356754.714876,137301790.370531,140532873.624697,142176180.195310,142175862.808731,142176187.736338
30,60.000000,18,140511602.726405,140868458.863229,140868458.863229,140868458.863229,140868458.863229,140868458.863229
30,60.000000,12,142227381.925281,142227381.925281,142227381.925281,142227381.925281,142227381.925281,142227381.925281
30,56.300000,64,140129567.956055,140129567.956055,140129567.956055,140129567.956055,140129567.956055,140129567.956055
