arrival_rate,bp_parameter_L,bp_parameter_H,Dynamic_njobs100_mode1_L2_norm_flow_time,Dynamic_njobs100_mode2_L2_norm_flow_time,Dynamic_njobs100_mode3_L2_norm_flow_time,Dynamic_njobs100_mode4_L2_norm_flow_time,Dynamic_njobs100_mode5_L2_norm_flow_time,Dynamic_njobs100_mode6_L2_norm_flow_time
30,8.500000,262144,2894208.478355,2894208.478355,2894208.478355,2894208.478355,2894208.478355,2894208.478355
30,9.800000,32768,3658791.266480,3658791.266480,3667033.408797,3667033.408797,3667033.408797,3667033.408797
30,12.400000,4096,6563428.152574,6563428.152574,6563428.152574,6563428.152574,6563428.152574,6563428.152574
30,18.900000,512,11272243.607155,11272243.607155,11272243.607155,11272243.607155,11272243.607155,11272243.607155
30,60.000000,24,16836714.065526,17227047.450529,17298644.757889,17480509.835730,17480509.835730,17480556.620063
30,60.000000,18,17403716.227666,17441599.557879,17441599.557879,17441599.557879,17441599.557879,17441599.557879
30,60.000000,12,17763497.771945,17763497.771945,17763497.771945,17763497.771945,17763497.771945,17763497.771945
30,56.300000,64,17188525.477307,17188525.477307,17188525.477307,17188525.477307,17188525.477307,17188525.477307
