arrival_rate,bp_parameter_L,bp_parameter_H,Dynamic_njobs100_mode1_L2_norm_flow_time,Dynamic_njobs100_mode2_L2_norm_flow_time,Dynamic_njobs100_mode3_L2_norm_flow_time,Dynamic_njobs100_mode4_L2_norm_flow_time,Dynamic_njobs100_mode5_L2_norm_flow_time,Dynamic_njobs100_mode6_L2_norm_flow_time
30,8.500000,262144,23111832.154753,23118289.608346,23118289.608346,23118289.608346,23118289.608346,23118289.608346
30,9.800000,32768,34134231.036773,33128718.687150,33128718.687150,33128718.687150,33128718.687150,33128718.687150
30,12.400000,4096,53900755.371013,53881229.304509,53881229.304509,53881229.304509,53881229.304509,53881229.304509
30,18.900000,512,94358441.880928,94358441.880928,94358441.880928,94358441.880928,94358441.880928,94358441.880928
30,60.000000,24,131723542.494871,135428773.034088,138443404.924501,139555380.405447,139555011.991897,139555390.315297
30,60.000000,18,140551764.270486,141186777.446145,141186777.446145,141186777.446145,141186777.446145,141186777.446145
30,60.000000,12,141465951.579728,141465951.579728,141465951.579728,141465951.579728,141465951.579728,141465951.579728
30,56.300000,64,140666641.612148,140666641.612148,140666641.612148,140666641.612148,140666641.612148,140666641.612148
