arrival_rate,bp_parameter_L,bp_parameter_H,Dynamic_njobs100_mode1_L2_norm_flow_time,Dynamic_njobs100_mode2_L2_norm_flow_time,Dynamic_njobs100_mode3_L2_norm_flow_time,Dynamic_njobs100_mode4_L2_norm_flow_time,Dynamic_njobs100_mode5_L2_norm_flow_time,Dynamic_njobs100_mode6_L2_norm_flow_time
30,9.800000,32768,4015402.633878,4015402.633878,4015402.633878,4015402.633878,4015402.633878,4015402.633878
30,8.500000,262144,2838364.027058,2838364.027058,2838364.027058,2838364.027058,2838364.027058,2838364.027058
30,12.400000,4096,6961310.820068,6961310.820068,6961310.820068,6961310.820068,6961310.820068,6961310.820068
30,18.900000,512,11892164.817162,11892164.817162,11892164.817162,11892164.817162,11892164.817162,11892164.817162
30,60.000000,24,17167062.089893,17370439.308572,17538760.995450,17538760.995450,17535497.386779,17538760.995450
30,60.000000,18,17768680.872727,17768680.872727,17768680.872727,17768680.872727,17768680.872727,17768680.872727
30,60.000000,12,17614969.455400,17614969.455400,17614969.455400,17614969.455400,17614969.455400,17614969.455400
30,56.300000,64,17477995.999492,17477995.999492,17477995.999492,17477995.999492,17477995.999492,17477995.999492
