arrival_rate,bp_parameter_L,bp_parameter_H,Dynamic_njobs100_mode1_L2_norm_flow_time,Dynamic_njobs100_mode2_L2_norm_flow_time,Dynamic_njobs100_mode3_L2_norm_flow_time,Dynamic_njobs100_mode4_L2_norm_flow_time,Dynamic_njobs100_mode5_L2_norm_flow_time,Dynamic_njobs100_mode6_L2_norm_flow_time
30,9.800000,32768,30989344.432587,30600924.005235,30600924.005235,30600924.005235,30600924.005235,30600924.005235
30,8.500000,262144,22939729.318333,22907482.393634,22907482.393634,22907482.393634,22907482.393634,22907482.393634
30,12.400000,4096,55106883.492396,55029643.213352,55029643.213352,55029643.213352,55029643.213352,55029643.213352
30,18.900000,512,93835881.867295,93835881.867295,93835881.867295,93835881.867295,93835881.867295,93835881.867295
30,60.000000,18,140134937.219669,140990460.258417,140990460.258417,140990460.258417,140990460.258417,140990460.258417
30,60.000000,12,140983208.704338,140983208.704338,140983208.704338,140983208.704338,140983208.704338,140983208.704338
30,60.000000,24,135546078.347327,136784450.597095,139625607.720936,140986155.207069,140985860.968471,140986197.517957
30,56.300000,64,141950945.546521,141950945.546521,141950945.546521,141950945.546521,141950945.546521,141950945.546521
