arrival_rate,bp_parameter_L,bp_parameter_H,Dynamic_njobs100_mode1_L2_norm_flow_time,Dynamic_njobs100_mode2_L2_norm_flow_time,Dynamic_njobs100_mode3_L2_norm_flow_time,Dynamic_njobs100_mode4_L2_norm_flow_time,Dynamic_njobs100_mode5_L2_norm_flow_time,Dynamic_njobs100_mode6_L2_norm_flow_time
32,8.500000,262144,2448789.139396,2448789.139396,2448789.139396,2448789.139396,2448789.139396,2448789.139396
32,12.400000,4096,5987745.205590,5987745.205590,5987745.205590,5987745.205590,5987745.205590,5987745.205590
32,9.800000,32768,3543878.676040,4023248.508550,3543878.676040,3543878.676040,3543878.676040,3543878.676040
32,18.900000,512,11059702.854210,11049951.017374,11057599.669357,11057599.669357,11057599.669357,11057599.669357
32,60.000000,24,15626461.131352,16050216.325262,16207884.777101,16207884.777101,16207884.777101,16207884.777101
32,60.000000,18,16161167.255243,16161167.255243,16161167.255243,16161167.255243,16161167.255243,16161167.255243
32,60.000000,12,16194765.276006,16194765.276006,16194765.276006,16194765.276006,16194765.276006,16194765.276006
32,56.300000,64,16489729.069347,16489729.069347,16489729.069347,16489729.069347,16489729.069347,16489729.069347
