arrival_rate,bp_parameter_L,bp_parameter_H,Dynamic_njobs100_mode1_L2_norm_flow_time,Dynamic_njobs100_mode2_L2_norm_flow_time,Dynamic_njobs100_mode3_L2_norm_flow_time,Dynamic_njobs100_mode4_L2_norm_flow_time,Dynamic_njobs100_mode5_L2_norm_flow_time,Dynamic_njobs100_mode6_L2_norm_flow_time
32,9.800000,32768,3535815.348985,3535815.348985,3535815.348985,3535815.348985,3535815.348985,3535815.348985
32,12.400000,4096,6277811.147566,6232117.554918,6232117.554918,6232117.554918,6232117.554918,6232117.554918
32,18.900000,512,10655362.041884,10655362.041884,10655362.041884,10655362.041884,10655362.041884,10655362.041884
32,8.500000,262144,2837556.100989,2837556.100989,2837556.100989,2837556.100989,2837556.100989,2837556.100989
32,60.000000,24,15461938.125001,16401540.766444,16435105.418182,16435105.418182,16433974.509421,16435105.418182
32,60.000000,18,16262508.270225,16262508.270225,16262508.270225,16262508.270225,16262508.270225,16262508.270225
32,60.000000,12,16306391.475736,16306391.475736,16306391.475736,16306391.475736,16306391.475736,16306391.475736
32,56.300000,64,16551993.645803,16551993.645803,16551993.645803,16551993.645803,16551993.645803,16551993.645803
