arrival_rate,bp_parameter_L,bp_parameter_H,Dynamic_njobs100_mode1_L2_norm_flow_time,Dynamic_njobs100_mode2_L2_norm_flow_time,Dynamic_njobs100_mode3_L2_norm_flow_time,Dynamic_njobs100_mode4_L2_norm_flow_time,Dynamic_njobs100_mode5_L2_norm_flow_time,Dynamic_njobs100_mode6_L2_norm_flow_time
32,9.800000,32768,3621891.921873,3621891.921873,3621891.921873,3621891.921873,3621891.921873,3621891.921873
32,8.500000,262144,2435605.424499,2435605.424499,2435605.424499,2435605.424499,2435605.424499,2435605.424499
32,12.400000,4096,5816563.121063,5816563.121063,5816563.121063,5816563.121063,5816563.121063,5816563.121063
32,18.900000,512,11076654.463197,11076654.463197,11076654.463197,11076654.463197,11076654.463197,11076654.463197
32,60.000000,24,16212123.878512,16631034.560581,16633634.578596,16633634.578596,16630411.735999,16633634.578596
32,60.000000,18,16735348.948773,16735348.948773,16735348.948773,16735348.948773,16735348.948773,16735348.948773
32,60.000000,12,16447482.214253,16447482.214253,16447482.214253,16447482.214253,16447482.214253,16447482.214253
32,56.300000,64,16468842.134720,16468842.134720,16468842.134720,16468842.134720,16468842.134720,16468842.134720
