arrival_rate,bp_parameter_L,bp_parameter_H,Dynamic_njobs100_mode1_L2_norm_flow_time,Dynamic_njobs100_mode2_L2_norm_flow_time,Dynamic_njobs100_mode3_L2_norm_flow_time,Dynamic_njobs100_mode4_L2_norm_flow_time,Dynamic_njobs100_mode5_L2_norm_flow_time,Dynamic_njobs100_mode6_L2_norm_flow_time,Dynamic_njobs100_mode7_L2_norm_flow_time
32,8.500000,262144,20165448.084075,20187164.640811,20187164.640811,20187164.640811,20187164.640811,20187164.640811,20187164.640811
32,9.800000,32768,28223259.595135,28253458.234379,28253458.234379,28253458.234379,28253458.234379,28253458.234379,28253458.234379
32,12.400000,4096,50428720.365922,50440604.988522,50341086.664068,50233665.869140,50233665.869140,50233665.869140,50233665.869140
32,18.900000,512,89876152.434218,89868876.072483,89868876.072483,89868876.072483,89868876.072483,89868876.072483,89868876.072483
32,56.300000,64,131351411.769741,131351411.769741,131351411.769741,131351411.769741,131351411.769741,131351411.769741,131351411.769741
