arrival_rate,bp_parameter_L,bp_parameter_H,Dynamic_njobs100_mode1_L2_norm_flow_time,Dynamic_njobs100_mode2_L2_norm_flow_time,Dynamic_njobs100_mode3_L2_norm_flow_time,Dynamic_njobs100_mode4_L2_norm_flow_time,Dynamic_njobs100_mode5_L2_norm_flow_time,Dynamic_njobs100_mode6_L2_norm_flow_time
32,8.500000,262144,18078911.098908,18078911.098908,18078911.098908,18078911.098908,18078911.098908,18078911.098908
32,9.800000,32768,29560452.777339,29170876.914913,29170876.914913,29170876.914913,29170876.914913,29170876.914913
32,12.400000,4096,50779978.387849,50751753.830153,50751753.830153,50751753.830153,50751753.830153,50751753.830153
32,18.900000,512,87181728.390286,87181728.390286,87181728.390286,87181728.390286,87181728.390286,87181728.390286
32,60.000000,24,127796497.174869,130087970.641581,132183203.356050,132183159.009818,132182929.066876,132183203.356050
32,60.000000,18,131799835.397673,132477525.870765,132477525.870765,132477525.870765,132477525.870765,132477525.870765
32,60.000000,12,131183250.403242,131183250.403242,131183250.403242,131183250.403242,131183250.403242,131183250.403242
32,56.300000,64,131960549.008692,131960549.008692,131960549.008692,131960549.008692,131960549.008692,131960549.008692
