arrival_rate,bp_parameter_L,bp_parameter_H,Dynamic_njobs100_mode1_L2_norm_flow_time,Dynamic_njobs100_mode2_L2_norm_flow_time,Dynamic_njobs100_mode3_L2_norm_flow_time,Dynamic_njobs100_mode4_L2_norm_flow_time,Dynamic_njobs100_mode5_L2_norm_flow_time,Dynamic_njobs100_mode6_L2_norm_flow_time
32,8.500000,262144,2339328.834792,2339328.834792,2339328.834792,2339328.834792,2339328.834792,2339328.834792
32,12.400000,4096,6102806.294540,6102806.294540,6102806.294540,6102806.294540,6102806.294540,6102806.294540
32,9.800000,32768,4023901.722587,4023901.722587,3676391.625964,3676391.625964,3676391.625964,3676391.625964
32,18.900000,512,11110019.706567,11110019.706567,11110019.706567,11110019.706567,11110019.706567,11110019.706567
32,60.000000,24,16004926.892928,16571309.388866,16571309.388866,16571309.388866,16571309.388866,16571309.388866
32,60.000000,18,16716171.776147,16724833.308117,16724833.308117,16724833.308117,16724833.308117,16724833.308117
32,60.000000,12,16345836.820529,16345836.820529,16345836.820529,16345836.820529,16345836.820529,16345836.820529
32,56.300000,64,16299827.572271,16299827.572271,16299827.572271,16299827.572271,16299827.572271,16299827.572271
