arrival_rate,bp_parameter_L,bp_parameter_H,Dynamic_njobs100_mode1_L2_norm_flow_time,Dynamic_njobs100_mode2_L2_norm_flow_time,Dynamic_njobs100_mode3_L2_norm_flow_time,Dynamic_njobs100_mode4_L2_norm_flow_time,Dynamic_njobs100_mode5_L2_norm_flow_time,Dynamic_njobs100_mode6_L2_norm_flow_time
32,8.500000,262144,2317793.580520,2317793.580520,2317793.580520,2317793.580520,2317793.580520,2317793.580520
32,9.800000,32768,3191952.085352,3191952.085352,3191952.085352,3191952.085352,3191952.085352,3191952.085352
32,12.400000,4096,6177898.509922,6177898.509922,6177898.509922,6177898.509922,6177898.509922,6177898.509922
32,18.900000,512,11267360.236303,11267360.236303,11267360.236303,11267360.236303,11267360.236303,11267360.236303
32,60.000000,24,16537065.782543,16677654.559720,16839935.937894,16839625.590515,16836758.740637,16839929.807828
32,60.000000,18,16192998.670972,16193882.800946,16193882.800946,16193882.800946,16192998.670972,16193882.800946
32,60.000000,12,16258810.307169,16258810.307169,16258810.307169,16258810.307169,16258810.307169,16258810.307169
32,56.300000,64,16437651.794887,16437651.794887,16437651.794887,16437651.794887,16437651.794887,16437651.794887
