arrival_rate,bp_parameter_L,bp_parameter_H,Dynamic_njobs100_mode1_L2_norm_flow_time,Dynamic_njobs100_mode2_L2_norm_flow_time,Dynamic_njobs100_mode3_L2_norm_flow_time,Dynamic_njobs100_mode4_L2_norm_flow_time,Dynamic_njobs100_mode5_L2_norm_flow_time,Dynamic_njobs100_mode6_L2_norm_flow_time,Dynamic_njobs100_mode7_L2_norm_flow_time
34,8.500000,262144,16478591.671283,16503933.673175,16503933.673175,16503933.673175,16503933.673175,16503933.673175,16503933.673175
34,9.800000,32768,26515977.048389,26515977.048389,26515977.048389,26515977.048389,26515977.048389,26515977.048389,26515977.048389
34,12.400000,4096,45792550.225086,45792550.225086,45792550.225086,45792550.225086,45792550.225086,45792550.225086,45792550.225086
34,18.900000,512,84966615.107098,85016369.942598,85016369.942598,85016369.942598,85016369.942598,85016369.942598,85016369.942598
34,56.300000,64,122050079.092588,122050079.092588,122050079.092588,122050079.092588,122050079.092588,122050079.092588,122050079.092588
