arrival_rate,bp_parameter_L,bp_parameter_H,Dynamic_njobs100_mode1_L2_norm_flow_time,Dynamic_njobs100_mode2_L2_norm_flow_time,Dynamic_njobs100_mode3_L2_norm_flow_time,Dynamic_njobs100_mode4_L2_norm_flow_time,Dynamic_njobs100_mode5_L2_norm_flow_time,Dynamic_njobs100_mode6_L2_norm_flow_time
34,8.500000,262144,1882329.926660,1882329.926660,1882329.926660,1882329.926660,1882329.926660,1882329.926660
34,12.400000,4096,5729999.754209,5687909.350531,5762099.715202,5762099.715202,5762099.715202,5687909.350531
34,9.800000,32768,3262487.808736,3262487.808736,3262487.808736,3262487.808736,3262487.808736,3262487.808736
34,18.900000,512,10211858.082626,10200253.448212,10200253.448212,10200253.448212,10200253.448212,10200253.448212
34,60.000000,24,14535224.251863,14851941.391706,14851941.391706,14851941.391706,14851941.391706,14851941.391706
34,60.000000,12,15685528.367214,15685528.367214,15685528.367214,15685528.367214,15685528.367214,15685528.367214
34,60.000000,18,15224343.884981,15224343.884981,15224343.884981,15224343.884981,15224343.884981,15224343.884981
34,56.300000,64,15342052.875700,15342052.875700,15342052.875700,15342052.875700,15342052.875700,15342052.875700
