arrival_rate,bp_parameter_L,bp_parameter_H,Dynamic_njobs100_mode1_L2_norm_flow_time,Dynamic_njobs100_mode2_L2_norm_flow_time,Dynamic_njobs100_mode3_L2_norm_flow_time,Dynamic_njobs100_mode4_L2_norm_flow_time,Dynamic_njobs100_mode5_L2_norm_flow_time,Dynamic_njobs100_mode6_L2_norm_flow_time
34,8.500000,262144,2055131.893105,2055131.893105,2055131.893105,2055131.893105,2055131.893105,2055131.893105
34,9.800000,32768,3433167.157019,3454007.649928,3454007.649928,3454007.649928,3454007.649928,3454007.649928
34,12.400000,4096,6125247.461770,6073451.276823,6073451.276823,6073451.276823,6125247.461770,6073451.276823
34,18.900000,512,10381827.656301,10378756.749627,10381827.656301,10381827.656301,10381827.656301,10378756.749627
34,60.000000,24,14920203.565169,15087158.885032,15171380.443590,15171380.443590,15171380.443590,15171380.443590
34,60.000000,18,15436040.071329,15436040.071329,15436040.071329,15436040.071329,15436040.071329,15436040.071329
34,60.000000,12,14951840.214035,14951840.214035,14951840.214035,14951840.214035,14951840.214035,14951840.214035
34,56.300000,64,15400633.286325,15400633.286325,15400633.286325,15400633.286325,15400633.286325,15400633.286325
