arrival_rate,bp_parameter_L,bp_parameter_H,Dynamic_njobs100_mode1_L2_norm_flow_time,Dynamic_njobs100_mode2_L2_norm_flow_time,Dynamic_njobs100_mode3_L2_norm_flow_time,Dynamic_njobs100_mode4_L2_norm_flow_time,Dynamic_njobs100_mode5_L2_norm_flow_time,Dynamic_njobs100_mode6_L2_norm_flow_time
34,9.800000,32768,3184302.071543,3184302.071543,3184302.071543,3184302.071543,3184302.071543,3184302.071543
34,12.400000,4096,5642893.049639,5642893.049639,5642893.049639,5642893.049639,5642893.049639,5642893.049639
34,8.500000,262144,2496681.559778,2496681.559778,2496681.559778,2496681.559778,2496681.559778,2496681.559778
34,18.900000,512,10424244.407522,10424244.407522,10424244.407522,10424244.407522,10424244.407522,10424244.407522
34,60.000000,24,14920580.857476,15194442.400966,15194442.400966,15194442.400966,15194442.400966,15194442.400966
34,60.000000,18,15275768.223236,15275768.223236,15275768.223236,15275768.223236,15275768.223236,15275768.223236
34,60.000000,12,15235643.909539,15235643.909539,15235643.909539,15235643.909539,15235643.909539,15235643.909539
34,56.300000,64,15234253.266732,15234253.266732,15234253.266732,15234253.266732,15234253.266732,15234253.266732
