arrival_rate,bp_parameter_L,bp_parameter_H,Dynamic_njobs100_mode1_L2_norm_flow_time,Dynamic_njobs100_mode2_L2_norm_flow_time,Dynamic_njobs100_mode3_L2_norm_flow_time,Dynamic_njobs100_mode4_L2_norm_flow_time,Dynamic_njobs100_mode5_L2_norm_flow_time,Dynamic_njobs100_mode6_L2_norm_flow_time
34,8.500000,262144,16993933.350860,16972075.900509,16972075.900509,16972075.900509,16972075.900509,16972075.900509
34,9.800000,32768,25905199.681680,25030992.359215,24719660.989099,24719660.989099,25088721.481175,24719660.989099
34,12.400000,4096,44523936.282496,44342818.865766,44342818.865766,44342818.865766,44342818.865766,44342818.865766
34,18.900000,512,85740778.187262,85740778.187262,85740778.187262,85740778.187262,85740778.187262,85740778.187262
34,60.000000,18,123733860.923147,123733860.923147,123733860.923147,123733860.923147,123733860.923147,123733860.923147
34,60.000000,24,119045772.921474,121623400.241903,122255080.424040,122255037.054753,122255037.054753,122255080.424040
34,60.000000,12,123282225.011301,123282225.011301,123282225.011301,123282225.011301,123282225.011301,123282225.011301
34,56.300000,64,121600531.185751,121600531.185751,121600531.185751,121600531.185751,121600531.185751,121600531.185751
