arrival_rate,bp_parameter_L,bp_parameter_H,Dynamic_njobs100_mode1_L2_norm_flow_time,Dynamic_njobs100_mode2_L2_norm_flow_time,Dynamic_njobs100_mode3_L2_norm_flow_time,Dynamic_njobs100_mode4_L2_norm_flow_time,Dynamic_njobs100_mode5_L2_norm_flow_time,Dynamic_njobs100_mode6_L2_norm_flow_time,Dynamic_njobs100_mode7_L2_norm_flow_time
34,8.500000,262144,15613986.696475,15322896.922766,15322896.922766,15322896.922766,15322896.922766,15322896.922766,15322896.922766
34,9.800000,32768,26974393.561299,27000079.205441,27000079.205441,27000079.205441,27000079.205441,27000079.205441,27000079.205441
34,12.400000,4096,42684515.972748,42698718.874750,42698718.874750,42698718.874750,42698718.874750,42698718.874750,42698718.874750
34,18.900000,512,84560711.603938,84560711.603938,84560711.603938,84560711.603938,84560711.603938,84560711.603938,84560711.603938
34,56.300000,64,121881400.312236,121881400.312236,121881400.312236,121881400.312236,121881400.312236,121881400.312236,121881400.312236
