arrival_rate,bp_parameter_L,bp_parameter_H,Dynamic_njobs100_mode1_L2_norm_flow_time,Dynamic_njobs100_mode2_L2_norm_flow_time,Dynamic_njobs100_mode3_L2_norm_flow_time,Dynamic_njobs100_mode4_L2_norm_flow_time,Dynamic_njobs100_mode5_L2_norm_flow_time,Dynamic_njobs100_mode6_L2_norm_flow_time
36,8.500000,262144,13826073.312038,13750584.189078,13750584.189078,13750584.189078,13750584.189078,13750584.189078
36,9.800000,32768,22753785.604562,22714065.064248,22714065.064248,22714065.064248,22714065.064248,22714065.064248
36,12.400000,4096,39674916.837291,39674916.837291,39674916.837291,39674916.837291,39674916.837291,39674916.837291
36,18.900000,512,78997147.730377,79182139.225155,79182139.225155,79182139.225155,79182139.225155,79182139.225155
36,60.000000,24,111035037.190403,113240058.860963,113240058.860963,113240058.860963,113240058.860963,113240058.860963
36,60.000000,18,114685444.383564,114685444.383564,114685444.383564,114685444.383564,114685444.383564,114685444.383564
36,60.000000,12,112658300.032243,112658300.032243,112658300.032243,112658300.032243,112658300.032243,112658300.032243
36,56.300000,64,114483588.986939,114483588.986939,114483588.986939,114483588.986939,114483588.986939,114483588.986939
