arrival_rate,bp_parameter_L,bp_parameter_H,Dynamic_njobs100_mode1_L2_norm_flow_time,Dynamic_njobs100_mode2_L2_norm_flow_time,Dynamic_njobs100_mode3_L2_norm_flow_time,Dynamic_njobs100_mode4_L2_norm_flow_time,Dynamic_njobs100_mode5_L2_norm_flow_time,Dynamic_njobs100_mode6_L2_norm_flow_time
36,9.800000,32768,2183506.080160,2178610.808985,2178610.808985,2178610.808985,2183506.080160,2178610.808985
36,8.500000,262144,2180434.977156,2180434.977156,2142180.859052,2142180.859052,2142180.859052,2142180.859052
36,12.400000,4096,4772992.530768,4802185.589519,4802185.589519,4802185.589519,4802185.589519,4802185.589519
36,18.900000,512,9904053.910312,9904053.910312,9904053.910312,9904053.910312,9904053.910312,9904053.910312
36,60.000000,18,14115190.267990,14115190.267990,14115190.267990,14115190.267990,14115190.267990,14115190.267990
36,60.000000,24,14272091.917964,14483531.124643,14483531.124643,14483531.124643,14483531.124643,14483531.124643
36,60.000000,12,14441340.143415,14441340.143415,14441340.143415,14441340.143415,14441340.143415,14441340.143415
36,56.300000,64,14052650.654393,14052650.654393,14052650.654393,14052650.654393,14052650.654393,14052650.654393
