arrival_rate,bp_parameter_L,bp_parameter_H,Dynamic_njobs100_mode1_L2_norm_flow_time,Dynamic_njobs100_mode2_L2_norm_flow_time,Dynamic_njobs100_mode3_L2_norm_flow_time,Dynamic_njobs100_mode4_L2_norm_flow_time,Dynamic_njobs100_mode5_L2_norm_flow_time,Dynamic_njobs100_mode6_L2_norm_flow_time
36,8.500000,262144,15294691.676627,15366935.582785,15366935.582785,15366935.582785,15366935.582785,15366935.582785
36,12.400000,4096,42679271.381488,42703936.681461,42703936.681461,42703936.681461,42703936.681461,42703936.681461
36,18.900000,512,79981642.773084,80064406.253695,80013986.959132,80013986.959132,80013986.959132,80013986.959132
36,9.800000,32768,21607365.076459,21620834.944535,21620834.944535,21620834.944535,21620834.944535,21620834.944535
36,60.000000,12,113045048.156823,113045048.156823,113045048.156823,113045048.156823,113045048.156823,113045048.156823
36,60.000000,24,111986562.062311,112141671.008880,112829683.105618,112829683.105618,112829683.105618,112829683.105618
36,60.000000,18,114091552.458349,114091552.458349,114091552.458349,114091552.458349,114091552.458349,114091552.458349
36,56.300000,64,112199840.059249,112199840.059249,112199840.059249,112199840.059249,112199840.059249,112199840.059249
