arrival_rate,bp_parameter_L,bp_parameter_H,Dynamic_njobs100_mode1_L2_norm_flow_time,Dynamic_njobs100_mode2_L2_norm_flow_time,Dynamic_njobs100_mode3_L2_norm_flow_time,Dynamic_njobs100_mode4_L2_norm_flow_time,Dynamic_njobs100_mode5_L2_norm_flow_time,Dynamic_njobs100_mode6_L2_norm_flow_time,Dynamic_njobs100_mode7_L2_norm_flow_time
36,8.500000,262144,15709922.908566,15709922.908566,15709922.908566,15709922.908566,15709922.908566,15709922.908566,15709922.908566
36,12.400000,4096,40684826.293487,40492525.534436,40492525.534436,40492525.534436,40492525.534436,40492525.534436,40492525.534436
36,9.800000,32768,23962190.841962,23685776.308730,23685776.308730,23685776.308730,23685776.308730,23685776.308730,23685776.308730
36,18.900000,512,79703905.393095,79779668.807220,79779668.807220,79779668.807220,79779668.807220,79779668.807220,79779668.807220
36,56.300000,64,112207088.907132,112207088.907132,112207088.907132,112207088.907132,112207088.907132,112207088.907132,112207088.907132
