arrival_rate,bp_parameter_L,bp_parameter_H,Dynamic_njobs100_mode1_L2_norm_flow_time,Dynamic_njobs100_mode2_L2_norm_flow_time,Dynamic_njobs100_mode3_L2_norm_flow_time,Dynamic_njobs100_mode4_L2_norm_flow_time,Dynamic_njobs100_mode5_L2_norm_flow_time,Dynamic_njobs100_mode6_L2_norm_flow_time
36,9.800000,32768,2770895.098782,2770895.098782,2770895.098782,2770895.098782,2770895.098782,2770895.098782
36,12.400000,4096,5083237.405615,5083237.405615,5083237.405615,5083237.405615,5083237.405615,5083237.405615
36,8.500000,262144,1839136.355930,1839136.355930,1839136.355930,1839136.355930,1839136.355930,1839136.355930
36,18.900000,512,9707597.061279,9707597.061279,9707597.061279,9707597.061279,9707597.061279,9707597.061279
36,60.000000,18,13599390.233233,13599390.233233,13599390.233233,13599390.233233,13599390.233233,13599390.233233
36,60.000000,24,14385796.574126,14385796.574126,14385796.574126,14385796.574126,14385796.574126,14385796.574126
36,60.000000,12,14160612.491606,14160612.491606,14160612.491606,14160612.491606,14160612.491606,14160612.491606
36,56.300000,64,14385591.953449,14385591.953449,14385591.953449,14385591.953449,14385591.953449,14385591.953449
