arrival_rate,bp_parameter_L,bp_parameter_H,Dynamic_njobs100_mode1_L2_norm_flow_time,Dynamic_njobs100_mode2_L2_norm_flow_time,Dynamic_njobs100_mode3_L2_norm_flow_time,Dynamic_njobs100_mode4_L2_norm_flow_time,Dynamic_njobs100_mode5_L2_norm_flow_time,Dynamic_njobs100_mode6_L2_norm_flow_time
36,9.800000,32768,2575609.003479,2575609.003479,2575609.003479,2575609.003479,2575609.003479,2575609.003479
36,12.400000,4096,4709723.488694,4695301.727051,4695301.727051,4723057.180316,4723057.180316,4695301.727051
36,8.500000,262144,1767007.066366,1739355.919111,1739355.919111,1739378.967806,1767007.066366,1739355.919111
36,18.900000,512,10061939.963197,10088831.711436,10088831.711436,10088831.711436,10088831.711436,10088831.711436
36,60.000000,24,13747063.782298,13747063.782298,13747063.782298,13747063.782298,13747063.782298,13747063.782298
36,60.000000,18,14598093.978763,14598093.978763,14598093.978763,14598093.978763,14598093.978763,14598093.978763
36,60.000000,12,14118565.972886,14118565.972886,14118565.972886,14118565.972886,14118565.972886,14118565.972886
36,56.300000,64,14417596.276017,14417596.276017,14417596.276017,14417596.276017,14417596.276017,14417596.276017
