arrival_rate,bp_parameter_L,bp_parameter_H,Dynamic_njobs100_mode1_L2_norm_flow_time,Dynamic_njobs100_mode2_L2_norm_flow_time,Dynamic_njobs100_mode3_L2_norm_flow_time,Dynamic_njobs100_mode4_L2_norm_flow_time,Dynamic_njobs100_mode5_L2_norm_flow_time,Dynamic_njobs100_mode6_L2_norm_flow_time,Dynamic_njobs100_mode7_L2_norm_flow_time
36,8.500000,262144,16569004.203334,16554348.127520,16554348.127520,16554348.127520,16554348.127520,16554348.127520,16554348.127520
36,9.800000,32768,23412401.453502,23412401.453502,23412401.453502,23412401.453502,23412401.453502,23412401.453502,23412401.453502
36,12.400000,4096,43003239.634007,42911910.755130,42911910.755130,42911910.755130,42911910.755130,42911910.755130,42911910.755130
36,18.900000,512,78555706.495924,78596031.417473,78596031.417473,78596031.417473,78596031.417473,78596031.417473,78596031.417473
36,56.300000,64,114870296.292688,114870296.292688,114870296.292688,114870296.292688,114870296.292688,114870296.292688,114870296.292688
