arrival_rate,bp_parameter_L,bp_parameter_H,Dynamic_njobs100_mode1_L2_norm_flow_time,Dynamic_njobs100_mode2_L2_norm_flow_time,Dynamic_njobs100_mode3_L2_norm_flow_time,Dynamic_njobs100_mode4_L2_norm_flow_time,Dynamic_njobs100_mode5_L2_norm_flow_time,Dynamic_njobs100_mode6_L2_norm_flow_time
36,8.500000,262144,13751770.977013,13533874.665526,13533874.665526,13533874.665526,13533874.665526,13533874.665526
36,9.800000,32768,23723729.348829,23723729.348829,23723729.348829,23723729.348829,23723729.348829,23723729.348829
36,12.400000,4096,43073544.148420,43116336.669409,43116336.669409,43116336.669409,43116336.669409,43116336.669409
36,18.900000,512,77370418.899414,77290492.379593,77290492.379593,77290492.379593,77290492.379593,77290492.379593
36,60.000000,24,112701090.539728,113716973.827854,113764538.375458,113764538.375458,113764538.375458,113764538.375458
36,60.000000,18,113853900.659231,113853900.659231,113853900.659231,113853900.659231,113853900.659231,113853900.659231
36,60.000000,12,111793008.823766,111793008.823766,111793008.823766,111793008.823766,111793008.823766,111793008.823766
36,56.300000,64,112161239.353887,112161239.353887,112161239.353887,112161239.353887,112161239.353887,112161239.353887
