arrival_rate,bp_parameter_L,bp_parameter_H,Dynamic_njobs100_mode1_L2_norm_flow_time,Dynamic_njobs100_mode2_L2_norm_flow_time,Dynamic_njobs100_mode3_L2_norm_flow_time,Dynamic_njobs100_mode4_L2_norm_flow_time,Dynamic_njobs100_mode5_L2_norm_flow_time,Dynamic_njobs100_mode6_L2_norm_flow_time
38,8.500000,262144,11418552.460743,11285881.247830,11285881.247830,11285881.247830,11285881.247830,11285881.247830
38,9.800000,32768,22318913.400688,21631310.435248,21631310.435248,21631310.435248,21631310.435248,21631310.435248
38,12.400000,4096,37407767.591689,37381804.327069,37010188.285425,37010188.285425,37010188.285425,37010188.285425
38,18.900000,512,74806571.229973,74924060.769306,74994987.415187,74994987.415187,74994987.415187,74994987.415187
38,60.000000,24,104551112.200343,104826981.348782,104826981.348782,104826981.348782,104826981.348782,104826981.348782
38,60.000000,18,103713187.970760,103713187.970760,103713187.970760,103713187.970760,103713187.970760,103713187.970760
38,60.000000,12,103452169.377891,103452169.377891,103452169.377891,103452169.377891,103452169.377891,103452169.377891
38,56.300000,64,104984375.051946,104984375.051946,104984375.051946,104984375.051946,104984375.051946,104984375.051946
