arrival_rate,bp_parameter_L,bp_parameter_H,Dynamic_njobs100_mode1_L2_norm_flow_time,Dynamic_njobs100_mode2_L2_norm_flow_time,Dynamic_njobs100_mode3_L2_norm_flow_time,Dynamic_njobs100_mode4_L2_norm_flow_time,Dynamic_njobs100_mode5_L2_norm_flow_time,Dynamic_njobs100_mode6_L2_norm_flow_time,Dynamic_njobs100_mode7_L2_norm_flow_time
38,9.800000,32768,19636390.223749,19318792.798146,19318792.798146,19318792.798146,19318792.798146,19318792.798146,19318792.798146
38,12.400000,4096,40486896.408482,40112898.592601,40112898.592601,40112898.592601,40285960.456317,40112898.592601,40112898.592601
38,18.900000,512,73256599.207455,73122210.679734,73169537.417644,73169537.417644,73294444.042219,73169537.417644,73169537.417644
38,8.500000,262144,12006513.387514,12154237.636769,12154237.636769,12154237.636769,12154237.636769,12154237.636769,12154237.636769
38,56.300000,64,104172330.795524,104172330.795524,104172330.795524,104172330.795524,104172330.795524,104172330.795524,104172330.795524
