arrival_rate,bp_parameter_L,bp_parameter_H,Dynamic_njobs100_mode1_L2_norm_flow_time,Dynamic_njobs100_mode2_L2_norm_flow_time,Dynamic_njobs100_mode3_L2_norm_flow_time,Dynamic_njobs100_mode4_L2_norm_flow_time,Dynamic_njobs100_mode5_L2_norm_flow_time,Dynamic_njobs100_mode6_L2_norm_flow_time
38,8.500000,262144,10720352.651758,10727993.858510,10727993.858510,10727993.858510,10727993.858510,10727993.858510
38,9.800000,32768,20737943.189628,20581542.034973,20581542.034973,20581542.034973,20581542.034973,20581542.034973
38,12.400000,4096,39523073.762049,39423541.549366,39423541.549366,39423541.549366,39423541.549366,39423541.549366
38,18.900000,512,76715679.601439,76808417.623334,76793348.907139,76793348.907139,76793348.907139,76808417.623334
38,60.000000,24,104707806.215066,105104074.229631,105104074.229631,105104074.229631,105104074.229631,105104074.229631
38,60.000000,18,103545371.260740,103545371.260740,103545371.260740,103545371.260740,103545371.260740,103545371.260740
38,60.000000,12,103019802.024818,103019802.024818,103019802.024818,103019802.024818,103019802.024818,103019802.024818
38,56.300000,64,103302649.034678,103302649.034678,103302649.034678,103302649.034678,103302649.034678,103302649.034678
