arrival_rate,bp_parameter_L,bp_parameter_H,Dynamic_njobs100_mode1_L2_norm_flow_time,Dynamic_njobs100_mode2_L2_norm_flow_time,Dynamic_njobs100_mode3_L2_norm_flow_time,Dynamic_njobs100_mode4_L2_norm_flow_time,Dynamic_njobs100_mode5_L2_norm_flow_time,Dynamic_njobs100_mode6_L2_norm_flow_time
38,9.800000,32768,2688964.642372,2688964.642372,2688964.642372,2688964.642372,2688964.642372,2688964.642372
38,12.400000,4096,4892593.290216,4892593.290216,4892593.290216,4892593.290216,4892593.290216,4892593.290216
38,18.900000,512,9456759.762791,9456759.762791,9456759.762791,9456759.762791,9456759.762791,9456759.762791
38,8.500000,262144,6442737.415763,1441683.690865,1441683.690865,1441683.690865,1441683.690865,1441683.690865
38,60.000000,24,13125381.908386,13125381.908386,13125381.908386,13125381.908386,13125381.908386,13125381.908386
38,60.000000,18,13023020.867787,13023020.867787,13023020.867787,13023020.867787,13023020.867787,13023020.867787
38,60.000000,12,13188284.649754,13188284.649754,13188284.649754,13188284.649754,13188284.649754,13188284.649754
38,56.300000,64,13050511.284023,13050511.284023,13050511.284023,13050511.284023,13050511.284023,13050511.284023
