arrival_rate,bp_parameter_L,bp_parameter_H,Dynamic_njobs100_mode1_L2_norm_flow_time,Dynamic_njobs100_mode2_L2_norm_flow_time,Dynamic_njobs100_mode3_L2_norm_flow_time,Dynamic_njobs100_mode4_L2_norm_flow_time,Dynamic_njobs100_mode5_L2_norm_flow_time,Dynamic_njobs100_mode6_L2_norm_flow_time
38,9.800000,32768,2441148.617566,2441148.617566,2441148.617566,2441148.617566,2441148.617566,2441148.617566
38,12.400000,4096,4586660.235922,4638909.971275,4638909.971275,4638909.971275,4638909.971275,4638909.971275
38,18.900000,512,9017626.484227,9070249.169003,9070249.169003,9070249.169003,9070249.169003,9070249.169003
38,8.500000,262144,4811586.252084,2330704.779804,2330704.779804,2330704.779804,2330704.779804,2330704.779804
38,60.000000,18,12847399.867477,12847399.867477,12847399.867477,12847399.867477,12847399.867477,12847399.867477
38,60.000000,24,12811215.491310,12811215.491310,12811215.491310,12811215.491310,12811215.491310,12811215.491310
38,60.000000,12,12995506.398041,12995506.398041,12995506.398041,12995506.398041,12995506.398041,12995506.398041
38,56.300000,64,12976398.953839,12976398.953839,12976398.953839,12976398.953839,12976398.953839,12976398.953839
