arrival_rate,bp_parameter_L,bp_parameter_H,Dynamic_njobs100_mode1_L2_norm_flow_time,Dynamic_njobs100_mode2_L2_norm_flow_time,Dynamic_njobs100_mode3_L2_norm_flow_time,Dynamic_njobs100_mode4_L2_norm_flow_time,Dynamic_njobs100_mode5_L2_norm_flow_time,Dynamic_njobs100_mode6_L2_norm_flow_time
38,9.800000,32768,3135036.201055,3135036.201055,3135036.201055,3135036.201055,3135036.201055,3135036.201055
38,8.500000,262144,2279018.981029,2279018.981029,2279018.981029,2279018.981029,2279018.981029,2279018.981029
38,12.400000,4096,4884458.731545,4884458.731545,4884458.731545,4884458.731545,4884458.731545,4884458.731545
38,18.900000,512,9426586.542259,9426586.542259,9426586.542259,9426586.542259,9426586.542259,9426586.542259
38,60.000000,24,13131742.019727,13178164.816245,13178164.816245,13178164.816245,13176783.839175,13178164.816245
38,60.000000,18,12786880.581328,12786880.581328,12786880.581328,12786880.581328,12786880.581328,12786880.581328
38,60.000000,12,12934949.461740,12934949.461740,12934949.461740,12934949.461740,12934949.461740,12934949.461740
38,56.300000,64,12941830.488616,12941830.488616,12941830.488616,12941830.488616,12941830.488616,12941830.488616
