arrival_rate,bp_parameter_L,bp_parameter_H,Dynamic_njobs100_mode1_L2_norm_flow_time,Dynamic_njobs100_mode2_L2_norm_flow_time,Dynamic_njobs100_mode3_L2_norm_flow_time,Dynamic_njobs100_mode4_L2_norm_flow_time,Dynamic_njobs100_mode5_L2_norm_flow_time,Dynamic_njobs100_mode6_L2_norm_flow_time
38,9.800000,32768,2224732.861158,2224732.861158,2224732.861158,2224732.861158,2224732.861158,2224732.861158
38,12.400000,4096,4966936.468636,4966936.468636,4966936.468636,4966936.468636,4966936.468636,4966936.468636
38,8.500000,262144,1791866.555776,1791866.555776,1791866.555776,1791866.555776,1791866.555776,1791866.555776
38,18.900000,512,9321439.011221,9390426.060598,9390426.060598,9390426.060598,9390426.060598,9390426.060598
38,60.000000,24,13101166.029477,13165671.941871,13165671.941871,13165671.941871,13165671.941871,13165671.941871
38,60.000000,18,13162771.851425,13162771.851425,13162771.851425,13162771.851425,13162771.851425,13162771.851425
38,60.000000,12,13211941.265857,13211941.265857,13211941.265857,13211941.265857,13211941.265857,13211941.265857
38,56.300000,64,13015297.119164,13015297.119164,13015297.119164,13015297.119164,13015297.119164,13015297.119164
