arrival_rate,bp_parameter_L,bp_parameter_H,Dynamic_njobs100_mode1_L2_norm_flow_time,Dynamic_njobs100_mode2_L2_norm_flow_time,Dynamic_njobs100_mode3_L2_norm_flow_time,Dynamic_njobs100_mode4_L2_norm_flow_time,Dynamic_njobs100_mode5_L2_norm_flow_time,Dynamic_njobs100_mode6_L2_norm_flow_time
38,8.500000,262144,1577250.754277,1577250.754277,1577250.754277,1577250.754277,1577250.754277,1577250.754277
38,9.800000,32768,2842974.202156,2842974.202156,2842974.202156,2842974.202156,2842974.202156,2842974.202156
38,12.400000,4096,4525489.037265,4359111.526172,4359111.526172,4359111.526172,4459074.738480,4359111.526172
38,18.900000,512,9477636.019615,9477636.019615,9477636.019615,9477636.019615,9477636.019615,9477636.019615
38,60.000000,18,12556822.884150,12556822.884150,12556822.884150,12556822.884150,12556822.884150,12556822.884150
38,60.000000,24,12549444.642752,12648928.225410,12648928.225410,12648928.225410,12648928.225410,12648928.225410
38,60.000000,12,13232812.469583,13232812.469583,13232812.469583,13232812.469583,13232812.469583,13232812.469583
38,56.300000,64,13215646.185496,13215646.185496,13215646.185496,13215646.185496,13215646.185496,13215646.185496
