arrival_rate,bp_parameter_L,bp_parameter_H,Dynamic_njobs100_mode1_L2_norm_flow_time,Dynamic_njobs100_mode2_L2_norm_flow_time,Dynamic_njobs100_mode3_L2_norm_flow_time,Dynamic_njobs100_mode4_L2_norm_flow_time,Dynamic_njobs100_mode5_L2_norm_flow_time,Dynamic_njobs100_mode6_L2_norm_flow_time
40,8.500000,262144,1279257.793256,1279257.793256,1279257.793256,1279257.793256,1279257.793256,1279257.793256
40,12.400000,4096,3700361.028776,3750161.573663,3739537.686586,3739537.686586,3739537.686586,3739537.686586
40,9.800000,32768,2396516.775339,2396516.775339,2396516.775339,2396516.775339,2396516.775339,2396516.775339
40,18.900000,512,8489734.598772,8532405.320686,8586097.865736,8586097.865736,8586097.865736,8586097.865736
40,60.000000,24,12424148.760717,12424148.760717,12424148.760717,12424148.760717,12424148.760717,12424148.760717
40,60.000000,18,11868549.851390,11868549.851390,11868549.851390,11868549.851390,11868549.851390,11868549.851390
40,60.000000,12,12203630.198207,12203630.198207,12203630.198207,12203630.198207,12203630.198207,12203630.198207
40,56.300000,64,11990667.672070,11990667.672070,11990667.672070,11990667.672070,11990667.672070,11990667.672070
