arrival_rate,bp_parameter_L,bp_parameter_H,Dynamic_njobs100_mode1_L2_norm_flow_time,Dynamic_njobs100_mode2_L2_norm_flow_time,Dynamic_njobs100_mode3_L2_norm_flow_time,Dynamic_njobs100_mode4_L2_norm_flow_time,Dynamic_njobs100_mode5_L2_norm_flow_time,Dynamic_njobs100_mode6_L2_norm_flow_time
40,8.500000,262144,1430798.420214,1270104.554533,1270104.554533,1270104.554533,1270104.554533,1270104.554533
40,12.400000,4096,3887785.953386,3907774.054865,3907774.054865,3907774.054865,3907774.054865,3907774.054865
40,9.800000,32768,1991605.257390,1991605.257390,1991605.257390,1991605.257390,1991605.257390,1991605.257390
40,18.900000,512,8766281.662919,8766281.662919,8766281.662919,8766281.662919,8766281.662919,8766281.662919
40,60.000000,18,11939430.379724,11939430.379724,11939430.379724,11939430.379724,11939430.379724,11939430.379724
40,60.000000,24,11290596.038145,11374926.202256,11374926.202256,11374926.202256,11374926.202256,11374926.202256
40,60.000000,12,11711377.741636,11711377.741636,11711377.741636,11711377.741636,11711377.741636,11711377.741636
40,56.300000,64,11992420.016953,11992420.016953,11992420.016953,11992420.016953,11992420.016953,11992420.016953
