arrival_rate,bp_parameter_L,bp_parameter_H,Dynamic_njobs100_mode1_L2_norm_flow_time,Dynamic_njobs100_mode2_L2_norm_flow_time,Dynamic_njobs100_mode3_L2_norm_flow_time,Dynamic_njobs100_mode4_L2_norm_flow_time,Dynamic_njobs100_mode5_L2_norm_flow_time,Dynamic_njobs100_mode6_L2_norm_flow_time
40,9.800000,32768,15769240.391321,15769240.391321,15769240.391321,15769240.391321,15769240.391321,15769240.391321
40,8.500000,262144,10440838.244045,10457112.134186,10457112.134186,10457112.134186,10457112.134186,10457112.134186
40,12.400000,4096,33425324.206816,33425324.206816,33425324.206816,33425324.206816,33425324.206816,33425324.206816
40,18.900000,512,69916275.146468,70226627.778402,70355681.712703,70355681.712703,70355681.712703,70355681.712703
40,60.000000,24,93461189.638264,93794632.661874,93794632.661874,93794632.661874,93794632.661874,93794632.661874
40,60.000000,18,95743935.661506,95743935.661506,95743935.661506,95743935.661506,95743935.661506,95743935.661506
40,60.000000,12,93665893.560914,93665893.560914,93665893.560914,93665893.560914,93665893.560914,93665893.560914
40,56.300000,64,93993819.385564,93993819.385564,93993819.385564,93993819.385564,93993819.385564,93993819.385564
