arrival_rate,bp_parameter_L,bp_parameter_H,Dynamic_njobs100_mode1_L2_norm_flow_time,Dynamic_njobs100_mode2_L2_norm_flow_time,Dynamic_njobs100_mode3_L2_norm_flow_time,Dynamic_njobs100_mode4_L2_norm_flow_time,Dynamic_njobs100_mode5_L2_norm_flow_time,Dynamic_njobs100_mode6_L2_norm_flow_time
40,8.500000,262144,1047932.937974,1047932.937974,1047932.937974,1047932.937974,1047932.937974,1047932.937974
40,9.800000,32768,2031123.096619,2006671.538120,2006671.538120,2006671.538120,2006671.538120,2006671.538120
40,12.400000,4096,4024346.352840,4024346.352840,4024346.352840,4024346.352840,4024346.352840,4024346.352840
40,18.900000,512,8853014.981445,8882853.972174,8882853.972174,8882853.972174,8882853.972174,8882853.972174
40,60.000000,24,11396850.294979,11396850.294979,11396850.294979,11396850.294979,11396850.294979,11396850.294979
40,60.000000,18,11521325.692613,11521325.692613,11521325.692613,11521325.692613,11521325.692613,11521325.692613
40,60.000000,12,11320853.101573,11320853.101573,11320853.101573,11320853.101573,11320853.101573,11320853.101573
40,56.300000,64,12036097.773568,12036097.773568,12036097.773568,12036097.773568,12036097.773568,12036097.773568
