arrival_rate,bp_parameter_L,bp_parameter_H,Dynamic_njobs100_mode1_L2_norm_flow_time,Dynamic_njobs100_mode2_L2_norm_flow_time,Dynamic_njobs100_mode3_L2_norm_flow_time,Dynamic_njobs100_mode4_L2_norm_flow_time,Dynamic_njobs100_mode5_L2_norm_flow_time,Dynamic_njobs100_mode6_L2_norm_flow_time
40,9.800000,32768,2622287.348245,2622287.348245,2622287.348245,2622287.348245,2622287.348245,2622287.348245
40,12.400000,4096,4046054.991318,4046054.991318,4046054.991318,4046054.991318,4046054.991318,4046054.991318
40,18.900000,512,8281497.582729,8281497.582729,8281497.582729,8281497.582729,8281497.582729,8281497.582729
40,8.500000,262144,1451024.565715,1451024.565715,1451024.565715,1451024.565715,1451024.565715,1451024.565715
40,60.000000,24,12073776.761258,12148024.625788,12148024.625788,12148024.625788,12148024.625788,12148024.625788
40,60.000000,18,11699548.399780,11699548.399780,11699548.399780,11699548.399780,11699548.399780,11699548.399780
40,60.000000,12,11589757.194708,11589757.194708,11589757.194708,11589757.194708,11589757.194708,11589757.194708
40,56.300000,64,11725333.260813,11725333.260813,11725333.260813,11725333.260813,11725333.260813,11725333.260813
