arrival_rate,bp_parameter_L,bp_parameter_H,Dynamic_njobs100_mode1_L2_norm_flow_time,Dynamic_njobs100_mode2_L2_norm_flow_time,Dynamic_njobs100_mode3_L2_norm_flow_time,Dynamic_njobs100_mode4_L2_norm_flow_time,Dynamic_njobs100_mode5_L2_norm_flow_time,Dynamic_njobs100_mode6_L2_norm_flow_time
40,9.800000,32768,2629802.989722,2571482.478165,2571482.478165,2571482.478165,2571482.478165,2571482.478165
40,8.500000,262144,1703595.813130,1668591.407712,1668591.407712,1668591.407712,1668591.407712,1668591.407712
40,12.400000,4096,3884324.686462,3884324.686462,3884324.686462,3884324.686462,3884324.686462,3884324.686462
40,18.900000,512,8497706.079562,8480740.748480,8480740.748480,8480740.748480,8480740.748480,8480740.748480
40,60.000000,24,11813436.652204,11813436.652204,11813436.652204,11813436.652204,11813436.652204,11813436.652204
40,60.000000,18,12043846.533372,12043846.533372,12043846.533372,12043846.533372,12043846.533372,12043846.533372
40,60.000000,12,11820511.263335,11820511.263335,11820511.263335,11820511.263335,11820511.263335,11820511.263335
40,56.300000,64,12300691.032989,12300691.032989,12300691.032989,12300691.032989,12300691.032989,12300691.032989
