arrival_rate,bp_parameter_L,bp_parameter_H,Dynamic_njobs100_mode1_L2_norm_flow_time,Dynamic_njobs100_mode2_L2_norm_flow_time,Dynamic_njobs100_mode3_L2_norm_flow_time,Dynamic_njobs100_mode4_L2_norm_flow_time,Dynamic_njobs100_mode5_L2_norm_flow_time,Dynamic_njobs100_mode6_L2_norm_flow_time
40,8.500000,262144,1194503.199485,1194503.199485,1194503.199485,1194503.199485,1194503.199485,1194503.199485
40,12.400000,4096,4329576.168908,4329576.168908,4329576.168908,4329576.168908,4329576.168908,4329576.168908
40,18.900000,512,8680541.247864,8744312.775813,8744312.775813,8744312.775813,8744312.775813,8744312.775813
40,9.800000,32768,3412167.139559,2543736.072137,2543736.072137,2792993.867854,3365928.841956,2543736.072137
40,60.000000,24,12023053.617270,12023053.617270,12023053.617270,12023053.617270,12023053.617270,12023053.617270
40,60.000000,18,12027697.069405,12027697.069405,12027697.069405,12027697.069405,12027697.069405,12027697.069405
40,60.000000,12,11901352.226945,11901352.226945,11901352.226945,11901352.226945,11901352.226945,11901352.226945
40,56.300000,64,11407867.919917,11407867.919917,11407867.919917,11407867.919917,11407867.919917,11407867.919917
