arrival_rate,bp_parameter_L,bp_parameter_H,Dynamic_njobs100_mode1_L2_norm_flow_time,Dynamic_njobs100_mode2_L2_norm_flow_time,Dynamic_njobs100_mode3_L2_norm_flow_time,Dynamic_njobs100_mode4_L2_norm_flow_time,Dynamic_njobs100_mode5_L2_norm_flow_time,Dynamic_njobs100_mode6_L2_norm_flow_time
40,12.400000,4096,32158719.879968,32220196.101909,32220196.101909,32220196.101909,32220196.101909,32220196.101909
40,8.500000,262144,11610288.336083,11445259.546494,11445259.546494,11445259.546494,11445259.546494,11445259.546494
40,9.800000,32768,18253246.584267,17659146.113571,17659146.113571,17659146.113571,17659146.113571,17659146.113571
40,18.900000,512,70139237.624755,70404625.517308,70404625.517308,70404625.517308,70404625.517308,70404625.517308
40,60.000000,24,95257140.350996,95257140.350996,95257140.350996,95257140.350996,95257140.350996,95257140.350996
40,60.000000,18,94180338.570501,94180338.570501,94180338.570501,94180338.570501,94180338.570501,94180338.570501
40,60.000000,12,93148356.058668,93148356.058668,93148356.058668,93148356.058668,93148356.058668,93148356.058668
40,56.300000,64,93240964.480216,93240964.480216,93240964.480216,93240964.480216,93240964.480216,93240964.480216
