arrival_rate,bp_parameter_L,bp_parameter_H,Dynamic_njobs100_mode1_L2_norm_flow_time,Dynamic_njobs100_mode2_L2_norm_flow_time,Dynamic_njobs100_mode3_L2_norm_flow_time,Dynamic_njobs100_mode4_L2_norm_flow_time,Dynamic_njobs100_mode5_L2_norm_flow_time,Dynamic_njobs100_mode6_L2_norm_flow_time
40,9.800000,32768,2010281.046421,2010281.046421,2010281.046421,2010281.046421,2010281.046421,2010281.046421
40,12.400000,4096,4686383.560174,4699761.213293,4699761.213293,4699761.213293,4699761.213293,4699761.213293
40,8.500000,262144,1549482.566583,1549482.566583,1549482.566583,1549482.566583,1549482.566583,1549482.566583
40,18.900000,512,8159959.682214,8201082.636318,8201082.636318,8203742.090415,8203742.090415,8201082.636318
40,60.000000,24,11851875.742979,11851875.742979,11851875.742979,11851875.742979,11851875.742979,11851875.742979
40,60.000000,18,11881613.392374,11881613.392374,11881613.392374,11881613.392374,11881613.392374,11881613.392374
40,60.000000,12,11572171.894638,11572171.894638,11572171.894638,11572171.894638,11572171.894638,11572171.894638
40,56.300000,64,11489036.051941,11489036.051941,11489036.051941,11489036.051941,11489036.051941,11489036.051941
