arrival_rate,Rdynamic/RR_ratio,Rdynamic/SRPT_ratio,Dynamic/SRPT_ratio,Rdynamic/SETF_ratio,Rdynamic/FCFS_ratio,Rdynamic/RMLF_ratio,Rdynamic/Dynamic_ratio
20,0.3089241252016197,2.239281046002195,1.065463890287829,0.848090373161991,0.4116724598411494,1.3330329017560416,2.1016958588782075
22,0.6013956202362176,2.856130685981056,2.0160273973669702,1.1790088340534577,1.003563753654361,1.7212200451869866,1.416712237994038
24,0.5893860844525187,1.7730690034518202,1.0627361729656022,0.9178176287122314,1.0051129918766946,1.0566915944945956,1.6683999741008249
26,0.4536578918989736,2.6949570883644536,1.0,1.0323810709901131,0.691867626602795,1.6307218027631452,2.6949570883644536
28,0.3515209056114277,2.122507878947389,1.0,0.9509496122566293,0.5691127263813537,1.273442788652305,2.122507878947389
