arrival_rate,bp_parameter_L,bp_parameter_H,Dynamic_njobs100_mode1_L2_norm_flow_time,Dynamic_njobs100_mode2_L2_norm_flow_time,Dynamic_njobs100_mode3_L2_norm_flow_time,Dynamic_njobs100_mode4_L2_norm_flow_time,Dynamic_njobs100_mode5_L2_norm_flow_time,Dynamic_njobs100_mode6_L2_norm_flow_time
20,4.073000,262144,4520879.519096,4542405.574131,4542405.574131,4542405.574131,4542405.574131,4542405.574131
20,5.649000,4096,14738364.438947,14738364.438947,14738364.438947,14738364.438947,14738364.438947,14738364.438947
20,4.639000,32768,7692353.322130,7615831.083288,7615831.083288,7615831.083288,7615831.083288,7615831.083288
20,7.918000,512,28500689.139215,28468610.112648,28468610.112648,28468610.112648,28468610.112648,28468610.112648
20,16.772000,64,48579848.708234,48641653.706119,48652061.606099,48652061.606099,48652061.606099,48652061.606099
20,30.000000,9,48398849.126084,48398849.126084,48398849.126084,48398849.126084,48398849.126084,48398849.126084
20,30.000000,6,47864758.695349,47864758.695349,47864758.695349,47864758.695349,47864758.695349,47864758.695349
20,30.000000,12,47424756.606016,47740558.868131,47740558.868131,47740558.868131,47740558.868131,47740558.868131
