arrival_rate,bp_parameter_L,bp_parameter_H,Dynamic_njobs100_mode1_L2_norm_flow_time,Dynamic_njobs100_mode2_L2_norm_flow_time,Dynamic_njobs100_mode3_L2_norm_flow_time,Dynamic_njobs100_mode4_L2_norm_flow_time,Dynamic_njobs100_mode5_L2_norm_flow_time,Dynamic_njobs100_mode6_L2_norm_flow_time
20,4.639000,32768,822495.711693,822495.711693,822495.711693,822495.711693,822495.711693,822495.711693
20,5.649000,4096,1696284.972159,1691961.984654,1691961.984654,1691961.984654,1691961.984654,1691961.984654
20,4.073000,262144,696192.557151,696192.557151,696192.557151,696192.557151,696192.557151,696192.557151
20,7.918000,512,3538543.117825,3538543.117825,3538543.117825,3538543.117825,3538543.117825,3538543.117825
20,16.772000,64,6177092.045112,6188673.951464,6188673.951464,6188673.951464,6188673.951464,6188673.951464
20,30.000000,9,6045965.069095,6045965.069095,6045965.069095,6045965.069095,6045965.069095,6045965.069095
20,30.000000,6,6271644.672142,6271644.672142,6271644.672142,6271644.672142,6271644.672142,6271644.672142
20,30.000000,12,6119542.984426,6119542.984426,6119542.984426,6119542.984426,6119542.984426,6119542.984426
