arrival_rate,bp_parameter_L,bp_parameter_H,Dynamic_njobs100_mode1_L2_norm_flow_time,Dynamic_njobs100_mode2_L2_norm_flow_time,Dynamic_njobs100_mode3_L2_norm_flow_time,Dynamic_njobs100_mode4_L2_norm_flow_time,Dynamic_njobs100_mode5_L2_norm_flow_time,Dynamic_njobs100_mode6_L2_norm_flow_time
20,4.073000,262144,416719.301899,418827.954814,418827.954814,418827.954814,418827.954814,418827.954814
20,4.639000,32768,987055.875092,985371.605719,922405.674328,922405.674328,922405.674328,922405.674328
20,5.649000,4096,1871618.308207,1871618.308207,1871618.308207,1871618.308207,1871618.308207,1871618.308207
20,7.918000,512,3555914.702001,3574080.222661,3574080.222661,3574080.222661,3574080.222661,3574080.222661
20,16.772000,64,5951600.891172,5967606.250602,5967606.250602,5967606.250602,5967606.250602,5967606.250602
20,30.000000,12,6094643.657157,6094643.657157,6094643.657157,6094643.657157,6094643.657157,6094643.657157
20,30.000000,9,5912968.650795,5912968.650795,5912968.650795,5912968.650795,5912968.650795,5912968.650795
20,30.000000,6,6233494.449308,6233494.449308,6233494.449308,6233494.449308,6233494.449308,6233494.449308
