arrival_rate,bp_parameter_L,bp_parameter_H,Dynamic_njobs100_mode1_L2_norm_flow_time,Dynamic_njobs100_mode2_L2_norm_flow_time,Dynamic_njobs100_mode3_L2_norm_flow_time,Dynamic_njobs100_mode4_L2_norm_flow_time,Dynamic_njobs100_mode5_L2_norm_flow_time,Dynamic_njobs100_mode6_L2_norm_flow_time,Dynamic_njobs100_mode7_L2_norm_flow_time
20,4.073000,262144,4131683.084725,4131683.084725,4131683.084725,4131683.084725,4131683.084725,4131683.084725,4131683.084725
20,5.649000,4096,14261273.601546,14261273.601546,14261273.601546,14261273.601546,14261273.601546,14261273.601546,14261273.601546
20,4.639000,32768,7801321.084009,7801321.084009,7801321.084009,7801321.084009,7801321.084009,7801321.084009,7801321.084009
20,7.918000,512,27768692.475467,27831951.844746,27831951.844746,27831951.844746,27831951.844746,27831951.844746,27831951.844746
20,16.772000,64,46564401.457564,48238532.429560,48238532.429560,48238525.976780,48238525.976780,48238532.429560,48238532.429560
