arrival_rate,bp_parameter_L,bp_parameter_H,Dynamic_njobs100_mode1_L2_norm_flow_time,Dynamic_njobs100_mode2_L2_norm_flow_time,Dynamic_njobs100_mode3_L2_norm_flow_time,Dynamic_njobs100_mode4_L2_norm_flow_time,Dynamic_njobs100_mode5_L2_norm_flow_time,Dynamic_njobs100_mode6_L2_norm_flow_time
20,4.073000,262144,3766915.517056,3766915.517056,3766915.517056,3766915.517056,3766915.517056,3766915.517056
20,4.639000,32768,8540913.094063,7745330.593491,7745330.593491,7745330.593491,7745330.593491,7745330.593491
20,7.918000,512,27460669.758597,27516036.609329,27516036.609329,27516036.609329,27516036.609329,27516036.609329
20,5.649000,4096,14486982.890706,14492912.846746,14492912.846746,14492912.846746,14492912.846746,14492912.846746
20,16.772000,64,48660391.413567,48703780.884267,48703780.884267,48703780.884267,48703780.884267,48703780.884267
20,30.000000,6,49037000.346380,49037000.346380,49037000.346380,49037000.346380,49037000.346380,49037000.346380
20,30.000000,12,48471749.544341,48474274.466836,48474274.466836,48474274.466836,48474274.466836,48474274.466836
20,30.000000,9,49671555.460526,49671555.460526,49671555.460526,49671555.460526,49671555.460526,49671555.460526
