arrival_rate,bp_parameter_L,bp_parameter_H,Dynamic_njobs100_mode1_L2_norm_flow_time,Dynamic_njobs100_mode2_L2_norm_flow_time,Dynamic_njobs100_mode3_L2_norm_flow_time,Dynamic_njobs100_mode4_L2_norm_flow_time,Dynamic_njobs100_mode5_L2_norm_flow_time,Dynamic_njobs100_mode6_L2_norm_flow_time,Dynamic_njobs100_mode7_L2_norm_flow_time
20,4.639000,32768,8144274.838444,8144274.838444,8144274.838444,8144274.838444,8144274.838444,8144274.838444,8144274.838444
20,5.649000,4096,14042389.549438,14068608.686869,14068608.686869,14068608.686869,14068608.686869,14068608.686869,14068608.686869
20,7.918000,512,28730109.233944,28852967.990663,28705327.564203,28705327.564203,28705327.564203,28705327.564203,28705327.564203
20,4.073000,262144,5233857.310017,5224726.569050,5224726.569050,5224726.569050,5224726.569050,5224726.569050,5224726.569050
20,16.772000,64,47947676.130687,47983559.000458,47983559.000458,47983559.000458,47983559.000458,47983559.000458,47983559.000458
