arrival_rate,bp_parameter_L,bp_parameter_H,Dynamic_njobs100_mode1_L2_norm_flow_time,Dynamic_njobs100_mode2_L2_norm_flow_time,Dynamic_njobs100_mode3_L2_norm_flow_time,Dynamic_njobs100_mode4_L2_norm_flow_time,Dynamic_njobs100_mode5_L2_norm_flow_time,Dynamic_njobs100_mode6_L2_norm_flow_time,Dynamic_njobs100_mode7_L2_norm_flow_time
20,5.649000,4096,14918732.900504,14607828.080473,14607828.080473,14607828.080473,14607828.080473,14607828.080473,14607828.080473
20,4.639000,32768,8568343.827185,8568343.827185,8568343.827185,8568343.827185,8568343.827185,8568343.827185,8568343.827185
20,7.918000,512,28875014.188272,28988135.274576,28988135.274576,28988135.274576,28988135.274576,28988135.274576,28988135.274576
20,4.073000,262144,17701268.484616,6164886.706293,6164886.706293,6164886.706293,6164886.706293,6164886.706293,6164886.706293
20,16.772000,64,48469340.920168,48544687.455931,48544687.455931,48544687.455931,48544687.455931,48544687.455931,48544687.455931
