arrival_rate,bp_parameter_L,bp_parameter_H,Dynamic_njobs100_mode1_L2_norm_flow_time,Dynamic_njobs100_mode2_L2_norm_flow_time,Dynamic_njobs100_mode3_L2_norm_flow_time,Dynamic_njobs100_mode4_L2_norm_flow_time,Dynamic_njobs100_mode5_L2_norm_flow_time,Dynamic_njobs100_mode6_L2_norm_flow_time,Dynamic_njobs100_mode7_L2_norm_flow_time
20,4.639000,32768,7437731.617318,7437731.617318,7437731.617318,7437731.617318,7437731.617318,7437731.617318,7437731.617318
20,5.649000,4096,14017598.926535,13827071.887405,13827071.887405,13827071.887405,13827071.887405,13827071.887405,13827071.887405
20,4.073000,262144,5071723.734787,5071723.734787,5071723.734787,5071723.734787,5071723.734787,5071723.734787,5071723.734787
20,7.918000,512,27874159.256207,27986468.750551,27986468.750551,27986468.750551,27986468.750551,27986468.750551,27986468.750551
20,16.772000,64,48271759.791023,48349658.463672,48349658.463672,48349658.463672,48349658.463672,48349658.463672,48349658.463672
