arrival_rate,bp_parameter_L,bp_parameter_H,Dynamic_njobs100_mode1_L2_norm_flow_time,Dynamic_njobs100_mode2_L2_norm_flow_time,Dynamic_njobs100_mode3_L2_norm_flow_time,Dynamic_njobs100_mode4_L2_norm_flow_time,Dynamic_njobs100_mode5_L2_norm_flow_time,Dynamic_njobs100_mode6_L2_norm_flow_time
20,4.639000,32768,867511.456943,867511.456943,867511.456943,867511.456943,867511.456943,867511.456943
20,5.649000,4096,1882943.208638,1842588.427705,1842588.427705,1842588.427705,1858584.833913,1842588.427705
20,7.918000,512,3420746.153919,3420746.153919,3420746.153919,3420746.153919,3420746.153919,3420746.153919
20,4.073000,262144,906567.287347,906567.287347,906567.287347,906567.287347,906567.287347,906567.287347
20,16.772000,64,6006981.525484,6011220.872879,6011220.872879,6011220.872879,6011220.872879,6011220.872879
20,30.000000,12,6103275.576836,6103275.576836,6103275.576836,6103275.576836,6103275.576836,6103275.576836
20,30.000000,9,6021104.558730,6021104.558730,6021104.558730,6021104.558730,6021104.558730,6021104.558730
20,30.000000,6,5991698.187622,5991698.187622,5991698.187622,5991698.187622,5991698.187622,5991698.187622
