arrival_rate,bp_parameter_L,bp_parameter_H,Dynamic_njobs100_mode1_L2_norm_flow_time,Dynamic_njobs100_mode2_L2_norm_flow_time,Dynamic_njobs100_mode3_L2_norm_flow_time,Dynamic_njobs100_mode4_L2_norm_flow_time,Dynamic_njobs100_mode5_L2_norm_flow_time,Dynamic_njobs100_mode6_L2_norm_flow_time
22,4.073000,262144,87164.635013,87164.635013,87164.635013,87164.635013,87164.635013,87164.635013
22,4.639000,32768,397220.158885,397220.158885,397220.158885,397220.158885,397220.158885,397220.158885
22,5.649000,4096,1567437.145549,1518884.264842,1518884.264842,1518884.264842,1518884.264842,1518884.264842
22,7.918000,512,2773852.551139,2783305.579556,2783305.579556,2783305.579556,2783305.579556,2783305.579556
22,16.772000,64,4658731.379831,4658731.379831,4658731.379831,4658731.379831,4658731.379831,4658731.379831
22,30.000000,12,4858027.467015,4858027.467015,4858027.467015,4858027.467015,4858027.467015,4858027.467015
22,30.000000,9,4661631.244595,4661631.244595,4661631.244595,4661631.244595,4661631.244595,4661631.244595
22,30.000000,6,5031797.601433,5031797.601433,5031797.601433,5031797.601433,5031797.601433,5031797.601433
