arrival_rate,bp_parameter_L,bp_parameter_H,Dynamic_njobs100_mode1_L2_norm_flow_time,Dynamic_njobs100_mode2_L2_norm_flow_time,Dynamic_njobs100_mode3_L2_norm_flow_time,Dynamic_njobs100_mode4_L2_norm_flow_time,Dynamic_njobs100_mode5_L2_norm_flow_time,Dynamic_njobs100_mode6_L2_norm_flow_time
22,4.639000,32768,707210.723264,716416.700815,716416.700815,716416.700815,716416.700815,716416.700815
22,5.649000,4096,1298414.841237,1301973.818584,1301973.818584,1301973.818584,1301973.818584,1301973.818584
22,4.073000,262144,793196.739529,793196.739529,793196.739529,793196.739529,793196.739529,793196.739529
22,7.918000,512,3251050.754208,3251050.754208,3251050.754208,3251050.754208,3251050.754208,3251050.754208
22,16.772000,64,5004203.599875,5004203.599875,5004203.599875,5004203.599875,5004203.599875,5004203.599875
22,30.000000,12,5065393.456374,5065393.456374,5065393.456374,5065393.456374,5065393.456374,5065393.456374
22,30.000000,6,5024094.456106,5024094.456106,5024094.456106,5024094.456106,5024094.456106,5024094.456106
22,30.000000,9,4878514.071375,4878514.071375,4878514.071375,4878514.071375,4878514.071375,4878514.071375
