arrival_rate,bp_parameter_L,bp_parameter_H,Dynamic_njobs100_mode1_L2_norm_flow_time,Dynamic_njobs100_mode2_L2_norm_flow_time,Dynamic_njobs100_mode3_L2_norm_flow_time,Dynamic_njobs100_mode4_L2_norm_flow_time,Dynamic_njobs100_mode5_L2_norm_flow_time,Dynamic_njobs100_mode6_L2_norm_flow_time,Dynamic_njobs100_mode7_L2_norm_flow_time
22,4.639000,32768,5805815.466780,5805815.466780,5805815.466780,5805815.466780,5805815.466780,5805815.466780,5805815.466780
22,5.649000,4096,11737309.699966,11740699.816813,11740626.480181,11740626.480181,11740626.480181,11740626.480181,11740626.480181
22,7.918000,512,23066371.921778,23251884.813892,23279614.644593,23279614.644593,23279614.644593,23279614.644593,23279614.644593
22,4.073000,262144,4062349.241796,4062349.241796,4062349.241796,4062349.241796,4062349.241796,4062349.241796,4062349.241796
22,16.772000,64,38758454.649257,38758454.649257,38758454.649257,38758454.649257,38758454.649257,38758454.649257,38758454.649257
