arrival_rate,bp_parameter_L,bp_parameter_H,Dynamic_njobs100_mode1_L2_norm_flow_time,Dynamic_njobs100_mode2_L2_norm_flow_time,Dynamic_njobs100_mode3_L2_norm_flow_time,Dynamic_njobs100_mode4_L2_norm_flow_time,Dynamic_njobs100_mode5_L2_norm_flow_time,Dynamic_njobs100_mode6_L2_norm_flow_time
22,4.073000,262144,2976050.890418,2977806.697745,2977806.697745,2977806.697745,2977806.697745,2977806.697745
22,5.649000,4096,11105365.749645,10990379.865100,10990379.865100,10990379.865100,10990379.865100,10990379.865100
22,4.639000,32768,5467980.814492,5467980.814492,5467980.814492,5467980.814492,5467980.814492,5467980.814492
22,7.918000,512,23530107.682238,23737008.761638,23824677.703023,23824677.703023,23824677.703023,23824677.703023
22,16.772000,64,40137384.254887,40146264.800300,40146264.800300,40146264.800300,40146264.800300,40146264.800300
22,30.000000,6,39348110.730289,39348110.730289,39348110.730289,39348110.730289,39348110.730289,39348110.730289
22,30.000000,9,40097823.551483,40097823.551483,40097823.551483,40097823.551483,40097823.551483,40097823.551483
22,30.000000,12,39964367.772202,39964367.772202,39964367.772202,39964367.772202,39964367.772202,39964367.772202
