arrival_rate,bp_parameter_L,bp_parameter_H,Dynamic_njobs100_mode1_L2_norm_flow_time,Dynamic_njobs100_mode2_L2_norm_flow_time,Dynamic_njobs100_mode3_L2_norm_flow_time,Dynamic_njobs100_mode4_L2_norm_flow_time,Dynamic_njobs100_mode5_L2_norm_flow_time,Dynamic_njobs100_mode6_L2_norm_flow_time,Dynamic_njobs100_mode7_L2_norm_flow_time
22,4.073000,262144,2781736.621215,2781736.621215,2781736.621215,2781736.621215,2781736.621215,2781736.621215,2781736.621215
22,4.639000,32768,5486928.609238,5379011.719845,5379011.719845,5379011.719845,5379011.719845,5379011.719845,5379011.719845
22,5.649000,4096,11178990.945513,11131640.062451,11131640.062451,11131640.062451,11131640.062451,11131640.062451,11131640.062451
22,7.918000,512,22899941.828195,22898078.538519,22930939.462389,22879964.435062,22879964.435062,22879964.435062,22879964.435062
22,16.772000,64,39172545.055907,39195520.845220,39195520.845220,39195520.845220,39195520.845220,39195520.845220,39195520.845220
