arrival_rate,bp_parameter_L,bp_parameter_H,Dynamic_njobs100_mode1_L2_norm_flow_time,Dynamic_njobs100_mode2_L2_norm_flow_time,Dynamic_njobs100_mode3_L2_norm_flow_time,Dynamic_njobs100_mode4_L2_norm_flow_time,Dynamic_njobs100_mode5_L2_norm_flow_time,Dynamic_njobs100_mode6_L2_norm_flow_time
22,5.649000,4096,10681000.622664,10682622.071867,10682622.071867,10682622.071867,10682622.071867,10682622.071867
22,4.639000,32768,6516409.634752,6524291.468901,6524291.468901,6524291.468901,6524291.468901,6524291.468901
22,16.772000,64,38849983.003473,38856848.382717,38856848.382717,38856848.382717,38856848.382717,38856848.382717
22,4.073000,262144,3716411.184552,3684218.265721,3684218.265721,3684218.265721,3684218.265721,3684218.265721
22,7.918000,512,23693612.179366,23890566.551586,23935527.797283,23935527.797283,23935527.797283,23935527.797283
22,30.000000,6,39817255.293648,39817255.293648,39817255.293648,39817255.293648,39817255.293648,39817255.293648
22,30.000000,12,38468401.210808,38468401.210808,38468401.210808,38468401.210808,38468401.210808,38468401.210808
22,30.000000,9,40328308.007223,40328308.007223,40328308.007223,40328308.007223,40328308.007223,40328308.007223
