arrival_rate,bp_parameter_L,bp_parameter_H,Dynamic_njobs100_mode1_L2_norm_flow_time,Dynamic_njobs100_mode2_L2_norm_flow_time,Dynamic_njobs100_mode3_L2_norm_flow_time,Dynamic_njobs100_mode4_L2_norm_flow_time,Dynamic_njobs100_mode5_L2_norm_flow_time,Dynamic_njobs100_mode6_L2_norm_flow_time
22,4.073000,262144,379103.079091,379103.079091,379103.079091,379103.079091,379103.079091,379103.079091
22,4.639000,32768,668985.167914,668983.349607,668985.167914,668985.167914,668985.167914,668983.349607
22,5.649000,4096,1142013.584009,1142013.584009,1142013.584009,1142013.584009,1142013.584009,1142013.584009
22,7.918000,512,2989330.595065,2989330.595065,2989330.595065,2989330.595065,2989330.595065,2989330.595065
22,16.772000,64,4750351.782254,4750351.782254,4750351.782254,4750351.782254,4750351.782254,4750351.782254
22,30.000000,12,4908783.634108,4908783.634108,4908783.634108,4908783.634108,4908783.634108,4908783.634108
22,30.000000,9,5105387.814971,5105387.814971,5105387.814971,5105387.814971,5105387.814971,5105387.814971
22,30.000000,6,4711292.164775,4711292.164775,4711292.164775,4711292.164775,4711292.164775,4711292.164775
