arrival_rate,bp_parameter_L,bp_parameter_H,Dynamic_njobs100_mode1_L2_norm_flow_time,Dynamic_njobs100_mode2_L2_norm_flow_time,Dynamic_njobs100_mode3_L2_norm_flow_time,Dynamic_njobs100_mode4_L2_norm_flow_time,Dynamic_njobs100_mode5_L2_norm_flow_time,Dynamic_njobs100_mode6_L2_norm_flow_time,Dynamic_njobs100_mode7_L2_norm_flow_time
22,4.073000,262144,2958080.141092,2958080.141092,2958080.141092,2958080.141092,2958080.141092,2958080.141092,2958080.141092
22,4.639000,32768,5441985.327759,5444360.958926,5444360.958926,5444360.958926,5444360.958926,5444360.958926,5444360.958926
22,7.918000,512,22964794.273829,23017981.389288,23005882.318483,23043089.125009,23043089.125009,23043089.125009,23043089.125009
22,5.649000,4096,11947623.995689,11947623.995689,11947623.995689,11947623.995689,11947623.995689,11947623.995689,11947623.995689
22,16.772000,64,38960946.618561,38963498.313699,38963498.313699,38963498.313699,38963498.313699,38963498.313699,38963498.313699
