arrival_rate,bp_parameter_L,bp_parameter_H,Dynamic_njobs100_mode1_L2_norm_flow_time,Dynamic_njobs100_mode2_L2_norm_flow_time,Dynamic_njobs100_mode3_L2_norm_flow_time,Dynamic_njobs100_mode4_L2_norm_flow_time,Dynamic_njobs100_mode5_L2_norm_flow_time,Dynamic_njobs100_mode6_L2_norm_flow_time
24,5.649000,4096,9506192.753475,9506192.753475,9506192.753475,9506192.753475,9506192.753475,9506192.753475
24,4.639000,32768,1904806.311281,1915653.124060,1915653.124060,1915653.124060,1915653.124060,1915653.124060
24,4.073000,262144,6276456.604073,1765981.790564,1765981.790564,1765981.790564,1765981.790564,1765981.790564
24,7.918000,512,19846672.305226,20009878.720321,20018989.341942,20018989.341942,20018989.341942,20018989.341942
24,16.772000,64,30076842.580185,30081016.888865,30081016.888865,30081016.888865,30081016.888865,30081016.888865
24,30.000000,12,30645626.834902,30645626.834902,30645626.834902,30645626.834902,30645626.834902,30645626.834902
24,30.000000,9,30055392.417038,30055392.417038,30055392.417038,30055392.417038,30055392.417038,30055392.417038
24,30.000000,6,29986787.108221,29986787.108221,29986787.108221,29986787.108221,29986787.108221,29986787.108221
