arrival_rate,bp_parameter_L,bp_parameter_H,Dynamic_njobs100_mode1_L2_norm_flow_time,Dynamic_njobs100_mode2_L2_norm_flow_time,Dynamic_njobs100_mode3_L2_norm_flow_time,Dynamic_njobs100_mode4_L2_norm_flow_time,Dynamic_njobs100_mode5_L2_norm_flow_time,Dynamic_njobs100_mode6_L2_norm_flow_time
24,4.073000,262144,153719.825686,153398.699682,153398.699682,153398.699682,153398.699682,153398.699682
24,5.649000,4096,1259346.264951,1259346.264951,1259346.264951,1259346.264951,1259346.264951,1259346.264951
24,7.918000,512,2647210.004107,2647210.004107,2618604.163207,2647210.004107,2647210.004107,2647210.004107
24,4.639000,32768,675449.750503,675449.750503,675449.750503,675449.750503,675449.750503,675449.750503
24,16.772000,64,3669876.168605,3669876.168605,3669876.168605,3669876.168605,3669876.168605,3669876.168605
24,30.000000,12,3858006.731982,3858006.731982,3858006.731982,3858006.731982,3858006.731982,3858006.731982
24,30.000000,9,3916973.086327,3916973.086327,3916973.086327,3916973.086327,3916973.086327,3916973.086327
24,30.000000,6,3540164.200999,3540164.200999,3540164.200999,3540164.200999,3540164.200999,3540164.200999
