arrival_rate,bp_parameter_L,bp_parameter_H,Dynamic_njobs100_mode1_L2_norm_flow_time,Dynamic_njobs100_mode2_L2_norm_flow_time,Dynamic_njobs100_mode3_L2_norm_flow_time,Dynamic_njobs100_mode4_L2_norm_flow_time,Dynamic_njobs100_mode5_L2_norm_flow_time,Dynamic_njobs100_mode6_L2_norm_flow_time,Dynamic_njobs100_mode7_L2_norm_flow_time
24,4.639000,32768,4297085.186269,4151272.786061,4151272.786061,4151272.786061,4151272.786061,4151272.786061,4151272.786061
24,5.649000,4096,8892913.521816,8877328.497851,8911527.084971,8911527.084971,8911527.084971,8877328.497851,8877328.497851
24,4.073000,262144,2882697.783141,2882697.783141,2882697.783141,2882697.783141,2882697.783141,2882697.783141,2882697.783141
24,7.918000,512,18951482.223076,19129301.614197,19178223.639777,19178223.639777,19178223.639777,19178223.639777,19178223.639777
24,16.772000,64,29894278.235453,29910980.041927,29910980.041927,29910980.041927,29910980.041927,29910980.041927,29910980.041927
