arrival_rate,bp_parameter_L,bp_parameter_H,Dynamic_njobs100_mode1_L2_norm_flow_time,Dynamic_njobs100_mode2_L2_norm_flow_time,Dynamic_njobs100_mode3_L2_norm_flow_time,Dynamic_njobs100_mode4_L2_norm_flow_time,Dynamic_njobs100_mode5_L2_norm_flow_time,Dynamic_njobs100_mode6_L2_norm_flow_time
24,4.073000,262144,71095.278352,71095.278352,71095.278352,71095.278352,71095.278352,71095.278352
24,4.639000,32768,469592.222166,469592.222166,469592.222166,469592.222166,469592.222166,469592.222166
24,5.649000,4096,1227030.046339,1227030.046339,1227030.046339,1227030.046339,1227030.046339,1227030.046339
24,7.918000,512,2051086.339381,2051086.339381,2009289.129038,2051086.339381,2051086.339381,2051086.339381
24,16.772000,64,3732148.439380,3732700.869282,3732700.869282,3732700.869282,3732700.869282,3732700.869282
24,30.000000,9,3704971.878001,3704971.878001,3704971.878001,3704971.878001,3704971.878001,3704971.878001
24,30.000000,12,4025916.494612,4025916.494612,4025916.494612,4025916.494612,4025916.494612,4025916.494612
24,30.000000,6,3649864.254907,3649864.254907,3649864.254907,3649864.254907,3649864.254907,3649864.254907
