arrival_rate,bp_parameter_L,bp_parameter_H,Dynamic_njobs100_mode1_L2_norm_flow_time,Dynamic_njobs100_mode2_L2_norm_flow_time,Dynamic_njobs100_mode3_L2_norm_flow_time,Dynamic_njobs100_mode4_L2_norm_flow_time,Dynamic_njobs100_mode5_L2_norm_flow_time,Dynamic_njobs100_mode6_L2_norm_flow_time,Dynamic_njobs100_mode7_L2_norm_flow_time
26,4.639000,32768,2852577.274916,2852577.274916,2852577.274916,2852577.274916,2852577.274916,2852577.274916,2852577.274916
26,5.649000,4096,6210897.012284,6127532.284620,6127532.284620,6127532.284620,6127532.284620,6127532.284620,6127532.284620
26,7.918000,512,14741125.537035,15132437.759419,15209099.645235,15209099.645235,15209099.645235,15209099.645235,15209099.645235
26,4.073000,262144,1752310.279455,1816591.715235,1816591.715235,1816591.715235,1816591.715235,1816591.715235,1816591.715235
26,16.772000,64,20998553.515973,21007373.503857,21007373.503857,21007373.503857,21007373.503857,21007373.503857,21007373.503857
