arrival_rate,bp_parameter_L,bp_parameter_H,Dynamic_njobs100_mode1_L2_norm_flow_time,Dynamic_njobs100_mode2_L2_norm_flow_time,Dynamic_njobs100_mode3_L2_norm_flow_time,Dynamic_njobs100_mode4_L2_norm_flow_time,Dynamic_njobs100_mode5_L2_norm_flow_time,Dynamic_njobs100_mode6_L2_norm_flow_time,Dynamic_njobs100_mode7_L2_norm_flow_time
26,4.639000,32768,2358244.967888,2358244.967888,2358244.967888,2358244.967888,2358244.967888,2358244.967888,2358244.967888
26,5.649000,4096,6233345.285803,6233345.285803,6233345.285803,6233345.285803,6233345.285803,6233345.285803,6233345.285803
26,7.918000,512,15884212.503332,16081392.846435,16081392.846435,16048787.993775,16048787.993775,16081392.846435,16081392.846435
26,16.772000,64,19842404.476364,19848564.197031,19848564.197031,19848564.197031,19848564.197031,19848564.197031,19848564.197031
26,4.073000,262144,21726837.569776,2106357.821891,2106357.821891,2106357.821891,2106357.821891,2106357.821891,2106357.821891
