arrival_rate,bp_parameter_L,bp_parameter_H,Dynamic_njobs100_mode1_L2_norm_flow_time,Dynamic_njobs100_mode2_L2_norm_flow_time,Dynamic_njobs100_mode3_L2_norm_flow_time,Dynamic_njobs100_mode4_L2_norm_flow_time,Dynamic_njobs100_mode5_L2_norm_flow_time,Dynamic_njobs100_mode6_L2_norm_flow_time
26,5.649000,4096,6431706.641029,6444710.098353,6444710.098353,6444710.098353,6444710.098353,6444710.098353
26,4.073000,262144,1254123.510442,1254123.510442,1254123.510442,1254123.510442,1254123.510442,1254123.510442
26,4.639000,32768,2155279.799861,2201604.624252,2201604.624252,2201604.624252,2201604.624252,2201604.624252
26,16.772000,64,20377647.572031,20389313.260011,20389313.260011,20389313.260011,20389313.260011,20389313.260011
26,7.918000,512,16111299.612662,16374794.881746,16374794.881746,16374794.881746,16374794.881746,16374794.881746
26,30.000000,9,20185053.423976,20185053.423976,20185053.423976,20185053.423976,20185053.423976,20185053.423976
26,30.000000,12,21524271.846928,21562271.368480,21562271.368480,21562271.368480,21562271.368480,21562271.368480
26,30.000000,6,21934682.905715,21934682.905715,21934682.905715,21934682.905715,21934682.905715,21934682.905715
