arrival_rate,bp_parameter_L,bp_parameter_H,Dynamic_njobs100_mode1_L2_norm_flow_time,Dynamic_njobs100_mode2_L2_norm_flow_time,Dynamic_njobs100_mode3_L2_norm_flow_time,Dynamic_njobs100_mode4_L2_norm_flow_time,Dynamic_njobs100_mode5_L2_norm_flow_time,Dynamic_njobs100_mode6_L2_norm_flow_time,Dynamic_njobs100_mode7_L2_norm_flow_time
26,4.073000,262144,624428.800400,609781.101139,609781.101139,609781.101139,609781.101139,609781.101139,609781.101139
26,5.649000,4096,4445872.110817,4497782.537051,4497782.537051,4497782.537051,4497782.537051,4497782.537051,4497782.537051
26,4.639000,32768,2285614.345017,2286804.234409,2286804.234409,2286804.234409,2286804.234409,2286804.234409,2286804.234409
26,7.918000,512,13818324.810947,14007896.822356,13961244.762915,13789588.904021,14178566.426986,14237663.235770,14237663.235770
26,16.772000,64,21543908.028263,21566890.988931,21566890.988931,21566890.988931,21566890.988931,21566890.988931,21566890.988931
