arrival_rate,bp_parameter_L,bp_parameter_H,Dynamic_njobs100_mode1_L2_norm_flow_time,Dynamic_njobs100_mode2_L2_norm_flow_time,Dynamic_njobs100_mode3_L2_norm_flow_time,Dynamic_njobs100_mode4_L2_norm_flow_time,Dynamic_njobs100_mode5_L2_norm_flow_time,Dynamic_njobs100_mode6_L2_norm_flow_time
26,5.649000,4096,872313.854819,872313.854819,872313.854819,872313.854819,872313.854819,872313.854819
26,4.073000,262144,2460460.851741,306057.855959,306057.855959,306057.855959,306057.855959,306057.855959
26,7.918000,512,2065757.541294,2104959.402329,2104959.402329,2104959.402329,2104959.402329,2104959.402329
26,16.772000,64,2736676.265185,2736676.265185,2736676.265185,2736676.265185,2736676.265185,2736676.265185
26,4.639000,32768,281969.823235,281969.823235,281969.823235,281969.823235,281969.823235,281969.823235
26,30.000000,6,2379389.285170,2379389.285170,2379389.285170,2379389.285170,2379389.285170,2379389.285170
26,30.000000,9,2757064.594875,2757064.594875,2757064.594875,2757064.594875,2757064.594875,2757064.594875
26,30.000000,12,2713157.650829,2713157.650829,2713157.650829,2713157.650829,2713157.650829,2713157.650829
