arrival_rate,bp_parameter_L,bp_parameter_H,Dynamic_njobs100_mode1_L2_norm_flow_time,Dynamic_njobs100_mode2_L2_norm_flow_time,Dynamic_njobs100_mode3_L2_norm_flow_time,Dynamic_njobs100_mode4_L2_norm_flow_time,Dynamic_njobs100_mode5_L2_norm_flow_time,Dynamic_njobs100_mode6_L2_norm_flow_time
26,5.649000,4096,6706410.405242,6690271.402380,6690271.402380,6690271.402380,6690271.402380,6690271.402380
26,4.639000,32768,2640146.318598,2640146.318598,2640146.318598,2640146.318598,2640146.318598,2640146.318598
26,7.918000,512,13691277.998139,14057800.494890,14020296.618641,14198410.174446,14198410.174446,14198410.174446
26,4.073000,262144,2903218.636171,1342213.689847,1342213.689847,1342213.689847,1342213.689847,1342213.689847
26,30.000000,9,21801948.347184,21801948.347184,21801948.347184,21801948.347184,21801948.347184,21801948.347184
26,16.772000,64,21955650.256002,21960168.088666,21960168.088666,21960168.088666,21960168.088666,21960168.088666
26,30.000000,12,21006239.704079,21011155.805635,21011155.805635,21011155.805635,21011155.805635,21011155.805635
26,30.000000,6,20112630.880333,20112630.880333,20112630.880333,20112630.880333,20112630.880333,20112630.880333
