arrival_rate,bp_parameter_L,bp_parameter_H,Dynamic_njobs100_mode1_L2_norm_flow_time,Dynamic_njobs100_mode2_L2_norm_flow_time,Dynamic_njobs100_mode3_L2_norm_flow_time,Dynamic_njobs100_mode4_L2_norm_flow_time,Dynamic_njobs100_mode5_L2_norm_flow_time,Dynamic_njobs100_mode6_L2_norm_flow_time
26,7.918000,512,1792652.860782,1927178.806655,1927178.806655,1927178.806655,1927178.806655,1927178.806655
26,4.639000,32768,667593.190901,667593.190901,667593.190901,667593.190901,667593.190901,667593.190901
26,4.073000,262144,347658.140845,347658.140845,347658.140845,347658.140845,347658.140845,347658.140845
26,5.649000,4096,951296.715346,917121.388663,917121.388663,917121.388663,917121.388663,917121.388663
26,30.000000,12,2542639.093111,2546536.518088,2546536.518088,2546536.518088,2546536.518088,2546536.518088
26,16.772000,64,2749452.124814,2749452.124814,2749452.124814,2749452.124814,2749452.124814,2749452.124814
26,30.000000,9,2685457.694271,2685457.694271,2685457.694271,2685457.694271,2685457.694271,2685457.694271
26,30.000000,6,2604541.280433,2604541.280433,2604541.280433,2604541.280433,2604541.280433,2604541.280433
