arrival_rate,bp_parameter_L,bp_parameter_H,Dynamic_njobs100_mode1_L2_norm_flow_time,Dynamic_njobs100_mode2_L2_norm_flow_time,Dynamic_njobs100_mode3_L2_norm_flow_time,Dynamic_njobs100_mode4_L2_norm_flow_time,Dynamic_njobs100_mode5_L2_norm_flow_time,Dynamic_njobs100_mode6_L2_norm_flow_time,Dynamic_njobs100_mode7_L2_norm_flow_time
28,4.073000,262144,1269435.063364,1010420.955806,1010420.955806,1010420.955806,1010420.955806,1010420.955806,1010420.955806
28,4.639000,32768,1833652.817810,1865590.917714,1865590.917714,1865590.917714,1865590.917714,1865590.917714,1865590.917714
28,5.649000,4096,4362173.267350,4367481.789407,4367481.789407,4367481.789407,4367481.789407,4367481.789407,4367481.789407
28,7.918000,512,10539417.514249,10570870.584971,10570870.584971,10570870.584971,10570870.584971,10570870.584971,10323524.971832
28,16.772000,64,10897830.411231,10897830.411231,10897830.411231,10897830.411231,10897830.411231,10897830.411231,10897830.411231
