arrival_rate,bp_parameter_L,bp_parameter_H,Dynamic_njobs100_mode1_L2_norm_flow_time,Dynamic_njobs100_mode2_L2_norm_flow_time,Dynamic_njobs100_mode3_L2_norm_flow_time,Dynamic_njobs100_mode4_L2_norm_flow_time,Dynamic_njobs100_mode5_L2_norm_flow_time,Dynamic_njobs100_mode6_L2_norm_flow_time
28,4.073000,262144,79304.112056,79304.112056,79304.112056,79304.112056,79304.112056,79304.112056
28,4.639000,32768,210768.715843,210768.715843,210768.715843,210768.715843,210768.715843,210768.715843
28,5.649000,4096,400565.561968,407647.145021,407647.145021,407647.145021,407647.145021,407647.145021
28,7.918000,512,1159612.495968,1216899.338324,1303742.646976,1303742.646976,1303742.646976,1303742.646976
28,16.772000,64,1392700.677591,1392700.677591,1392700.677591,1392700.677591,1392700.677591,1392700.677591
28,30.000000,12,1386406.607727,1386406.607727,1386406.607727,1386406.607727,1386406.607727,1386406.607727
28,30.000000,9,1542338.842788,1542338.842788,1542338.842788,1542338.842788,1542338.842788,1542338.842788
28,30.000000,6,1305462.069578,1305462.069578,1305462.069578,1305462.069578,1305462.069578,1305462.069578
