arrival_rate,bp_parameter_L,bp_parameter_H,Dynamic_njobs100_mode1_L2_norm_flow_time,Dynamic_njobs100_mode2_L2_norm_flow_time,Dynamic_njobs100_mode3_L2_norm_flow_time,Dynamic_njobs100_mode4_L2_norm_flow_time,Dynamic_njobs100_mode5_L2_norm_flow_time,Dynamic_njobs100_mode6_L2_norm_flow_time
28,4.073000,262144,269145.711142,269145.711142,269145.711142,269145.711142,269145.711142,269145.711142
28,30.000000,12,1456893.173874,1456893.173874,1456893.173874,1456893.173874,1456893.173874,1456893.173874
28,16.772000,64,1552939.481986,1552939.481986,1552939.481986,1552939.481986,1552939.481986,1552939.481986
28,4.639000,32768,338555.947625,338555.947625,338555.947625,338555.947625,338555.947625,338555.947625
28,5.649000,4096,624421.111365,624421.111365,624421.111365,624421.111365,624421.111365,624421.111365
28,7.918000,512,1318375.657371,1285812.051751,1318375.657371,1318375.657371,1318375.657371,1318375.657371
28,30.000000,9,1397373.649230,1397373.649230,1397373.649230,1397373.649230,1397373.649230,1397373.649230
28,30.000000,6,1589146.654243,1589146.654243,1589146.654243,1589146.654243,1589146.654243,1589146.654243
