arrival_rate,bp_parameter_L,bp_parameter_H,Dynamic_njobs100_mode1_L2_norm_flow_time,Dynamic_njobs100_mode2_L2_norm_flow_time,Dynamic_njobs100_mode3_L2_norm_flow_time,Dynamic_njobs100_mode4_L2_norm_flow_time,Dynamic_njobs100_mode5_L2_norm_flow_time,Dynamic_njobs100_mode6_L2_norm_flow_time
30,4.639000,32768,123381.978688,123381.978688,123381.978688,123381.978688,123381.978688,123381.978688
30,30.000000,6,408428.044205,408428.044205,408428.044205,408428.044205,408428.044205,408428.044205
30,16.772000,64,478083.850878,478083.850878,478083.850878,478083.850878,478083.850878,478083.850878
30,7.918000,512,674641.548185,674627.090297,674627.090297,674641.548185,674641.548185,674627.090297
30,5.649000,4096,329113.979255,312344.060171,312344.060171,312344.060171,312344.060171,312344.060171
30,30.000000,12,351789.185600,351789.185600,351789.185600,351789.185600,351789.185600,351789.185600
30,30.000000,9,806274.721226,806274.721226,806274.721226,806274.721226,806274.721226,806274.721226
30,4.073000,262144,391408.311954,391408.311954,391408.311954,391408.311954,391408.311954,391408.311954
