arrival_rate,bp_parameter_L,bp_parameter_H,Dynamic_njobs100_mode1_L2_norm_flow_time,Dynamic_njobs100_mode2_L2_norm_flow_time,Dynamic_njobs100_mode3_L2_norm_flow_time,Dynamic_njobs100_mode4_L2_norm_flow_time,Dynamic_njobs100_mode5_L2_norm_flow_time,Dynamic_njobs100_mode6_L2_norm_flow_time
30,4.073000,262144,90792.128855,90792.128855,90792.128855,90792.128855,90792.128855,90792.128855
30,4.639000,32768,145704.374234,145704.348724,145704.348724,145704.348724,145704.348724,145704.348724
30,16.772000,64,269763.353017,269763.353017,269763.353017,269763.353017,269763.353017,269763.353017
30,30.000000,12,378298.612239,378120.242096,378120.242096,378120.242096,378120.242096,378120.242096
30,30.000000,6,221384.807171,221384.807171,221384.807171,221384.807171,221384.807171,221384.807171
30,5.649000,4096,470754.110303,470754.110303,470754.110303,470754.110303,470754.110303,470754.110303
30,7.918000,512,922322.129822,863643.255192,922322.129822,922322.129822,922322.129822,875000.284434
30,30.000000,9,362644.952387,362644.952387,362644.952387,362644.952387,362644.952387,362644.952387
