arrival_rate,bp_parameter_L,bp_parameter_H,Dynamic_njobs100_mode1_L2_norm_flow_time,Dynamic_njobs100_mode2_L2_norm_flow_time,Dynamic_njobs100_mode3_L2_norm_flow_time,Dynamic_njobs100_mode4_L2_norm_flow_time,Dynamic_njobs100_mode5_L2_norm_flow_time,Dynamic_njobs100_mode6_L2_norm_flow_time
30,5.649000,4096,427200.784409,427200.784409,427200.784409,427200.784409,427200.784409,427200.784409
30,4.073000,262144,547194.790454,498975.181920,498975.181920,498975.181920,498975.181920,498975.181920
30,7.918000,512,2585533.850184,2611437.159994,2810992.003768,2748989.652115,2810992.003768,2213075.353604
30,30.000000,9,1158954.165391,1158954.165391,1158954.165391,1158954.165391,1158954.165391,1158954.165391
30,16.772000,64,2127750.794270,2128122.463070,2128122.463070,2128122.463070,2128122.463070,2128122.463070
30,30.000000,12,1602249.932809,1603372.231318,1603372.231318,1603372.231318,1603372.231318,1603372.231318
30,4.639000,32768,1175174.319135,1277026.016213,1277026.016213,1277026.016213,1277026.016213,1277026.016213
30,30.000000,6,3533759.059070,3533759.059070,3533759.059070,3533759.059070,3533759.059070,3533759.059070
