arrival_rate,bp_parameter_L,bp_parameter_H,Dynamic_njobs100_mode1_L2_norm_flow_time,Dynamic_njobs100_mode2_L2_norm_flow_time,Dynamic_njobs100_mode3_L2_norm_flow_time,Dynamic_njobs100_mode4_L2_norm_flow_time,Dynamic_njobs100_mode5_L2_norm_flow_time,Dynamic_njobs100_mode6_L2_norm_flow_time,Dynamic_njobs100_mode7_L2_norm_flow_time
30,7.918000,512,2459141.689935,3462497.101141,3462497.101141,3462497.101141,3462497.101141,2046939.634555,2008369.353840
30,16.772000,64,1949082.069145,1949253.495730,1949253.495730,1949253.495730,1949253.495730,1949253.495730,1949253.495730
30,5.649000,4096,1790475.424483,1790475.424483,1790475.424483,1790475.424483,1790475.424483,1790475.424483,1790475.424483
30,4.073000,262144,414832.618112,414832.618112,414832.618112,414832.618112,414832.618112,414832.618112,414832.618112
30,4.639000,32768,973282.702090,834962.800013,834962.800013,834962.800013,834962.800013,834962.800013,834962.800013
