arrival_rate,bp_parameter_L,bp_parameter_H,Dynamic_njobs100_mode1_L2_norm_flow_time,Dynamic_njobs100_mode2_L2_norm_flow_time,Dynamic_njobs100_mode3_L2_norm_flow_time,Dynamic_njobs100_mode4_L2_norm_flow_time,Dynamic_njobs100_mode5_L2_norm_flow_time,Dynamic_njobs100_mode6_L2_norm_flow_time
30,4.073000,262144,388834.096713,116517.747871,116517.747871,116517.747871,116517.747871,116517.747871
30,5.649000,4096,348879.068034,360292.994035,360292.994035,360292.994035,360292.994035,360292.994035
30,7.918000,512,706517.297860,787627.803068,787627.803068,787627.803068,787627.803068,727056.284076
30,16.772000,64,384000.118911,384002.079447,384002.079447,384002.079447,384002.079447,384002.079447
30,30.000000,9,288993.540603,288993.540603,288993.540603,288993.540603,288993.540603,288993.540603
30,30.000000,12,416388.190240,416388.190240,416388.190240,416388.190240,416388.190240,416388.190240
30,30.000000,6,663597.634081,663597.634081,663597.634081,663597.634081,663597.634081,663597.634081
30,4.639000,32768,351609.270697,351609.270697,351609.270697,351609.270697,351609.270697,351609.270697
