arrival_rate,bp_parameter_L,bp_parameter_H,Dynamic_njobs100_mode1_L2_norm_flow_time,Dynamic_njobs100_mode2_L2_norm_flow_time,Dynamic_njobs100_mode3_L2_norm_flow_time,Dynamic_njobs100_mode4_L2_norm_flow_time,Dynamic_njobs100_mode5_L2_norm_flow_time,Dynamic_njobs100_mode6_L2_norm_flow_time
30,4.639000,32768,87204.888321,87204.888321,87204.888321,87204.888321,87204.888321,87204.888321
30,16.772000,64,188432.226002,188278.925204,188278.925204,188278.925204,188278.925204,188278.925204
30,7.918000,512,175467.601337,196465.218667,196465.218667,196465.218667,196465.218667,187867.198358
30,30.000000,12,299204.965226,299167.375666,299167.375666,299167.375666,299167.375666,299167.375666
30,30.000000,9,331225.405398,331225.405398,331225.405398,331225.405398,331225.405398,331225.405398
30,5.649000,4096,142879.946256,141273.691372,141273.691372,141273.691372,141273.691372,141273.691372
30,30.000000,6,396679.228114,396679.228114,396679.228114,396679.228114,396679.228114,396679.228114
30,4.073000,262144,7952449.973626,465670.569238,465670.569238,465670.569238,465670.569238,465670.569238
