arrival_rate,bp_parameter_L,bp_parameter_H,Dynamic_njobs100_mode1_L2_norm_flow_time,Dynamic_njobs100_mode2_L2_norm_flow_time,Dynamic_njobs100_mode3_L2_norm_flow_time,Dynamic_njobs100_mode4_L2_norm_flow_time,Dynamic_njobs100_mode5_L2_norm_flow_time,Dynamic_njobs100_mode6_L2_norm_flow_time
30,5.649000,4096,1163880.785137,1201204.640189,1201204.640189,1201204.640189,1201204.640189,1201204.640189
30,30.000000,9,1850688.458724,1850688.458724,1850688.458724,1850688.458724,1850688.458724,1850688.458724
30,7.918000,512,4657351.144368,5074779.360709,5571293.848041,5571293.848041,5571293.848041,4373206.783662
30,4.073000,262144,754310.562154,754310.562154,754310.562154,754310.562154,754310.562154,754310.562154
30,4.639000,32768,1183858.124332,1060699.349889,1060699.349889,1060699.452789,1060699.452789,1060699.349889
30,30.000000,12,3021873.693157,3023909.521462,3023909.521462,3023909.521462,3023909.521462,3023909.521462
30,30.000000,6,4211628.839982,4211628.839982,4211628.839982,4211628.839982,4211628.839982,4211628.839982
30,16.772000,64,4146893.835664,4146893.835664,4146893.835664,4146893.835664,4146893.835664,4146893.835664
