arrival_rate,bp_parameter_L,bp_parameter_H,Dynamic_njobs100_mode1_L2_norm_flow_time,Dynamic_njobs100_mode2_L2_norm_flow_time,Dynamic_njobs100_mode3_L2_norm_flow_time,Dynamic_njobs100_mode4_L2_norm_flow_time,Dynamic_njobs100_mode5_L2_norm_flow_time,Dynamic_njobs100_mode6_L2_norm_flow_time
30,7.918000,512,226786.064345,226786.064345,226786.064345,226786.064345,226786.064345,217109.425422
30,4.639000,32768,96350.482780,96350.482780,96350.482780,96350.482780,96350.482780,96350.482780
30,30.000000,12,253757.890053,253757.890053,253757.890053,253757.890053,253757.890053,253757.890053
30,16.772000,64,448248.428327,447858.810924,447858.810924,447858.810924,447858.810924,447858.810924
30,30.000000,9,484789.186627,484789.186627,484789.186627,484789.186627,484789.186627,484789.186627
30,30.000000,6,579693.689447,579693.689447,579693.689447,579693.689447,579693.689447,579693.689447
30,5.649000,4096,554091.239061,554091.239061,554091.239061,554091.239061,554091.239061,554091.239061
30,4.073000,262144,186387.324344,186387.324344,186387.324344,186387.324344,186387.324344,186387.324344
