arrival_rate,bp_parameter_L,bp_parameter_H,Dynamic_njobs100_mode1_L2_norm_flow_time,Dynamic_njobs100_mode2_L2_norm_flow_time,Dynamic_njobs100_mode3_L2_norm_flow_time,Dynamic_njobs100_mode4_L2_norm_flow_time,Dynamic_njobs100_mode5_L2_norm_flow_time,Dynamic_njobs100_mode6_L2_norm_flow_time
30,4.639000,32768,89679.117508,89679.117508,89679.117508,89679.117508,89679.117508,89679.117508
30,16.772000,64,398067.246883,398065.329948,398065.329948,398065.329948,398067.246883,398065.329948
30,30.000000,12,212760.783957,212760.783957,212760.783957,212760.783957,212760.783957,212760.783957
30,5.649000,4096,363863.516105,363863.516105,363863.516105,363863.516105,363863.516105,363863.516105
30,30.000000,6,481424.054926,481424.054926,481424.054926,481424.054926,481424.054926,481424.054926
30,7.918000,512,473421.568728,466816.718108,467006.194675,539557.925990,539557.925990,454988.943892
30,30.000000,9,370611.182861,370561.942498,370561.942498,370611.182861,370611.182861,370561.942498
30,4.073000,262144,371912.602099,371912.602099,371912.602099,371912.602099,371912.602099,371912.602099
