arrival_rate,bp_parameter_L,bp_parameter_H,Dynamic_njobs100_mode1_L2_norm_flow_time,Dynamic_njobs100_mode2_L2_norm_flow_time,Dynamic_njobs100_mode3_L2_norm_flow_time,Dynamic_njobs100_mode4_L2_norm_flow_time,Dynamic_njobs100_mode5_L2_norm_flow_time,Dynamic_njobs100_mode6_L2_norm_flow_time
32,7.918000,512,156583.384281,156589.251936,160326.574728,160245.070517,160245.070517,160245.070517
32,30.000000,12,119564.478170,119510.627553,119510.627553,119510.627553,119510.627553,119510.627553
32,30.000000,6,130004.999238,130004.999238,130004.999238,130004.999238,130004.999238,130004.999238
32,16.772000,64,119499.677631,119440.970919,119440.970919,119440.970919,119440.970919,119440.970919
32,30.000000,9,100609.843196,100609.843196,100609.843196,100609.843196,100609.843196,100609.843196
32,5.649000,4096,319670.726739,319670.683135,319670.683135,319670.683135,319670.683135,319670.683135
32,4.639000,32768,584582.873027,534204.495804,534204.495804,534204.495804,534204.495804,534204.495804
32,4.073000,262144,814979.585602,814979.585602,814979.585602,814979.585602,814979.585602,814979.585602
