arrival_rate,bp_parameter_L,bp_parameter_H,Dynamic_njobs100_mode1_L2_norm_flow_time,Dynamic_njobs100_mode2_L2_norm_flow_time,Dynamic_njobs100_mode3_L2_norm_flow_time,Dynamic_njobs100_mode4_L2_norm_flow_time,Dynamic_njobs100_mode5_L2_norm_flow_time,Dynamic_njobs100_mode6_L2_norm_flow_time
32,16.772000,64,96481.579890,96407.689854,96407.689854,96407.689854,96407.689854,96407.689854
32,30.000000,6,93032.513870,93032.513870,93032.513870,93032.513870,93032.513870,93032.513870
32,30.000000,12,118757.526684,118601.550458,118601.550458,118601.550458,118601.550458,118601.550458
32,30.000000,9,108133.720129,108133.720129,108133.720129,108133.720129,108133.720129,108133.720129
32,7.918000,512,405005.675768,431432.990309,431421.494493,431421.494493,431421.494493,419082.754168
32,5.649000,4096,281353.931728,281809.125101,281809.125101,281809.125101,281809.125101,281809.125101
32,4.639000,32768,275751.901830,275751.819483,275751.819483,275751.819483,275751.819483,275751.819483
32,4.073000,262144,684687.806210,561863.647014,561863.647014,561863.647014,561863.647014,561863.647014
