arrival_rate,bp_parameter_L,bp_parameter_H,Dynamic_njobs100_mode1_L2_norm_flow_time,Dynamic_njobs100_mode2_L2_norm_flow_time,Dynamic_njobs100_mode3_L2_norm_flow_time,Dynamic_njobs100_mode4_L2_norm_flow_time,Dynamic_njobs100_mode5_L2_norm_flow_time,Dynamic_njobs100_mode6_L2_norm_flow_time
32,16.772000,64,55697.061996,55241.134239,55241.134239,55241.134239,55241.134239,55236.322434
32,30.000000,6,76637.733376,76637.733376,76637.733376,76637.733376,76637.733376,76637.733376
32,30.000000,9,39276.811594,39276.811594,39276.811594,39276.811594,39276.811594,39276.811594
32,4.639000,32768,80884.146042,79579.441120,79579.441120,79579.441120,79579.441120,79579.441120
32,7.918000,512,51489.830540,51489.957943,51489.957943,51489.957943,51489.957943,51489.957943
32,30.000000,12,30241.026190,30241.026190,30241.026190,30241.026190,30241.026190,30241.026190
32,4.073000,262144,135821.638747,135821.638747,135821.638747,135821.638747,135821.638747,135821.638747
32,5.649000,4096,273926.483900,273926.483900,273926.483900,273926.483900,273926.483900,273926.483900
