arrival_rate,bp_parameter_L,bp_parameter_H,Dynamic_njobs100_mode1_L2_norm_flow_time,Dynamic_njobs100_mode2_L2_norm_flow_time,Dynamic_njobs100_mode3_L2_norm_flow_time,Dynamic_njobs100_mode4_L2_norm_flow_time,Dynamic_njobs100_mode5_L2_norm_flow_time,Dynamic_njobs100_mode6_L2_norm_flow_time
32,7.918000,512,70223.830969,70223.830969,70223.830969,70223.830969,70223.830969,70223.830969
32,4.639000,32768,81753.269286,81753.269286,81753.269286,81753.269286,81753.269286,81753.269286
32,30.000000,6,37778.286449,37778.286449,37778.286449,37778.286449,37778.286449,37778.286449
32,30.000000,12,37526.151655,37494.404129,37494.404129,37494.404129,37494.404129,37494.404129
32,5.649000,4096,95215.548405,95215.548405,95215.548405,95215.548405,95215.548405,95215.548405
32,16.772000,64,44085.005830,44085.005830,44085.005830,44085.005830,44085.005830,44085.005830
32,30.000000,9,50300.207276,50300.207276,50300.207276,50300.207276,50300.207276,50300.207276
32,4.073000,262144,165427.589141,165427.589141,165427.589141,165427.589141,165427.589141,165427.589141
