arrival_rate,bp_parameter_L,bp_parameter_H,Dynamic_njobs100_mode1_L2_norm_flow_time,Dynamic_njobs100_mode2_L2_norm_flow_time,Dynamic_njobs100_mode3_L2_norm_flow_time,Dynamic_njobs100_mode4_L2_norm_flow_time,Dynamic_njobs100_mode5_L2_norm_flow_time,Dynamic_njobs100_mode6_L2_norm_flow_time
32,16.772000,64,61369.703006,61366.587929,61366.587929,61366.587929,61366.587929,61366.587929
32,4.073000,262144,104191.204461,104191.204461,104191.204461,104191.204461,104191.204461,104191.204461
32,4.639000,32768,71943.112749,71943.112749,71943.112749,71943.112749,71943.112749,71943.112749
32,7.918000,512,97640.035749,97640.035749,97640.035749,97640.035749,97640.035749,97640.035749
32,30.000000,6,34023.294094,34023.294094,34023.294094,34023.294094,34023.294094,34023.294094
32,30.000000,12,46083.109357,46083.109357,46083.109357,46083.109357,46083.109357,46083.109357
32,30.000000,9,32965.028743,32965.028743,32965.028743,32965.028743,32965.028743,32965.028743
32,5.649000,4096,217389.070259,215760.591228,215760.591228,215760.591228,215760.591228,215760.591228
