arrival_rate,bp_parameter_L,bp_parameter_H,Dynamic_njobs100_mode1_L2_norm_flow_time,Dynamic_njobs100_mode2_L2_norm_flow_time,Dynamic_njobs100_mode3_L2_norm_flow_time,Dynamic_njobs100_mode4_L2_norm_flow_time,Dynamic_njobs100_mode5_L2_norm_flow_time,Dynamic_njobs100_mode6_L2_norm_flow_time,Dynamic_njobs100_mode7_L2_norm_flow_time
32,7.918000,512,248326.857522,248346.762767,248346.762767,248346.762767,248346.762767,248346.762767,248346.762767
32,16.772000,64,109216.392758,109142.606053,109142.606053,109142.606053,109142.606053,109142.606053,109142.606053
32,4.639000,32768,319818.876765,319818.876765,319818.876765,319818.876765,319818.876765,319818.876765,319818.876765
32,5.649000,4096,1913904.493115,2004710.055539,2004710.055539,2004710.055539,2004710.055539,2004710.055539,2004710.055539
32,4.073000,262144,748664.486634,748664.486634,748664.486634,748664.486634,748664.486634,748664.486634,748664.486634
