arrival_rate,bp_parameter_L,bp_parameter_H,Dynamic_njobs100_mode1_L2_norm_flow_time,Dynamic_njobs100_mode2_L2_norm_flow_time,Dynamic_njobs100_mode3_L2_norm_flow_time,Dynamic_njobs100_mode4_L2_norm_flow_time,Dynamic_njobs100_mode5_L2_norm_flow_time,Dynamic_njobs100_mode6_L2_norm_flow_time
32,16.772000,64,49153.072508,49153.072508,49153.072508,49153.072508,49153.072508,49153.072508
32,7.918000,512,93834.443021,93742.028584,94012.813302,93742.028584,93742.028584,93742.028584
32,4.073000,262144,171175.497960,171175.497960,171175.497960,171175.497960,171175.497960,171175.497960
32,5.649000,4096,262715.971363,262715.971363,262715.971363,262715.971363,262715.971363,262715.971363
32,30.000000,6,32585.606255,32585.606255,32585.606255,32585.606255,32585.606255,32585.606255
32,30.000000,12,41772.985385,41772.985385,41772.985385,41772.985385,41772.985385,41772.985385
32,4.639000,32768,186703.052940,186703.052940,186703.052940,186703.052940,186703.052940,186703.052940
32,30.000000,9,35598.245378,35598.245378,35598.245378,35598.245378,35598.245378,35598.245378
