arrival_rate,bp_parameter_L,bp_parameter_H,Dynamic_njobs100_mode1_L2_norm_flow_time,Dynamic_njobs100_mode2_L2_norm_flow_time,Dynamic_njobs100_mode3_L2_norm_flow_time,Dynamic_njobs100_mode4_L2_norm_flow_time,Dynamic_njobs100_mode5_L2_norm_flow_time,Dynamic_njobs100_mode6_L2_norm_flow_time
34,16.772000,64,50474.686596,50241.264952,50241.264952,50241.264952,50241.264952,50241.264952
34,30.000000,12,47735.219252,47566.711774,47566.711774,47566.711774,47566.711774,47566.711774
34,30.000000,9,43489.911244,43489.911244,43489.911244,43489.911244,43489.911244,43489.911244
34,7.918000,512,94388.682378,94243.163354,94243.163354,94243.163354,94243.163354,94243.163354
34,30.000000,6,42656.257583,42656.257583,42656.257583,42656.257583,42656.257583,42656.257583
34,5.649000,4096,243409.057171,243409.057171,243409.057171,243409.057171,243409.057171,243409.057171
34,4.639000,32768,230145.051750,230145.051750,230145.051750,230145.051750,230145.051750,230145.051750
34,4.073000,262144,422120.998094,421432.454468,421432.454468,421432.454468,421432.454468,421432.454468
