arrival_rate,bp_parameter_L,bp_parameter_H,Dynamic_njobs100_mode1_L2_norm_flow_time,Dynamic_njobs100_mode2_L2_norm_flow_time,Dynamic_njobs100_mode3_L2_norm_flow_time,Dynamic_njobs100_mode4_L2_norm_flow_time,Dynamic_njobs100_mode5_L2_norm_flow_time,Dynamic_njobs100_mode6_L2_norm_flow_time
36,16.772000,64,19523.169568,19519.711909,19519.711909,19519.711909,19519.711909,19519.711909
36,7.918000,512,45305.233108,45305.233108,45305.233108,45305.233108,45305.233108,45305.233108
36,30.000000,9,15150.746054,15150.746054,15150.746054,15150.746054,15150.746054,15150.746054
36,4.073000,262144,81199.476593,81199.476593,81199.476593,81199.476593,81199.476593,81199.476593
36,5.649000,4096,65329.407681,65329.407681,65329.407681,65329.407681,65329.407681,65329.407681
36,4.639000,32768,169059.839545,169059.839545,169059.839545,169059.839545,169059.839545,169059.839545
36,30.000000,6,16422.558083,16422.558083,16422.558083,16422.558083,16422.558083,16422.558083
36,30.000000,12,16318.891200,16315.984647,16315.984647,16315.984647,16315.984647,16315.984647
