arrival_rate,bp_parameter_L,bp_parameter_H,Dynamic_njobs100_mode1_L2_norm_flow_time,Dynamic_njobs100_mode2_L2_norm_flow_time,Dynamic_njobs100_mode3_L2_norm_flow_time,Dynamic_njobs100_mode4_L2_norm_flow_time,Dynamic_njobs100_mode5_L2_norm_flow_time,Dynamic_njobs100_mode6_L2_norm_flow_time
36,16.772000,64,36022.390940,35480.849623,35480.849623,35480.849623,35480.849623,35480.849623
36,30.000000,6,32103.416734,32103.416734,32103.416734,32103.416734,32103.416734,32103.416734
36,30.000000,9,32873.319927,32873.319927,32873.319927,32873.319927,32873.319927,32873.319927
36,7.918000,512,54843.225069,54514.597229,54514.597229,54514.597229,54514.597229,54514.597229
36,4.073000,262144,179681.410950,176085.089002,176085.089002,176085.089002,176085.089002,176085.089002
36,30.000000,12,32885.379396,32828.541332,32828.541332,32828.541332,32828.541332,32828.541332
36,5.649000,4096,165303.906962,165303.906962,165303.906962,165303.906962,165303.906962,165303.906962
36,4.639000,32768,240221.283304,240221.199822,240221.199822,240221.199822,240221.199822,240221.199822
