arrival_rate,bp_parameter_L,bp_parameter_H,Dynamic_njobs100_mode1_L2_norm_flow_time,Dynamic_njobs100_mode2_L2_norm_flow_time,Dynamic_njobs100_mode3_L2_norm_flow_time,Dynamic_njobs100_mode4_L2_norm_flow_time,Dynamic_njobs100_mode5_L2_norm_flow_time,Dynamic_njobs100_mode6_L2_norm_flow_time
36,30.000000,9,14999.893000,14999.893000,14999.893000,14999.893000,14999.893000,14999.893000
36,30.000000,12,17514.655292,17556.744374,17509.160317,17509.160317,17509.160317,17509.160317
36,7.918000,512,33418.959035,33418.959035,33418.959035,33418.959035,33418.959035,33418.959035
36,4.639000,32768,71370.427784,70969.454718,70969.454718,70969.454718,70969.454718,70969.454718
36,4.073000,262144,90124.067102,90124.067102,90124.067102,90124.067102,90124.067102,90124.067102
36,16.772000,64,15874.161490,15821.149200,15821.149200,15821.149200,15821.149200,15821.149200
36,30.000000,6,14636.960169,14636.960169,14636.960169,14636.960169,14636.960169,14636.960169
36,5.649000,4096,90862.752440,90862.752440,90862.752440,90862.752440,90862.752440,90862.752440
