arrival_rate,bp_parameter_L,bp_parameter_H,Dynamic_njobs100_mode1_L2_norm_flow_time,Dynamic_njobs100_mode2_L2_norm_flow_time,Dynamic_njobs100_mode3_L2_norm_flow_time,Dynamic_njobs100_mode4_L2_norm_flow_time,Dynamic_njobs100_mode5_L2_norm_flow_time,Dynamic_njobs100_mode6_L2_norm_flow_time,Dynamic_njobs100_mode7_L2_norm_flow_time
36,7.918000,512,81525.574785,81465.179605,81465.179605,81465.179605,81465.179605,81465.179605,81465.179605
36,16.772000,64,35963.843009,35650.732910,35662.240563,35662.240563,35672.912202,35642.572340,35642.572340
36,5.649000,4096,134991.215488,134991.215488,134991.215488,134991.215488,134991.215488,134991.215488,134991.215488
36,4.639000,32768,216660.059439,201520.193318,201520.193318,201520.193318,201520.193318,201520.193318,201520.193318
36,4.073000,262144,1772797.371300,1328492.241774,1328492.241774,1328492.241774,1328492.241774,1328492.241774,1328492.241774
