arrival_rate,bp_parameter_L,bp_parameter_H,Dynamic_njobs100_mode1_L2_norm_flow_time,Dynamic_njobs100_mode2_L2_norm_flow_time,Dynamic_njobs100_mode3_L2_norm_flow_time,Dynamic_njobs100_mode4_L2_norm_flow_time,Dynamic_njobs100_mode5_L2_norm_flow_time,Dynamic_njobs100_mode6_L2_norm_flow_time,Dynamic_njobs100_mode7_L2_norm_flow_time
36,16.772000,64,37642.563568,37598.042861,37590.002447,37590.002447,37590.002447,37590.002447,37590.002447
36,7.918000,512,72115.277667,72095.583707,72095.583707,72095.583707,72095.583707,72095.583707,72095.583707
36,4.639000,32768,206329.141536,206329.141536,206329.141536,206329.141536,206329.141536,206329.141536,206329.141536
36,5.649000,4096,135542.024240,136175.538688,135542.024240,135542.024240,135542.024240,135542.024240,135542.024240
36,4.073000,262144,242466.586913,207087.268930,207087.268930,207087.268930,207087.268930,207087.268930,207087.268930
