arrival_rate,bp_parameter_L,bp_parameter_H,Dynamic_njobs100_mode1_L2_norm_flow_time,Dynamic_njobs100_mode2_L2_norm_flow_time,Dynamic_njobs100_mode3_L2_norm_flow_time,Dynamic_njobs100_mode4_L2_norm_flow_time,Dynamic_njobs100_mode5_L2_norm_flow_time,Dynamic_njobs100_mode6_L2_norm_flow_time
36,7.918000,512,21922.168962,21920.928242,21920.928242,21920.928242,21920.928242,21920.928242
36,16.772000,64,14564.940577,14564.940577,14564.940577,14564.940577,14564.940577,14564.940577
36,30.000000,6,19201.797832,19201.797832,19201.797832,19201.797832,19201.797832,19201.797832
36,30.000000,12,18741.990769,18702.686278,18702.686278,18702.686278,18702.686278,18702.686278
36,30.000000,9,16622.384005,16622.384005,16622.384005,16622.384005,16622.384005,16622.384005
36,5.649000,4096,71693.952555,71693.825404,71693.825404,71693.825404,71693.825404,71693.825404
36,4.639000,32768,119641.388821,117252.769174,117252.769174,117252.769174,117252.769174,117252.769174
36,4.073000,262144,295287.375748,295287.375748,295287.375748,295287.375748,295287.375748,295287.375748
