arrival_rate,bp_parameter_L,bp_parameter_H,Dynamic_njobs100_mode1_L2_norm_flow_time,Dynamic_njobs100_mode2_L2_norm_flow_time,Dynamic_njobs100_mode3_L2_norm_flow_time,Dynamic_njobs100_mode4_L2_norm_flow_time,Dynamic_njobs100_mode5_L2_norm_flow_time,Dynamic_njobs100_mode6_L2_norm_flow_time
38,7.918000,512,26434.517000,26434.517000,26434.517000,26434.517000,26434.517000,26434.517000
38,16.772000,64,11830.029586,11779.272940,11779.272940,11779.272940,11779.272940,11779.272940
38,30.000000,6,11506.131757,11506.131757,11506.131757,11506.131757,11506.131757,11506.131757
38,4.639000,32768,124562.973588,124505.168567,124505.168567,124562.973588,124562.973588,124505.168567
38,5.649000,4096,54599.410262,54599.410262,54599.410262,54599.410262,54599.410262,54599.410262
38,4.073000,262144,80894.429512,80894.429512,80894.429512,80894.429512,80894.429512,80894.429512
38,30.000000,9,12659.101469,12579.135145,12579.135145,12579.135145,12579.135145,12579.135145
38,30.000000,12,12475.989099,12455.612711,12455.612711,12475.989099,12475.989099,12455.612711
