arrival_rate,bp_parameter_L,bp_parameter_H,Dynamic_njobs100_mode1_L2_norm_flow_time,Dynamic_njobs100_mode2_L2_norm_flow_time,Dynamic_njobs100_mode3_L2_norm_flow_time,Dynamic_njobs100_mode4_L2_norm_flow_time,Dynamic_njobs100_mode5_L2_norm_flow_time,Dynamic_njobs100_mode6_L2_norm_flow_time
38,30.000000,9,12774.302682,12664.451942,12664.451942,12664.451942,12664.451942,12664.451942
38,30.000000,6,11736.983215,11736.983215,11736.983215,11736.983215,11736.983215,11736.983215
38,7.918000,512,25059.387123,24722.030641,24708.464542,24708.464542,24708.464542,24708.464542
38,5.649000,4096,57834.649173,57834.649173,57834.649173,57834.649173,57834.649173,57834.649173
38,16.772000,64,13402.591055,12842.068875,12842.068875,12842.068875,12842.068875,12842.068875
38,4.073000,262144,130297.214134,130297.214134,130297.214134,130297.214134,130297.214134,130297.214134
38,30.000000,12,13367.601056,13350.644554,13350.644554,13350.644554,13350.644554,13350.644554
38,4.639000,32768,249227.288061,249227.288061,249227.288061,249227.288061,249227.288061,249227.288061
