arrival_rate,bp_parameter_L,bp_parameter_H,Dynamic_njobs100_mode1_L2_norm_flow_time,Dynamic_njobs100_mode2_L2_norm_flow_time,Dynamic_njobs100_mode3_L2_norm_flow_time,Dynamic_njobs100_mode4_L2_norm_flow_time,Dynamic_njobs100_mode5_L2_norm_flow_time,Dynamic_njobs100_mode6_L2_norm_flow_time,Dynamic_njobs100_mode7_L2_norm_flow_time
38,7.918000,512,59444.254752,59426.711006,59426.711006,59426.711006,59426.711006,59426.711006,59426.711006
38,5.649000,4096,114210.638476,114210.638476,114210.638476,114210.638476,114210.638476,114210.638476,114210.638476
38,16.772000,64,25992.292531,25898.580617,25898.580617,25898.580617,25898.580617,25898.580617,25898.580617
38,4.639000,32768,301055.239753,301054.794959,301054.794959,301054.794959,301054.794959,301054.794959,301054.794959
38,4.073000,262144,5956637.340328,755228.270736,755228.270736,755228.270736,755228.270736,755228.270736,755228.270736
