arrival_rate,bp_parameter_L,bp_parameter_H,Dynamic_njobs100_mode1_L2_norm_flow_time,Dynamic_njobs100_mode2_L2_norm_flow_time,Dynamic_njobs100_mode3_L2_norm_flow_time,Dynamic_njobs100_mode4_L2_norm_flow_time,Dynamic_njobs100_mode5_L2_norm_flow_time,Dynamic_njobs100_mode6_L2_norm_flow_time,Dynamic_njobs100_mode7_L2_norm_flow_time
40,5.649000,4096,75119.525491,74531.378949,74531.378949,74531.378949,74531.378949,74531.378949,74531.378949
40,4.073000,262144,215121.909602,142802.591549,142802.591549,142802.591549,142802.591549,142802.591549,142802.591549
40,16.772000,64,22942.214322,22729.237273,22679.547063,22679.547063,22681.010890,22679.547063,22679.547063
40,7.918000,512,49859.264244,49837.582736,49794.238482,49794.238482,49794.238482,49794.238482,49794.238482
40,4.639000,32768,506595.276491,468969.533926,194211.344076,194211.344076,194211.344076,194211.344076,194211.344076
