arrival_rate,bp_parameter_L,bp_parameter_H,Dynamic_njobs100_mode1_L2_norm_flow_time,Dynamic_njobs100_mode2_L2_norm_flow_time,Dynamic_njobs100_mode3_L2_norm_flow_time,Dynamic_njobs100_mode4_L2_norm_flow_time,Dynamic_njobs100_mode5_L2_norm_flow_time,Dynamic_njobs100_mode6_L2_norm_flow_time,Dynamic_njobs100_mode7_L2_norm_flow_time
40,5.649000,4096,106255.484564,106129.775808,106129.775808,106129.775808,106129.775808,106129.775808,106129.775808
40,7.918000,512,38853.402760,38853.402760,38853.402760,38853.402760,38853.402760,38853.402760,38853.402760
40,16.772000,64,22074.549667,22030.649968,22023.684615,22023.684615,22023.684615,22013.689196,22022.643915
40,4.073000,262144,654877.979213,165793.343163,165793.343163,165793.343163,165793.343163,165793.343163,165793.343163
40,4.639000,32768,362632.202592,290016.922377,290016.922377,290016.922377,290016.922377,290016.922377,290016.922377
