arrival_rate,bp_parameter_L,bp_parameter_H,Dynamic_njobs100_mode1_L2_norm_flow_time,Dynamic_njobs100_mode2_L2_norm_flow_time,Dynamic_njobs100_mode3_L2_norm_flow_time,Dynamic_njobs100_mode4_L2_norm_flow_time,Dynamic_njobs100_mode5_L2_norm_flow_time,Dynamic_njobs100_mode6_L2_norm_flow_time
40,16.772000,64,21922.747091,21641.241069,21618.510425,21618.601042,21627.792768,21618.510425
40,7.918000,512,41235.602093,40821.023664,40821.023664,40821.023664,40821.023664,40821.023664
40,30.000000,9,21012.166238,20983.957039,20983.957039,20983.957039,20983.957039,20983.957039
40,5.649000,4096,128842.727455,128789.752286,128789.752286,128789.752286,128789.752286,128789.752286
40,30.000000,12,22326.110432,22190.635615,22171.291257,22171.291257,22180.371976,22171.291257
40,30.000000,6,20030.930133,20030.930133,20030.930133,20030.930133,20030.930133,20030.930133
40,4.639000,32768,313114.417892,301975.321868,301975.321868,301975.321868,301975.321868,301975.321868
40,4.073000,262144,755117.841699,754599.734601,754599.734601,754599.734601,754599.734601,754599.734601
