arrival_rate,bp_parameter_L,bp_parameter_H,Dynamic_njobs100_mode1_L2_norm_flow_time,Dynamic_njobs100_mode2_L2_norm_flow_time,Dynamic_njobs100_mode3_L2_norm_flow_time,Dynamic_njobs100_mode4_L2_norm_flow_time,Dynamic_njobs100_mode5_L2_norm_flow_time,Dynamic_njobs100_mode6_L2_norm_flow_time,Dynamic_njobs100_mode7_L2_norm_flow_time
40,5.649000,4096,120067.975909,120035.601740,120035.601740,120035.601740,120035.601740,120035.601740,120035.601740
40,7.918000,512,42093.139857,41949.828069,41949.828069,41949.828069,41949.828069,41949.828069,41949.828069
40,16.772000,64,23261.474631,23070.637096,23071.308762,23074.972568,23074.972568,23066.623810,23066.623810
40,4.639000,32768,149048.220385,122714.912390,122714.912390,122714.912390,122714.912390,122714.912390,122714.912390
40,4.073000,262144,465793.085095,324911.599053,324911.599053,324911.599053,324911.599053,324911.599053,324911.599053
