arrival_rate,bp_parameter_L,bp_parameter_H,Dynamic_njobs100_mode1_L2_norm_flow_time,Dynamic_njobs100_mode2_L2_norm_flow_time,Dynamic_njobs100_mode3_L2_norm_flow_time,Dynamic_njobs100_mode4_L2_norm_flow_time,Dynamic_njobs100_mode5_L2_norm_flow_time,Dynamic_njobs100_mode6_L2_norm_flow_time
40,16.772000,64,22698.010508,22587.180214,22587.180214,22587.180214,22587.180214,22587.180214
40,5.649000,4096,132465.317442,132465.317442,132465.317442,132465.317442,132465.317442,132465.317442
40,30.000000,12,24222.935351,24094.946877,24095.438199,24095.438199,24095.241128,24095.438199
40,30.000000,6,20975.885488,20970.860760,20970.860760,20970.860760,20970.860760,20970.860760
40,7.918000,512,41755.035852,41707.335314,41703.148023,41703.148023,41703.148023,41703.148023
40,30.000000,9,21430.454078,21410.763508,21410.763508,21410.763508,21410.763508,21410.763508
40,4.639000,32768,232557.004233,232557.004233,232557.004233,232557.004233,232557.004233,232557.004233
40,4.073000,262144,489749.312948,262657.710380,262657.710380,262657.710380,262657.710380,262657.710380
