arrival_rate,bp_parameter_L,bp_parameter_H,Dynamic_njobs100_mode1_L2_norm_flow_time,Dynamic_njobs100_mode2_L2_norm_flow_time,Dynamic_njobs100_mode3_L2_norm_flow_time,Dynamic_njobs100_mode4_L2_norm_flow_time,Dynamic_njobs100_mode5_L2_norm_flow_time,Dynamic_njobs100_mode6_L2_norm_flow_time,Dynamic_njobs100_mode7_L2_norm_flow_time
40,7.918000,512,44330.182246,44064.965880,44064.965880,44064.965880,44064.965880,44064.965880,44064.965880
40,5.649000,4096,82265.666830,82119.666664,82119.666664,82119.666664,82119.666664,82119.666664,82119.666664
40,16.772000,64,23293.120293,22747.414293,22558.697680,22558.697680,22558.697680,22558.697680,22558.697680
40,4.639000,32768,120875.587817,120136.784579,120136.784579,120136.784579,120136.784579,120136.784579,120136.784579
40,4.073000,262144,171956.723396,171935.972341,171935.972341,171935.972341,171935.972341,171935.972341,171935.972341
