arrival_rate,bp_parameter_L,bp_parameter_H,Dynamic_njobs100_mode1_L2_norm_flow_time,Dynamic_njobs100_mode2_L2_norm_flow_time,Dynamic_njobs100_mode3_L2_norm_flow_time,Dynamic_njobs100_mode4_L2_norm_flow_time,Dynamic_njobs100_mode5_L2_norm_flow_time,Dynamic_njobs100_mode6_L2_norm_flow_time
40,7.918000,512,20041.896068,20041.896068,20041.896068,20041.896068,20041.896068,20041.896068
40,16.772000,64,10462.828155,10420.054127,10420.054127,10420.054127,10420.054127,10420.054127
40,30.000000,6,10092.031361,10092.031361,10092.031361,10092.031361,10092.031361,10092.031361
40,30.000000,12,11712.295164,11690.759214,11690.759214,11695.608065,11705.633729,11682.314711
40,4.639000,32768,99832.193209,99832.193209,99832.193209,99832.193209,99832.193209,99832.193209
40,30.000000,9,9559.320007,9559.320007,9559.320007,9559.320007,9559.320007,9559.320007
40,5.649000,4096,65680.091580,65674.466088,65674.466088,65674.466088,65674.466088,65674.466088
40,4.073000,262144,1293240.317107,416045.822653,416045.822653,416047.401059,416047.401059,416045.822653
