arrival_rate,bp_parameter_L,bp_parameter_H,Dynamic_njobs100_mode1_L2_norm_flow_time,Dynamic_njobs100_mode2_L2_norm_flow_time,Dynamic_njobs100_mode3_L2_norm_flow_time,Dynamic_njobs100_mode4_L2_norm_flow_time,Dynamic_njobs100_mode5_L2_norm_flow_time,Dynamic_njobs100_mode6_L2_norm_flow_time
40,5.649000,4096,54587.013282,54587.013282,54587.013282,54587.013282,54587.013282,54587.013282
40,7.918000,512,21253.329880,21253.329880,21253.329880,21253.329880,21253.329880,21253.329880
40,30.000000,6,10017.424819,10017.424819,10017.424819,10017.424819,10017.424819,10017.424819
40,30.000000,9,11097.409788,11097.409788,11097.409788,11097.409788,11097.409788,11097.409788
40,4.639000,32768,185392.611956,185392.611956,185392.611956,185392.611956,185392.611956,185392.611956
40,16.772000,64,12137.404994,11848.240587,12103.150210,12103.150210,12101.863410,11842.579829
40,30.000000,12,11835.375871,11781.357732,11781.357732,11781.357732,11781.357732,11781.357732
40,4.073000,262144,448552.757265,448552.757265,448552.757265,448552.757265,448552.757265,448552.757265
