arrival_rate,bp_parameter_L,bp_parameter_H,BAL_L2_norm_flow_time
20,4.073000,262144,654917.997897
20,4.639000,32768,998109.426964
20,5.649000,4096,1616163.456088
20,7.918000,512,3085021.800037
20,16.772000,64,6696555.773018
20,30.000000,6,7650815.883792
20,30.000000,9,6861568.135130
20,30.000000,12,7192521.760859
