arrival_rate,bp_parameter_L,bp_parameter_H,BAL_L2_norm_flow_time
20,4.073000,262144,657956.865838
20,4.639000,32768,879279.998131
20,5.649000,4096,1708664.416084
20,7.918000,512,3145092.658947
20,16.772000,64,6686647.626585
20,30.000000,6,7614673.872118
20,30.000000,9,6838388.028462
20,30.000000,12,6903850.218938
