arrival_rate,bp_parameter_L,bp_parameter_H,BAL_L2_norm_flow_time
20,4.073000,262144,4467434.963076
20,4.639000,32768,7830627.697674
20,5.649000,4096,13621168.022448
20,7.918000,512,25638181.864168
20,16.772000,64,55138991.552885
20,30.000000,6,63320999.790569
20,30.000000,9,61329550.035302
20,30.000000,12,56860181.259794
