arrival_rate,bp_parameter_L,bp_parameter_H,BAL_L2_norm_flow_time
20,4.073000,262144,4244708.245424
20,4.639000,32768,8280166.314385
20,5.649000,4096,12953824.130273
20,7.918000,512,24645900.759961
20,16.772000,64,54292856.646348
20,30.000000,6,63721295.516137
20,30.000000,9,60177369.666535
20,30.000000,12,57414482.756912
