arrival_rate,bp_parameter_L,bp_parameter_H,BAL_L2_norm_flow_time
22,4.073000,262144,2490548.295458
22,4.639000,32768,6090042.424348
22,5.649000,4096,10633196.773395
22,7.918000,512,20603040.312402
22,16.772000,64,47500931.661539
22,30.000000,6,54531315.979591
22,30.000000,9,51841841.501337
22,30.000000,12,49401436.178463
