arrival_rate,bp_parameter_L,bp_parameter_H,BAL_L2_norm_flow_time
22,4.073000,262144,428938.224732
22,4.639000,32768,608510.804199
22,5.649000,4096,1493129.598361
22,7.918000,512,2466734.061472
22,16.772000,64,5439267.297923
22,30.000000,6,6435330.458357
22,30.000000,9,6412528.053981
22,30.000000,12,5653579.565946
