arrival_rate,bp_parameter_L,bp_parameter_H,BAL_L2_norm_flow_time
22,4.073000,262144,2723675.112893
22,4.639000,32768,4929114.743324
22,5.649000,4096,10922031.734419
22,7.918000,512,21133896.892756
22,16.772000,64,46614846.693358
22,30.000000,6,55686872.616304
22,30.000000,9,51840711.300166
22,30.000000,12,48715116.313696
22,50.000000,25,3955727.248337
22,250.000000,100,28883624.449313
22,1000.000000,400,118963028.096517
