arrival_rate,bp_parameter_L,bp_parameter_H,BAL_L2_norm_flow_time
22,4.073000,262144,417056.493859
22,4.639000,32768,785822.797102
22,5.649000,4096,1464645.438829
22,7.918000,512,2387851.392493
22,16.772000,64,5490772.936754
22,30.000000,6,6492666.543458
22,30.000000,9,6073961.203591
22,30.000000,12,5852590.603198
