arrival_rate,bp_parameter_L,bp_parameter_H,BAL_L2_norm_flow_time
22,4.073000,262144,379835.081043
22,4.639000,32768,633521.469717
22,5.649000,4096,1545874.128536
22,7.918000,512,2537183.204495
22,16.772000,64,5646023.108731
22,30.000000,6,6744582.240982
22,30.000000,9,6035788.878797
22,30.000000,12,5882778.744419
