arrival_rate,bp_parameter_L,bp_parameter_H,BAL_L2_norm_flow_time
22,4.073000,262144,2938717.213702
22,4.639000,32768,5310372.302245
22,5.649000,4096,10328802.972409
22,7.918000,512,24688010.606605
22,16.772000,64,37665892.736088
