arrival_rate,bp_parameter_L,bp_parameter_H,BAL_L2_norm_flow_time
22,4.073000,262144,3090513.978814
22,4.639000,32768,5743423.299262
22,5.649000,4096,11718138.972425
22,7.918000,512,20911949.216442
22,16.772000,64,48521951.861183
22,30.000000,6,54195389.856978
22,30.000000,9,52372519.277837
22,30.000000,12,49817622.541874
22,50.000000,25,3864135.547138
22,250.000000,100,28220864.436780
22,1000.000000,400,121520018.471413
