arrival_rate,bp_parameter_L,bp_parameter_H,BAL_L2_norm_flow_time
22,4.073000,262144,687829.398483
22,4.639000,32768,591909.853406
22,5.649000,4096,1252560.880489
22,7.918000,512,2503505.406708
22,16.772000,64,5592874.320010
22,30.000000,6,6522210.510428
22,30.000000,9,6314483.131756
22,30.000000,12,5956840.710751
