arrival_rate,bp_parameter_L,bp_parameter_H,BAL_L2_norm_flow_time
22,4.073000,262144,2294986.413978
22,4.639000,32768,6225402.478215
22,5.649000,4096,10379165.858964
22,7.918000,512,20838945.191526
22,16.772000,64,46585408.731085
22,30.000000,6,54197476.114506
22,30.000000,9,53004562.720616
22,30.000000,12,49952879.027789
