arrival_rate,bp_parameter_L,bp_parameter_H,BAL_L2_norm_flow_time
22,4.073000,262144,2983581.254811
22,4.639000,32768,5466643.468484
22,5.649000,4096,10896323.473973
22,7.918000,512,20959302.753880
22,16.772000,64,48634423.107920
22,30.000000,6,55557707.716537
22,30.000000,9,53193739.143483
22,30.000000,12,49990203.622645
