arrival_rate,bp_parameter_L,bp_parameter_H,BAL_L2_norm_flow_time
22,4.073000,262144,393890.285977
22,4.639000,32768,592295.830068
22,5.649000,4096,1150811.199416
22,7.918000,512,2562623.973193
22,16.772000,64,5496652.122780
22,30.000000,6,6527117.364256
22,30.000000,9,6188067.021997
22,30.000000,12,5771604.580570
