arrival_rate,bp_parameter_L,bp_parameter_H,BAL_L2_norm_flow_time
24,4.073000,262144,2121053.980890
24,4.639000,32768,4230817.938042
24,5.649000,4096,8875096.383090
24,7.918000,512,16634046.825270
24,16.772000,64,28711914.383555
