arrival_rate,bp_parameter_L,bp_parameter_H,BAL_L2_norm_flow_time
24,4.073000,262144,325554.248612
24,4.639000,32768,601565.725522
24,5.649000,4096,1183109.476874
24,7.918000,512,2059030.457677
24,16.772000,64,4767675.904754
24,30.000000,6,5398935.668912
24,30.000000,9,4740347.300306
24,30.000000,12,4874348.184630
