arrival_rate,bp_parameter_L,bp_parameter_H,BAL_L2_norm_flow_time
24,4.073000,262144,1564998.732185
24,4.639000,32768,4608623.444409
24,5.649000,4096,8368175.217906
24,7.918000,512,15765645.402560
24,16.772000,64,39543877.642259
24,30.000000,6,45211001.106101
24,30.000000,9,43283044.940127
24,30.000000,12,39891573.013008
