arrival_rate,bp_parameter_L,bp_parameter_H,BAL_L2_norm_flow_time
24,4.073000,262144,428520.105451
24,4.639000,32768,497864.380913
24,5.649000,4096,1117755.248091
24,7.918000,512,1968090.335702
24,16.772000,64,4459563.500772
24,30.000000,6,5301501.456108
24,30.000000,9,4782445.235306
24,30.000000,12,4766468.807849
