arrival_rate,bp_parameter_L,bp_parameter_H,BAL_L2_norm_flow_time
24,4.073000,262144,2595761.313786
24,4.639000,32768,3673112.878559
24,5.649000,4096,8474765.558317
24,7.918000,512,15959795.911837
24,16.772000,64,38562656.345695
24,30.000000,6,45064604.923038
24,30.000000,9,42197911.582774
24,30.000000,12,40595495.852330
