arrival_rate,bp_parameter_L,bp_parameter_H,BAL_L2_norm_flow_time
26,4.073000,262144,1536046.608238
26,4.639000,32768,3534704.482109
26,5.649000,4096,5427945.582152
26,7.918000,512,11644821.889501
26,16.772000,64,29900264.936956
26,30.000000,6,35880366.737466
26,30.000000,9,32780150.949653
26,30.000000,12,30399782.246678
