arrival_rate,bp_parameter_L,bp_parameter_H,BAL_L2_norm_flow_time
26,4.073000,262144,402226.996045
26,4.639000,32768,672261.182678
26,5.649000,4096,546916.902779
26,7.918000,512,1480752.605724
26,16.772000,64,3086771.562318
26,30.000000,6,3691407.721084
26,30.000000,9,3302931.760863
26,30.000000,12,3501944.917684
