arrival_rate,bp_parameter_L,bp_parameter_H,BAL_L2_norm_flow_time
26,4.073000,262144,1554524.089762
26,4.639000,32768,3212686.475848
26,5.649000,4096,5385298.422745
26,7.918000,512,12780627.547957
26,16.772000,64,19406882.494353
