arrival_rate,bp_parameter_L,bp_parameter_H,BAL_L2_norm_flow_time
26,4.073000,262144,331504.723101
26,4.639000,32768,355356.357315
26,5.649000,4096,752341.046910
26,7.918000,512,1537798.608756
26,16.772000,64,3384115.703366
26,30.000000,6,3439659.440327
26,30.000000,9,3628626.650806
26,30.000000,12,3438548.264438
