arrival_rate,bp_parameter_L,bp_parameter_H,BAL_L2_norm_flow_time
26,4.073000,262144,1952033.117760
26,4.639000,32768,4274964.599312
26,5.649000,4096,6179169.467669
26,7.918000,512,11286900.335187
26,16.772000,64,28458634.333436
26,30.000000,6,33921970.996205
26,30.000000,9,31754694.128867
26,30.000000,12,30303097.569694
