arrival_rate,bp_parameter_L,bp_parameter_H,BAL_L2_norm_flow_time
26,4.073000,262144,360521.404761
26,4.639000,32768,738292.553102
26,5.649000,4096,643546.290170
26,7.918000,512,1279122.660289
26,16.772000,64,3450923.119476
26,30.000000,6,3413797.078238
26,30.000000,9,3099878.379425
26,30.000000,12,3438426.295694
