arrival_rate,bp_parameter_L,bp_parameter_H,BAL_L2_norm_flow_time
26,4.073000,262144,239715.361544
26,4.639000,32768,470637.673155
26,5.649000,4096,612146.357725
26,7.918000,512,1798581.773551
26,16.772000,64,2769898.960798
26,30.000000,6,3486174.189548
26,30.000000,9,3871906.010152
26,30.000000,12,3981349.378860
