arrival_rate,bp_parameter_L,bp_parameter_H,BAL_L2_norm_flow_time
26,4.073000,262144,435076.053647
26,4.639000,32768,431973.635160
26,5.649000,4096,809870.851116
26,7.918000,512,1605278.766759
26,16.772000,64,2855136.199174
26,30.000000,6,3685029.087358
26,30.000000,9,3375179.253744
26,30.000000,12,3145960.097443
