arrival_rate,bp_parameter_L,bp_parameter_H,BAL_L2_norm_flow_time
26,4.073000,262144,226046.292602
26,4.639000,32768,193727.818784
26,5.649000,4096,660794.191623
26,7.918000,512,1501929.547956
26,16.772000,64,3037751.255029
26,30.000000,6,3918216.085785
26,30.000000,9,3644569.677501
26,30.000000,12,2977902.452387
