arrival_rate,bp_parameter_L,bp_parameter_H,BAL_L2_norm_flow_time
26,4.073000,262144,295084.279239
26,4.639000,32768,371156.340419
26,5.649000,4096,891711.446492
26,7.918000,512,1654690.931925
26,16.772000,64,3112908.436328
26,30.000000,6,3504264.827292
26,30.000000,9,3023245.171931
26,30.000000,12,3520697.797564
