arrival_rate,bp_parameter_L,bp_parameter_H,BAL_L2_norm_flow_time
28,4.073000,262144,462502.256506
28,4.639000,32768,1654642.172478
28,5.649000,4096,3637414.301507
28,7.918000,512,7872191.986004
28,16.772000,64,15435789.084129
28,30.000000,6,22287960.066017
28,30.000000,9,18401268.126374
28,30.000000,12,18608709.241935
