arrival_rate,bp_parameter_L,bp_parameter_H,BAL_L2_norm_flow_time
28,4.073000,262144,61185.041227
28,4.639000,32768,199390.557673
28,5.649000,4096,503325.092115
28,7.918000,512,1151191.286906
28,16.772000,64,1635264.407844
28,30.000000,6,1612835.555831
28,30.000000,9,1748907.004393
28,30.000000,12,1460287.981879
