arrival_rate,bp_parameter_L,bp_parameter_H,BAL_L2_norm_flow_time
28,4.073000,262144,121898.756848
28,4.639000,32768,259405.541377
28,5.649000,4096,593474.811651
28,7.918000,512,969682.501117
28,16.772000,64,1557346.855440
28,30.000000,6,1540934.029783
28,30.000000,9,1780010.230011
28,30.000000,12,1601340.594621
