arrival_rate,bp_parameter_L,bp_parameter_H,BAL_L2_norm_flow_time
28,4.073000,262144,816995.691615
28,4.639000,32768,2459557.153838
28,5.649000,4096,3325260.419908
28,7.918000,512,6987157.415759
28,16.772000,64,14457764.817121
28,30.000000,6,19514103.170156
28,30.000000,9,17482875.736874
28,30.000000,12,14941614.319755
