arrival_rate,bp_parameter_L,bp_parameter_H,BAL_L2_norm_flow_time
28,4.073000,262144,242957.410222
28,4.639000,32768,153986.754937
28,5.649000,4096,571860.337861
28,7.918000,512,1105588.740454
28,16.772000,64,1174727.403281
28,30.000000,6,1801696.175173
28,30.000000,9,1876832.378035
28,30.000000,12,1763810.912426
