arrival_rate,bp_parameter_L,bp_parameter_H,BAL_L2_norm_flow_time
30,4.073000,262144,542772.478679
30,4.639000,32768,323811.975546
30,5.649000,4096,1266392.756946
30,7.918000,512,5473277.737481
30,16.772000,64,3849200.326152
