arrival_rate,bp_parameter_L,bp_parameter_H,BAL_L2_norm_flow_time
30,4.073000,262144,378891.056226
30,4.639000,32768,102169.823676
30,5.649000,4096,351166.800948
30,7.918000,512,677380.413041
30,16.772000,64,717922.612941
30,30.000000,6,674828.188095
30,30.000000,9,1003120.265977
30,30.000000,12,644531.308136
