arrival_rate,bp_parameter_L,bp_parameter_H,BAL_L2_norm_flow_time
30,4.073000,262144,269862.535508
30,4.639000,32768,221727.712064
30,5.649000,4096,273787.805455
30,7.918000,512,259174.841898
30,16.772000,64,704692.919166
30,30.000000,6,508519.728124
30,30.000000,9,451177.763180
30,30.000000,12,591874.037260
