arrival_rate,bp_parameter_L,bp_parameter_H,BAL_L2_norm_flow_time
32,4.073000,262144,1479239.411910
32,4.639000,32768,424261.400534
32,5.649000,4096,611663.772081
32,7.918000,512,282707.419057
32,16.772000,64,200611.058613
32,30.000000,6,326966.974598
32,30.000000,9,406743.823583
32,30.000000,12,546384.977564
