arrival_rate,bp_parameter_L,bp_parameter_H,BAL_L2_norm_flow_time
32,4.073000,262144,558589.432115
32,4.639000,32768,570329.291273
32,5.649000,4096,816414.172155
32,7.918000,512,374339.578598
32,16.772000,64,202646.624643
32,30.000000,6,313448.048394
32,30.000000,9,292784.706933
32,30.000000,12,236837.916622
