arrival_rate,bp_parameter_L,bp_parameter_H,BAL_L2_norm_flow_time
32,4.073000,262144,120342.134147
32,4.639000,32768,65655.334185
32,5.649000,4096,94759.059382
32,7.918000,512,137220.845093
32,16.772000,64,75325.308562
32,30.000000,6,129398.446103
32,30.000000,9,43163.713198
32,30.000000,12,89090.881065
