arrival_rate,bp_parameter_L,bp_parameter_H,BAL_L2_norm_flow_time
32,4.073000,262144,406629.962971
32,4.639000,32768,867500.243458
32,5.649000,4096,425754.348881
32,7.918000,512,331606.596643
32,16.772000,64,230258.644276
32,30.000000,6,216070.144370
32,30.000000,9,359184.733451
32,30.000000,12,351649.255425
32,50.000000,25,2699891.083407
32,250.000000,100,27601462.391075
32,1000.000000,400,118528437.169465
