arrival_rate,bp_parameter_L,bp_parameter_H,BAL_L2_norm_flow_time
32,4.073000,262144,110583.337515
32,4.639000,32768,71104.670135
32,5.649000,4096,101085.070515
32,7.918000,512,130698.540573
32,16.772000,64,100806.977383
32,30.000000,6,86069.426535
32,30.000000,9,110620.879747
32,30.000000,12,73073.592077
