arrival_rate,bp_parameter_L,bp_parameter_H,BAL_L2_norm_flow_time
32,4.073000,262144,82748.898101
32,4.639000,32768,197132.558909
32,5.649000,4096,137011.456897
32,7.918000,512,233624.511790
32,16.772000,64,120006.738502
32,30.000000,6,107626.671843
32,30.000000,9,153360.216872
32,30.000000,12,103378.585191
