arrival_rate,bp_parameter_L,bp_parameter_H,BAL_L2_norm_flow_time
32,4.073000,262144,176517.474160
32,4.639000,32768,293700.730045
32,5.649000,4096,111734.444908
32,7.918000,512,83742.924716
32,16.772000,64,142225.937297
32,30.000000,6,97994.001674
32,30.000000,9,133527.696985
32,30.000000,12,104625.037864
