arrival_rate,bp_parameter_L,bp_parameter_H,BAL_L2_norm_flow_time
32,4.073000,262144,118836.603343
32,4.639000,32768,58048.249629
32,5.649000,4096,281769.238204
32,7.918000,512,56219.470408
32,16.772000,64,126927.805492
32,30.000000,6,177491.996332
32,30.000000,9,92116.708094
32,30.000000,12,60208.742281
