arrival_rate,bp_parameter_L,bp_parameter_H,BAL_L2_norm_flow_time
32,4.073000,262144,183610.133198
32,4.639000,32768,203964.549633
32,5.649000,4096,374643.277403
32,7.918000,512,65277.502166
32,16.772000,64,81591.559802
32,30.000000,6,114514.968454
32,30.000000,9,175262.321444
32,30.000000,12,151730.457351
