arrival_rate,bp_parameter_L,bp_parameter_H,BAL_L2_norm_flow_time
32,4.073000,262144,474012.516295
32,4.639000,32768,386265.915093
32,5.649000,4096,287659.608793
32,7.918000,512,311993.339195
32,16.772000,64,229256.912890
32,30.000000,6,271366.035587
32,30.000000,9,186177.107556
32,30.000000,12,299710.619688
32,50.000000,25,2841665.696610
32,250.000000,100,27758835.184740
32,1000.000000,400,121559577.895887
