arrival_rate,bp_parameter_L,bp_parameter_H,BAL_L2_norm_flow_time
34,4.073000,262144,1261189.250788
34,4.639000,32768,382626.784317
34,5.649000,4096,174682.515685
34,7.918000,512,110112.736934
34,16.772000,64,64705.885196
34,30.000000,6,88044.331430
34,30.000000,9,100160.710001
34,30.000000,12,70614.901749
34,50.000000,25,2482683.602098
34,250.000000,100,27557083.570462
34,1000.000000,400,118873220.784244
