arrival_rate,bp_parameter_L,bp_parameter_H,BAL_L2_norm_flow_time
34,4.073000,262144,89516.216011
34,4.639000,32768,74458.658717
34,5.649000,4096,102786.069732
34,7.918000,512,51263.925279
34,16.772000,64,32176.261762
34,30.000000,6,29904.094753
34,30.000000,9,40075.915660
34,30.000000,12,45717.338571
