arrival_rate,bp_parameter_L,bp_parameter_H,BAL_L2_norm_flow_time
34,4.073000,262144,287538.909661
34,4.639000,32768,77536.474069
34,5.649000,4096,75105.754234
34,7.918000,512,60516.651353
34,16.772000,64,28282.519071
34,30.000000,6,33045.626155
34,30.000000,9,34174.181980
34,30.000000,12,42996.520266
