arrival_rate,bp_parameter_L,bp_parameter_H,BAL_L2_norm_flow_time
34,4.073000,262144,360443.098526
34,4.639000,32768,302772.574463
34,5.649000,4096,130686.788116
34,7.918000,512,85104.717402
34,16.772000,64,89187.158863
34,30.000000,6,87594.997323
34,30.000000,9,73290.577635
34,30.000000,12,130211.253316
