arrival_rate,bp_parameter_L,bp_parameter_H,BAL_L2_norm_flow_time
34,4.073000,262144,36863.667276
34,4.639000,32768,96764.611336
34,5.649000,4096,89889.858399
34,7.918000,512,49413.758853
34,16.772000,64,36585.684741
34,30.000000,6,36543.208863
34,30.000000,9,34001.307416
34,30.000000,12,51227.180081
