arrival_rate,bp_parameter_L,bp_parameter_H,BAL_L2_norm_flow_time
34,4.073000,262144,416382.555928
34,4.639000,32768,204487.857776
34,5.649000,4096,230816.630685
34,7.918000,512,106101.331127
34,16.772000,64,86302.673499
34,30.000000,6,87579.632410
34,30.000000,9,87106.047063
34,30.000000,12,78014.786868
