arrival_rate,bp_parameter_L,bp_parameter_H,BAL_L2_norm_flow_time
34,4.073000,262144,358095.763671
34,4.639000,32768,306708.308942
34,5.649000,4096,160197.721738
34,7.918000,512,105191.583190
34,16.772000,64,88866.230746
34,30.000000,6,89213.908647
34,30.000000,9,94963.068600
34,30.000000,12,85495.289783
