arrival_rate,bp_parameter_L,bp_parameter_H,BAL_L2_norm_flow_time
34,4.073000,262144,169768.428528
34,4.639000,32768,324855.331032
34,5.649000,4096,92358.111003
34,7.918000,512,47964.056084
34,16.772000,64,44672.083520
34,30.000000,6,44824.735660
34,30.000000,9,42952.472862
34,30.000000,12,49483.567181
