arrival_rate,bp_parameter_L,bp_parameter_H,BAL_L2_norm_flow_time
36,4.073000,262144,250763.458335
36,4.639000,32768,222445.584535
36,5.649000,4096,139559.126950
36,7.918000,512,84443.612056
36,16.772000,64,60305.293358
36,30.000000,6,55133.644782
36,30.000000,9,46610.980412
36,30.000000,12,46330.815685
