arrival_rate,bp_parameter_L,bp_parameter_H,BAL_L2_norm_flow_time
36,4.073000,262144,55836.005937
36,4.639000,32768,80133.394992
36,5.649000,4096,49537.718498
36,7.918000,512,31361.198941
36,16.772000,64,19206.880954
36,30.000000,6,27716.938377
36,30.000000,9,25989.882628
36,30.000000,12,21240.086370
