arrival_rate,bp_parameter_L,bp_parameter_H,BAL_L2_norm_flow_time
36,4.073000,262144,1328302.956837
36,4.639000,32768,201481.153146
36,5.649000,4096,134982.107096
36,7.918000,512,81453.865298
36,16.772000,64,54218.819768
