arrival_rate,bp_parameter_L,bp_parameter_H,BAL_L2_norm_flow_time
36,4.073000,262144,32072.986016
36,4.639000,32768,36431.390009
36,5.649000,4096,67915.997497
36,7.918000,512,35236.262359
36,16.772000,64,23138.937897
36,30.000000,6,25148.476634
36,30.000000,9,24854.862180
36,30.000000,12,29118.185692
