arrival_rate,bp_parameter_L,bp_parameter_H,BAL_L2_norm_flow_time
36,4.073000,262144,119188.399742
36,4.639000,32768,220592.175736
36,5.649000,4096,57767.770833
36,7.918000,512,33971.326718
36,16.772000,64,21522.763252
36,30.000000,6,41599.002933
36,30.000000,9,24699.729007
36,30.000000,12,26209.913086
