arrival_rate,bp_parameter_L,bp_parameter_H,BAL_L2_norm_flow_time
36,4.073000,262144,346758.436477
36,4.639000,32768,203515.369282
36,5.649000,4096,114540.994234
36,7.918000,512,62650.030231
36,16.772000,64,50180.723002
36,30.000000,6,47715.160966
36,30.000000,9,57716.058225
36,30.000000,12,55719.975332
36,50.000000,25,2438718.610623
36,250.000000,100,26938691.448315
36,1000.000000,400,118577713.729448
