arrival_rate,bp_parameter_L,bp_parameter_H,BAL_L2_norm_flow_time
36,4.073000,262144,171217.882641
36,4.639000,32768,20416.861708
36,5.649000,4096,46968.968256
36,7.918000,512,108242.088154
36,16.772000,64,21604.110188
36,30.000000,6,24630.052903
36,30.000000,9,22989.330177
36,30.000000,12,17965.396294
