arrival_rate,bp_parameter_L,bp_parameter_H,BAL_L2_norm_flow_time
36,4.073000,262144,92898.113275
36,4.639000,32768,114702.985837
36,5.649000,4096,66246.665622
36,7.918000,512,30062.951568
36,16.772000,64,19479.115817
36,30.000000,6,24874.129030
36,30.000000,9,34065.381563
36,30.000000,12,25171.583760
