arrival_rate,bp_parameter_L,bp_parameter_H,BAL_L2_norm_flow_time
38,4.073000,262144,544311.641837
38,4.639000,32768,378545.959418
38,5.649000,4096,100875.189398
38,7.918000,512,53852.383726
38,16.772000,64,37090.894071
38,30.000000,6,32852.049205
38,30.000000,9,37311.187679
38,30.000000,12,38537.377350
