arrival_rate,bp_parameter_L,bp_parameter_H,BAL_L2_norm_flow_time
38,4.073000,262144,227328.987338
38,4.639000,32768,221162.111190
38,5.649000,4096,87037.483069
38,7.918000,512,51686.623647
38,16.772000,64,32011.614424
