arrival_rate,bp_parameter_L,bp_parameter_H,BAL_L2_norm_flow_time
38,4.073000,262144,117174.623900
38,4.639000,32768,225458.424664
38,5.649000,4096,112194.965890
38,7.918000,512,58327.874597
38,16.772000,64,34220.271419
