arrival_rate,bp_parameter_L,bp_parameter_H,BAL_L2_norm_flow_time
38,4.073000,262144,308392.749832
38,4.639000,32768,298506.067072
38,5.649000,4096,118557.403754
38,7.918000,512,52329.401630
38,16.772000,64,36773.801598
38,30.000000,6,33344.506024
38,30.000000,9,36742.327199
38,30.000000,12,33258.876725
