arrival_rate,bp_parameter_L,bp_parameter_H,BAL_L2_norm_flow_time
38,4.073000,262144,457632.979287
38,4.639000,32768,192715.639096
38,5.649000,4096,93393.158909
38,7.918000,512,46667.498262
38,16.772000,64,34600.821450
38,30.000000,6,35123.606421
38,30.000000,9,35049.230776
38,30.000000,12,32155.306871
