arrival_rate,bp_parameter_L,bp_parameter_H,BAL_L2_norm_flow_time
38,4.073000,262144,109129.857431
38,4.639000,32768,266793.368499
38,5.649000,4096,104068.354748
38,7.918000,512,53581.404685
38,16.772000,64,31429.991409
