arrival_rate,bp_parameter_L,bp_parameter_H,BAL_L2_norm_flow_time
40,4.073000,262144,41536.126818
40,4.639000,32768,116284.637489
40,5.649000,4096,46160.155253
40,7.918000,512,23960.341024
40,16.772000,64,13551.333698
40,30.000000,6,13878.087044
40,30.000000,9,11422.756585
40,30.000000,12,12431.586021
