arrival_rate,bp_parameter_L,bp_parameter_H,BAL_L2_norm_flow_time
40,4.073000,262144,63208.991156
40,4.639000,32768,61232.641679
40,5.649000,4096,41073.447384
40,7.918000,512,24571.558009
40,16.772000,64,13191.507685
40,30.000000,6,15879.950094
40,30.000000,9,12033.119587
40,30.000000,12,12314.278623
