arrival_rate,bp_parameter_L,bp_parameter_H,BAL_L2_norm_flow_time
40,4.073000,262144,175106.274788
40,4.639000,32768,169349.097458
40,5.649000,4096,87487.261410
40,7.918000,512,45829.135318
40,16.772000,64,27606.450768
40,30.000000,6,26073.487128
40,30.000000,9,27626.030135
40,30.000000,12,26839.633716
40,50.000000,25,1831367.856453
40,250.000000,100,26833489.108576
40,1000.000000,400,117435546.154619
