arrival_rate,bp_parameter_L,bp_parameter_H,BAL_L2_norm_flow_time
40,4.073000,262144,236556.874943
40,4.639000,32768,202957.939586
40,5.649000,4096,85205.831432
40,7.918000,512,41960.360222
40,16.772000,64,27225.756904
