arrival_rate,bp_parameter_L,bp_parameter_H,BAL_L2_norm_flow_time
40,4.073000,262144,68917.153249
40,4.639000,32768,62080.193371
40,5.649000,4096,38469.553364
40,7.918000,512,28144.286010
40,16.772000,64,14327.017484
40,30.000000,6,15433.806821
40,30.000000,9,12985.548390
40,30.000000,12,13004.365036
