arrival_rate,bp_parameter_L,bp_parameter_H,BAL_L2_norm_flow_time
40,4.073000,262144,135983.562540
40,4.639000,32768,160869.036101
40,5.649000,4096,33879.107633
40,7.918000,512,23443.095401
40,16.772000,64,13211.610689
40,30.000000,6,14953.049254
40,30.000000,9,14440.585895
40,30.000000,12,12280.001629
