arrival_rate,bp_parameter_L,bp_parameter_H,Dynamic_njobs1_mode1_L2_norm_flow_time
20,13.000000,262144,82368590.412536
20,15.300000,32768,104949326.277022
20,19.700000,4096,144247349.621859
20,32.300000,512,223514947.118970
