arrival_rate,bp_parameter_L,bp_parameter_H,Dynamic_njobs1_mode1_L2_norm_flow_time
26,13.000000,262144,69499127.883245
26,15.300000,32768,93063336.240189
26,19.700000,4096,128007921.524897
26,32.300000,512,206728268.753309
