arrival_rate,bp_parameter_L,bp_parameter_H,Dynamic_njobs1_mode1_L2_norm_flow_time
30,13.000000,262144,60888599.083545
30,15.300000,32768,82346488.956973
30,19.700000,4096,119485913.709236
30,32.300000,512,197380197.837069
