arrival_rate,bp_parameter_L,bp_parameter_H,Dynamic_njobs1_mode1_L2_norm_flow_time
36,13.000000,262144,49645169.656336
36,15.300000,32768,68849709.142073
36,19.700000,4096,107575713.607764
36,32.300000,512,182704951.363391
