arrival_rate,bp_parameter_L,bp_parameter_H,Dynamic_njobs1_mode1_L2_norm_flow_time
38,13.000000,262144,44582598.838754
38,15.300000,32768,64263904.416368
38,19.700000,4096,100876127.662981
38,32.300000,512,176483426.967919
