arrival_rate,bp_parameter_L,bp_parameter_H,SETF_L2_norm_flow_time
20,4.073000,262144,1023675.058597
20,4.639000,32768,2233366.055929
20,5.649000,4096,2917954.172617
20,7.918000,512,6705330.852842
20,16.772000,64,13586908.960799
20,30.000000,6,14669572.662772
20,30.000000,9,13985418.905282
20,30.000000,12,13711206.168720
