arrival_rate,bp_parameter_L,bp_parameter_H,SETF_L2_norm_flow_time
20,4.073000,262144,11763431.655575
20,4.639000,32768,15884649.272177
20,5.649000,4096,27912075.068382
20,7.918000,512,52950812.492556
20,16.772000,64,107838485.547803
20,30.000000,6,116029067.039394
20,30.000000,9,112733731.064109
20,30.000000,12,108987453.626327
