arrival_rate,bp_parameter_L,bp_parameter_H,SETF_L2_norm_flow_time
20,4.073000,262144,1042869.003342
20,4.639000,32768,1510482.577494
20,5.649000,4096,3062131.550106
20,7.918000,512,6053269.544431
20,16.772000,64,13575872.418427
20,30.000000,6,14587828.111145
20,30.000000,9,14044545.073139
20,30.000000,12,13548863.575315
