arrival_rate,bp_parameter_L,bp_parameter_H,SETF_L2_norm_flow_time
20,4.073000,262144,8357184.344329
20,4.639000,32768,16094667.401937
20,5.649000,4096,28287749.019329
20,7.918000,512,53115798.393508
20,16.772000,64,108591892.410838
20,30.000000,6,116295903.107251
20,30.000000,9,114207088.152475
20,30.000000,12,108813261.863368
