arrival_rate,bp_parameter_L,bp_parameter_H,SETF_L2_norm_flow_time
20,4.073000,262144,8214900.310731
20,4.639000,32768,16819782.017104
20,5.649000,4096,27954759.298727
20,7.918000,512,51751592.542888
20,16.772000,64,108802531.992705
