arrival_rate,bp_parameter_L,bp_parameter_H,SETF_L2_norm_flow_time
20,4.073000,262144,6551361.889425
20,4.639000,32768,15994663.120793
20,5.649000,4096,27734275.397552
20,7.918000,512,51234838.595871
20,16.772000,64,108967979.903993
20,30.000000,6,116981328.527415
20,30.000000,9,113927554.616011
20,30.000000,12,109061202.590707
