arrival_rate,bp_parameter_L,bp_parameter_H,SETF_L2_norm_flow_time
20,4.073000,262144,658963.287989
20,4.639000,32768,1915307.311730
20,5.649000,4096,3118448.840374
20,7.918000,512,6695970.012692
20,16.772000,64,13579894.339411
20,30.000000,6,14218378.108177
20,30.000000,9,14333785.661943
20,30.000000,12,13572266.760455
