arrival_rate,bp_parameter_L,bp_parameter_H,SETF_L2_norm_flow_time
20,4.073000,262144,1005153.690190
20,4.639000,32768,1836709.862121
20,5.649000,4096,3810684.487014
20,7.918000,512,7174073.952878
20,16.772000,64,13592803.287387
20,30.000000,6,14577809.383937
20,30.000000,9,13988140.518113
20,30.000000,12,13659592.667217
