arrival_rate,bp_parameter_L,bp_parameter_H,SETF_L2_norm_flow_time
20,4.073000,262144,1368057.166638
20,4.639000,32768,1989247.859763
20,5.649000,4096,3103898.817681
20,7.918000,512,6641689.684107
20,16.772000,64,13577855.095044
20,30.000000,6,14567285.928971
20,30.000000,9,13845519.795532
20,30.000000,12,13908059.103133
