arrival_rate,bp_parameter_L,bp_parameter_H,SETF_L2_norm_flow_time
20,4.073000,262144,9751191.844320
20,4.639000,32768,15736873.155152
20,5.649000,4096,26291287.707972
20,7.918000,512,53583217.120888
20,16.772000,64,108210995.367230
20,30.000000,6,117214540.103166
20,30.000000,9,113806336.702388
20,30.000000,12,110042724.167665
20,50.000000,25,6641589.238392
20,250.000000,100,36952701.847156
20,1000.000000,400,145240663.779243
