arrival_rate,bp_parameter_L,bp_parameter_H,SETF_L2_norm_flow_time
22,4.073000,262144,7460889.369451
22,4.639000,32768,10078655.833836
22,5.649000,4096,20760919.484454
22,7.918000,512,44223621.373041
22,16.772000,64,101844737.705081
22,30.000000,6,109562894.961355
22,30.000000,9,105601209.899513
22,30.000000,12,101691522.841013
