arrival_rate,bp_parameter_L,bp_parameter_H,SETF_L2_norm_flow_time
22,4.073000,262144,6482120.995617
22,4.639000,32768,11354803.856284
22,5.649000,4096,22190698.836277
22,7.918000,512,40819900.362553
22,16.772000,64,102173668.191754
22,30.000000,6,108871878.355092
22,30.000000,9,106098059.491604
22,30.000000,12,101468832.967429
