arrival_rate,bp_parameter_L,bp_parameter_H,SETF_L2_norm_flow_time
22,4.073000,262144,1339060.424535
22,4.639000,32768,1284346.256733
22,5.649000,4096,2448306.578202
22,7.918000,512,6063464.151783
22,16.772000,64,12638566.745601
22,30.000000,6,13838510.649315
22,30.000000,9,13270725.991794
22,30.000000,12,12783874.357419
