arrival_rate,bp_parameter_L,bp_parameter_H,SETF_L2_norm_flow_time
22,4.073000,262144,413377.143293
22,4.639000,32768,1546801.332485
22,5.649000,4096,2642640.152326
22,7.918000,512,6038442.991259
22,16.772000,64,12697710.877236
22,30.000000,6,13563545.036600
22,30.000000,9,13133935.038787
22,30.000000,12,12785073.275554
