arrival_rate,bp_parameter_L,bp_parameter_H,SETF_L2_norm_flow_time
22,4.073000,262144,3993728.051296
22,4.639000,32768,12500506.917358
22,5.649000,4096,20482543.049727
22,7.918000,512,44108844.792399
22,16.772000,64,100072231.064036
22,30.000000,6,109357953.791589
22,30.000000,9,107609122.076953
22,30.000000,12,101276688.474308
22,50.000000,25,6293492.948508
22,250.000000,100,36322973.420881
22,1000.000000,400,148383628.679783
