arrival_rate,bp_parameter_L,bp_parameter_H,SETF_L2_norm_flow_time
22,4.073000,262144,1662959.304612
22,4.639000,32768,2292518.512252
22,5.649000,4096,2391983.926517
22,7.918000,512,5766238.160177
22,16.772000,64,12505340.169453
22,30.000000,6,13732154.760350
22,30.000000,9,13152974.528640
22,30.000000,12,12657559.006101
