arrival_rate,bp_parameter_L,bp_parameter_H,SETF_L2_norm_flow_time
22,4.073000,262144,968990.842578
22,4.639000,32768,1041239.363730
22,5.649000,4096,2659024.897662
22,7.918000,512,5575987.977446
22,16.772000,64,12982616.607689
22,30.000000,6,13705387.096573
22,30.000000,9,13472525.313421
22,30.000000,12,12581674.428208
