arrival_rate,bp_parameter_L,bp_parameter_H,SETF_L2_norm_flow_time
22,4.073000,262144,4444416.323885
22,4.639000,32768,11716783.668784
22,5.649000,4096,21282602.391980
22,7.918000,512,44268369.205167
22,16.772000,64,100984407.480555
22,30.000000,6,108891305.987471
22,30.000000,9,105969899.281071
22,30.000000,12,101786208.094450
