arrival_rate,bp_parameter_L,bp_parameter_H,SETF_L2_norm_flow_time
22,4.073000,262144,672631.348333
22,4.639000,32768,1263716.188181
22,5.649000,4096,2158597.571997
22,7.918000,512,5634465.618736
22,16.772000,64,12444857.068318
22,30.000000,6,13559044.138089
22,30.000000,9,13385871.849976
22,30.000000,12,12689079.784517
