arrival_rate,bp_parameter_L,bp_parameter_H,SETF_L2_norm_flow_time
22,4.073000,262144,5735040.212450
22,4.639000,32768,10256272.550330
22,5.649000,4096,22370259.658166
22,7.918000,512,43073875.885834
22,16.772000,64,100988341.056095
