arrival_rate,bp_parameter_L,bp_parameter_H,SETF_L2_norm_flow_time
22,4.073000,262144,5433029.840507
22,4.639000,32768,11592445.160485
22,5.649000,4096,22455025.741282
22,7.918000,512,44405058.288257
22,16.772000,64,101868042.719301
22,30.000000,6,109047442.259867
22,30.000000,9,106368599.703453
22,30.000000,12,102488938.961723
22,50.000000,25,6485808.440909
22,250.000000,100,36755811.917891
22,1000.000000,400,147661969.084097
