arrival_rate,bp_parameter_L,bp_parameter_H,SETF_L2_norm_flow_time
22,4.073000,262144,8866045.209357
22,4.639000,32768,11721323.646161
22,5.649000,4096,19479277.295337
22,7.918000,512,46512785.566904
22,16.772000,64,100811734.508738
22,30.000000,6,110340639.997024
22,30.000000,9,106125605.555379
22,30.000000,12,101962695.893625
22,50.000000,25,6750256.753347
22,250.000000,100,36964420.185262
22,1000.000000,400,146783243.145313
