arrival_rate,bp_parameter_L,bp_parameter_H,SETF_L2_norm_flow_time
24,4.073000,262144,2704554.364115
24,4.639000,32768,8287486.189127
24,5.649000,4096,14670818.313092
24,7.918000,512,35862287.164541
24,16.772000,64,93005548.724405
24,30.000000,6,101203144.195092
24,30.000000,9,98642372.395496
24,30.000000,12,93127258.150739
