arrival_rate,bp_parameter_L,bp_parameter_H,SETF_L2_norm_flow_time
24,4.073000,262144,4923823.707259
24,4.639000,32768,7678244.489754
24,5.649000,4096,15660179.243522
24,7.918000,512,35987198.963350
24,16.772000,64,91291369.307233
