arrival_rate,bp_parameter_L,bp_parameter_H,SETF_L2_norm_flow_time
24,4.073000,262144,373046.987894
24,4.639000,32768,1123009.188272
24,5.649000,4096,1560090.346754
24,7.918000,512,4743260.915502
24,16.772000,64,11893792.303874
24,30.000000,6,12286516.137137
24,30.000000,9,12010761.764624
24,30.000000,12,11974193.083072
