arrival_rate,bp_parameter_L,bp_parameter_H,SETF_L2_norm_flow_time
24,4.073000,262144,488931.432643
24,4.639000,32768,791559.631862
24,5.649000,4096,2017698.541138
24,7.918000,512,4302125.323152
24,16.772000,64,11127530.193781
24,30.000000,6,12507561.747180
24,30.000000,9,12246321.598043
24,30.000000,12,11944963.700993
