arrival_rate,bp_parameter_L,bp_parameter_H,SETF_L2_norm_flow_time
24,4.073000,262144,1042856.793024
24,4.639000,32768,529612.905665
24,5.649000,4096,2710263.998999
24,7.918000,512,4248581.230790
24,16.772000,64,11228905.868704
24,30.000000,6,12783193.710116
24,30.000000,9,11880616.515208
24,30.000000,12,11822379.712254
