arrival_rate,bp_parameter_L,bp_parameter_H,SETF_L2_norm_flow_time
24,4.073000,262144,2889240.465931
24,4.639000,32768,9576056.732236
24,5.649000,4096,15914385.213981
24,7.918000,512,34697000.644352
24,16.772000,64,90118565.129598
24,30.000000,6,103062756.502257
24,30.000000,9,97468809.516207
24,30.000000,12,93654454.797399
24,50.000000,25,6297005.775468
24,250.000000,100,37337655.311643
24,1000.000000,400,146735034.510433
