arrival_rate,bp_parameter_L,bp_parameter_H,SETF_L2_norm_flow_time
24,4.073000,262144,3438826.429867
24,4.639000,32768,7339460.874821
24,5.649000,4096,14994300.657281
24,7.918000,512,38143553.207487
24,16.772000,64,91862076.143765
24,30.000000,6,102963806.999213
24,30.000000,9,97240429.805386
24,30.000000,12,93344429.278570
24,50.000000,25,6384978.827871
24,250.000000,100,36758161.562129
24,1000.000000,400,147274501.660116
