arrival_rate,bp_parameter_L,bp_parameter_H,SETF_L2_norm_flow_time
24,4.073000,262144,459358.153833
24,4.639000,32768,1053771.471614
24,5.649000,4096,2164703.931623
24,7.918000,512,4585773.834193
24,16.772000,64,11814538.617115
24,30.000000,6,12806901.936149
24,30.000000,9,11957469.768435
24,30.000000,12,11903134.872651
