arrival_rate,bp_parameter_L,bp_parameter_H,SETF_L2_norm_flow_time
24,4.073000,262144,4197994.718588
24,4.639000,32768,6305890.645140
24,5.649000,4096,14901494.476114
24,7.918000,512,33036702.776478
24,16.772000,64,92668880.244074
24,30.000000,6,101777723.207918
24,30.000000,9,97485803.654211
24,30.000000,12,95033598.695265
24,50.000000,25,6346144.001482
24,250.000000,100,37172100.716197
24,1000.000000,400,146653514.358654
