arrival_rate,bp_parameter_L,bp_parameter_H,SETF_L2_norm_flow_time
24,4.073000,262144,4571265.930941
24,4.639000,32768,7529782.827371
24,5.649000,4096,15841554.927383
24,7.918000,512,35228716.804532
24,16.772000,64,91370930.615578
