arrival_rate,bp_parameter_L,bp_parameter_H,SETF_L2_norm_flow_time
24,4.073000,262144,600595.365993
24,4.639000,32768,1068272.044047
24,5.649000,4096,1485274.094157
24,7.918000,512,4709025.616915
24,16.772000,64,11431648.003113
24,30.000000,6,12222471.602643
24,30.000000,9,12325704.334383
24,30.000000,12,11222184.108530
