arrival_rate,bp_parameter_L,bp_parameter_H,SETF_L2_norm_flow_time
26,4.073000,262144,2621870.443653
26,4.639000,32768,4388527.368584
26,5.649000,4096,11317402.251675
26,7.918000,512,28332255.955828
26,16.772000,64,77916101.342167
26,30.000000,6,91410503.168993
26,30.000000,9,88516113.804581
26,30.000000,12,82632361.560438
26,50.000000,25,6379843.066222
26,250.000000,100,36592265.492843
26,1000.000000,400,147855144.606041
