arrival_rate,bp_parameter_L,bp_parameter_H,SETF_L2_norm_flow_time
26,4.073000,262144,559783.041667
26,4.639000,32768,841878.811758
26,5.649000,4096,1288471.855495
26,7.918000,512,2887420.984469
26,16.772000,64,10112287.062932
26,30.000000,6,11242240.571341
26,30.000000,9,10430794.864449
26,30.000000,12,10587979.416982
