arrival_rate,bp_parameter_L,bp_parameter_H,SETF_L2_norm_flow_time
26,4.073000,262144,1016954.507575
26,4.639000,32768,4408960.049773
26,5.649000,4096,8227954.172644
26,7.918000,512,27520119.659703
26,16.772000,64,80988963.115791
