arrival_rate,bp_parameter_L,bp_parameter_H,SETF_L2_norm_flow_time
26,4.073000,262144,812276.226590
26,4.639000,32768,1298735.652439
26,5.649000,4096,1009958.267298
26,7.918000,512,3233576.118179
26,16.772000,64,9764127.064934
26,30.000000,6,11336378.113461
26,30.000000,9,10843676.991397
26,30.000000,12,10623222.203780
