arrival_rate,bp_parameter_L,bp_parameter_H,SETF_L2_norm_flow_time
26,4.073000,262144,2871023.393337
26,4.639000,32768,5533612.886842
26,5.649000,4096,10915751.953209
26,7.918000,512,28355642.531906
26,16.772000,64,79846485.187832
