arrival_rate,bp_parameter_L,bp_parameter_H,SETF_L2_norm_flow_time
26,4.073000,262144,2509041.117469
26,4.639000,32768,3659311.139716
26,5.649000,4096,10852353.338516
26,7.918000,512,30024835.086194
26,16.772000,64,76992832.747644
26,30.000000,6,91377225.579850
26,30.000000,9,88560937.712650
26,30.000000,12,82099213.311446
