arrival_rate,bp_parameter_L,bp_parameter_H,SETF_L2_norm_flow_time
26,4.073000,262144,2510278.808250
26,4.639000,32768,4082786.543802
26,5.649000,4096,11783621.194840
26,7.918000,512,30258247.139902
26,16.772000,64,76276530.588676
