arrival_rate,bp_parameter_L,bp_parameter_H,SETF_L2_norm_flow_time
26,4.073000,262144,3287227.336049
26,4.639000,32768,6822470.295987
26,5.649000,4096,11129567.672778
26,7.918000,512,28028479.344539
26,16.772000,64,79082478.386310
26,30.000000,6,92063699.837519
26,30.000000,9,87260620.386483
26,30.000000,12,83270787.046891
