arrival_rate,bp_parameter_L,bp_parameter_H,SETF_L2_norm_flow_time
26,4.073000,262144,3235842.442983
26,4.639000,32768,3518496.443612
26,5.649000,4096,12649390.138648
26,7.918000,512,27733892.561539
26,16.772000,64,76508488.293265
