arrival_rate,bp_parameter_L,bp_parameter_H,SETF_L2_norm_flow_time
28,4.073000,262144,2640554.194163
28,4.639000,32768,4131953.105673
28,5.649000,4096,7091977.969940
28,7.918000,512,20319313.755573
28,16.772000,64,63728336.924124
