arrival_rate,bp_parameter_L,bp_parameter_H,SETF_L2_norm_flow_time
28,4.073000,262144,2626973.005776
28,4.639000,32768,3031187.120373
28,5.649000,4096,7682252.002513
28,7.918000,512,21351006.052610
28,16.772000,64,64055173.074470
28,30.000000,6,74291602.043174
28,30.000000,9,68598651.083742
28,30.000000,12,67551344.043600
