arrival_rate,bp_parameter_L,bp_parameter_H,SETF_L2_norm_flow_time
28,4.073000,262144,1511183.903354
28,4.639000,32768,2222014.689039
28,5.649000,4096,6386762.189024
28,7.918000,512,21063601.718066
28,16.772000,64,58512875.319503
28,30.000000,6,74694537.985830
28,30.000000,9,71216320.220540
28,30.000000,12,64147954.989148
28,50.000000,25,6008926.092598
28,250.000000,100,37161785.575278
28,1000.000000,400,147028328.636428
