arrival_rate,bp_parameter_L,bp_parameter_H,SETF_L2_norm_flow_time
28,4.073000,262144,1273051.386345
28,4.639000,32768,3872531.120198
28,5.649000,4096,5844097.872204
28,7.918000,512,21714139.168312
28,16.772000,64,63286636.611010
