arrival_rate,bp_parameter_L,bp_parameter_H,SETF_L2_norm_flow_time
28,4.073000,262144,68329.504520
28,4.639000,32768,363536.442040
28,5.649000,4096,809811.764561
28,7.918000,512,2660806.540159
28,16.772000,64,7138758.478136
28,30.000000,6,8807869.701546
28,30.000000,9,8993228.127353
28,30.000000,12,7992502.088735
