arrival_rate,bp_parameter_L,bp_parameter_H,SETF_L2_norm_flow_time
28,4.073000,262144,373698.699661
28,4.639000,32768,459509.243069
28,5.649000,4096,1039475.188605
28,7.918000,512,2576878.651209
28,16.772000,64,7290024.669509
28,30.000000,6,9926942.780610
28,30.000000,9,8573753.560203
28,30.000000,12,7969875.666011
