arrival_rate,bp_parameter_L,bp_parameter_H,SETF_L2_norm_flow_time
30,4.073000,262144,569299.493906
30,4.639000,32768,97959.457451
30,5.649000,4096,740057.637032
30,7.918000,512,1373027.382845
30,16.772000,64,3544979.933116
30,30.000000,6,5149239.922311
30,30.000000,9,4653868.554773
30,30.000000,12,2497725.226950
