arrival_rate,bp_parameter_L,bp_parameter_H,SETF_L2_norm_flow_time
30,4.073000,262144,1127539.280419
30,4.639000,32768,3009027.639990
30,5.649000,4096,2947684.752570
30,7.918000,512,12415690.745379
30,16.772000,64,27663262.461853
30,30.000000,6,44039747.165585
30,30.000000,9,49752606.074907
30,30.000000,12,40217371.268004
30,50.000000,25,5663105.706173
30,250.000000,100,37041022.504863
30,1000.000000,400,145517239.308323
