arrival_rate,bp_parameter_L,bp_parameter_H,SETF_L2_norm_flow_time
30,4.073000,262144,630605.357319
30,4.639000,32768,1535115.197921
30,5.649000,4096,1781267.113931
30,7.918000,512,10085512.744401
30,16.772000,64,30340248.130719
30,30.000000,6,16864252.316058
30,30.000000,9,37600694.760966
30,30.000000,12,41775944.086290
30,50.000000,25,5925210.323584
30,250.000000,100,36987031.595261
30,1000.000000,400,147177550.583186
