arrival_rate,bp_parameter_L,bp_parameter_H,SETF_L2_norm_flow_time
30,4.073000,262144,126822.007231
30,4.639000,32768,606930.700596
30,5.649000,4096,601149.296436
30,7.918000,512,1737238.693409
30,16.772000,64,3477248.180514
30,30.000000,6,6141109.516056
30,30.000000,9,3968895.071217
30,30.000000,12,4843143.389537
