arrival_rate,bp_parameter_L,bp_parameter_H,SETF_L2_norm_flow_time
30,4.073000,262144,458061.729227
30,4.639000,32768,1219748.184461
30,5.649000,4096,3953253.885411
30,7.918000,512,12603993.512196
30,16.772000,64,20045152.002583
30,30.000000,6,44888875.864199
30,30.000000,9,26374295.051995
30,30.000000,12,32375753.045574
