arrival_rate,bp_parameter_L,bp_parameter_H,SETF_L2_norm_flow_time
30,4.073000,262144,877474.680506
30,4.639000,32768,1089629.574607
30,5.649000,4096,1971878.476540
30,7.918000,512,8664666.069924
30,16.772000,64,26246025.442391
30,30.000000,6,37617438.548275
30,30.000000,9,33437871.452148
30,30.000000,12,33042597.503178
30,50.000000,25,5956697.297527
30,250.000000,100,37042597.585398
30,1000.000000,400,147131049.545404
