arrival_rate,bp_parameter_L,bp_parameter_H,SETF_L2_norm_flow_time
30,4.073000,262144,182275.108800
30,4.639000,32768,118626.118208
30,5.649000,4096,953348.655048
30,7.918000,512,555772.069163
30,16.772000,64,4390349.105023
30,30.000000,6,6400921.212478
30,30.000000,9,5283052.039098
30,30.000000,12,3279991.860457
