arrival_rate,bp_parameter_L,bp_parameter_H,SETF_L2_norm_flow_time
30,4.073000,262144,1228346.931943
30,4.639000,32768,2914307.219888
30,5.649000,4096,2457891.330930
30,7.918000,512,8388210.882646
30,16.772000,64,28104735.349201
30,30.000000,6,34109404.257192
30,30.000000,9,32539870.313884
30,30.000000,12,34512103.087383
