arrival_rate,bp_parameter_L,bp_parameter_H,SETF_L2_norm_flow_time
32,4.073000,262144,917377.052487
32,4.639000,32768,937846.686706
32,5.649000,4096,1370839.633601
32,7.918000,512,433904.628292
32,16.772000,64,585524.867383
