arrival_rate,bp_parameter_L,bp_parameter_H,SETF_L2_norm_flow_time
32,4.073000,262144,348018.786714
32,4.639000,32768,863824.624482
32,5.649000,4096,449686.925518
32,7.918000,512,889809.423204
32,16.772000,64,580361.087142
32,30.000000,6,538754.258873
32,30.000000,9,1060774.371864
32,30.000000,12,874305.435861
32,50.000000,25,5753656.843400
32,250.000000,100,37198870.368803
32,1000.000000,400,146915105.143245
