arrival_rate,bp_parameter_L,bp_parameter_H,SETF_L2_norm_flow_time
32,4.073000,262144,44075.514767
32,4.639000,32768,67949.799242
32,5.649000,4096,161071.851830
32,7.918000,512,148861.823313
32,16.772000,64,111847.300048
32,30.000000,6,572801.436815
32,30.000000,9,253695.151899
32,30.000000,12,271686.906586
