arrival_rate,bp_parameter_L,bp_parameter_H,SETF_L2_norm_flow_time
32,4.073000,262144,144044.505983
32,4.639000,32768,286929.855629
32,5.649000,4096,244811.223564
32,7.918000,512,359485.264998
32,16.772000,64,183545.431907
32,30.000000,6,318233.792613
32,30.000000,9,212523.599659
32,30.000000,12,223598.899552
