arrival_rate,bp_parameter_L,bp_parameter_H,SETF_L2_norm_flow_time
32,4.073000,262144,2173371.274005
32,4.639000,32768,599477.537304
32,5.649000,4096,785353.155828
32,7.918000,512,575536.031659
32,16.772000,64,485860.370778
32,30.000000,6,831545.554930
32,30.000000,9,673908.818918
32,30.000000,12,742308.313683
