arrival_rate,bp_parameter_L,bp_parameter_H,SETF_L2_norm_flow_time
32,4.073000,262144,930491.715011
32,4.639000,32768,745547.241451
32,5.649000,4096,883212.552458
32,7.918000,512,1389315.508678
32,16.772000,64,576650.781075
32,30.000000,6,918667.226596
32,30.000000,9,785215.278801
32,30.000000,12,969440.634055
32,50.000000,25,5735278.627956
32,250.000000,100,36776727.444981
32,1000.000000,400,145928512.417706
