arrival_rate,bp_parameter_L,bp_parameter_H,SETF_L2_norm_flow_time
32,4.073000,262144,2300790.242777
32,4.639000,32768,1130494.615483
32,5.649000,4096,1498289.436598
32,7.918000,512,391847.490986
32,16.772000,64,552424.983251
32,30.000000,6,861959.585778
32,30.000000,9,652162.138295
32,30.000000,12,781464.368226
32,50.000000,25,5633182.313862
32,250.000000,100,37356362.083803
32,1000.000000,400,146241145.385554
