arrival_rate,bp_parameter_L,bp_parameter_H,SETF_L2_norm_flow_time
32,4.073000,262144,595974.118075
32,4.639000,32768,450134.237423
32,5.649000,4096,625356.122167
32,7.918000,512,867532.914565
32,16.772000,64,794341.356875
