arrival_rate,bp_parameter_L,bp_parameter_H,SETF_L2_norm_flow_time
32,4.073000,262144,749218.260813
32,4.639000,32768,540232.107048
32,5.649000,4096,539560.933921
32,7.918000,512,723041.921503
32,16.772000,64,666062.614915
32,30.000000,6,832514.960891
32,30.000000,9,544617.145541
32,30.000000,12,936705.480788
32,50.000000,25,5674492.352515
32,250.000000,100,36935209.620115
32,1000.000000,400,147571816.644128
