arrival_rate,bp_parameter_L,bp_parameter_H,SETF_L2_norm_flow_time
32,4.073000,262144,1081276.682391
32,4.639000,32768,401364.428426
32,5.649000,4096,689062.438029
32,7.918000,512,696633.952659
32,16.772000,64,571034.605259
32,30.000000,6,762025.765129
32,30.000000,9,818447.701364
32,30.000000,12,718719.720891
