arrival_rate,bp_parameter_L,bp_parameter_H,SETF_L2_norm_flow_time
32,4.073000,262144,618792.578238
32,4.639000,32768,1700293.700675
32,5.649000,4096,831610.829525
32,7.918000,512,931518.306152
32,16.772000,64,629976.293690
32,30.000000,6,611179.820017
32,30.000000,9,1208333.859167
32,30.000000,12,979750.661999
32,50.000000,25,5530765.300829
32,250.000000,100,36667188.517791
32,1000.000000,400,145881705.115184
