arrival_rate,bp_parameter_L,bp_parameter_H,SETF_L2_norm_flow_time
34,4.073000,262144,953095.778643
34,4.639000,32768,391976.410177
34,5.649000,4096,202614.078825
34,7.918000,512,288099.165125
34,16.772000,64,218877.910452
34,30.000000,6,222800.171459
34,30.000000,9,178632.500957
34,30.000000,12,260096.190214
