arrival_rate,bp_parameter_L,bp_parameter_H,SETF_L2_norm_flow_time
34,4.073000,262144,386771.326152
34,4.639000,32768,725786.556658
34,5.649000,4096,237478.219365
34,7.918000,512,277797.628368
34,16.772000,64,265382.961439
