arrival_rate,bp_parameter_L,bp_parameter_H,SETF_L2_norm_flow_time
34,4.073000,262144,226930.883493
34,4.639000,32768,510024.895110
34,5.649000,4096,186847.497899
34,7.918000,512,324487.770230
34,16.772000,64,174129.109126
