arrival_rate,bp_parameter_L,bp_parameter_H,SETF_L2_norm_flow_time
34,4.073000,262144,181952.212067
34,4.639000,32768,222277.804250
34,5.649000,4096,142128.386306
34,7.918000,512,87830.359688
34,16.772000,64,92688.947065
34,30.000000,6,81235.223204
34,30.000000,9,73588.651924
34,30.000000,12,100805.577281
