arrival_rate,bp_parameter_L,bp_parameter_H,SETF_L2_norm_flow_time
34,4.073000,262144,434594.206429
34,4.639000,32768,425180.552904
34,5.649000,4096,218670.409841
34,7.918000,512,170593.360668
34,16.772000,64,237867.971278
34,30.000000,6,241606.376536
34,30.000000,9,195767.851968
34,30.000000,12,368087.271013
