arrival_rate,bp_parameter_L,bp_parameter_H,SETF_L2_norm_flow_time
34,4.073000,262144,274734.495144
34,4.639000,32768,640416.584769
34,5.649000,4096,220282.121149
34,7.918000,512,314260.022470
34,16.772000,64,233638.729653
34,30.000000,6,251575.930993
34,30.000000,9,237092.034668
34,30.000000,12,233987.173988
34,50.000000,25,5587733.748671
34,250.000000,100,37225031.962182
34,1000.000000,400,148215171.715149
