arrival_rate,bp_parameter_L,bp_parameter_H,SETF_L2_norm_flow_time
34,4.073000,262144,239110.532037
34,4.639000,32768,2017957.575560
34,5.649000,4096,190883.145649
34,7.918000,512,161969.005177
34,16.772000,64,216987.342329
