arrival_rate,bp_parameter_L,bp_parameter_H,SETF_L2_norm_flow_time
36,4.073000,262144,56800.363590
36,4.639000,32768,194641.463155
36,5.649000,4096,167454.890332
36,7.918000,512,44517.643929
36,16.772000,64,53328.829164
36,30.000000,6,87739.864281
36,30.000000,9,57612.234360
36,30.000000,12,71645.187773
