arrival_rate,bp_parameter_L,bp_parameter_H,SETF_L2_norm_flow_time
36,4.073000,262144,99321.143006
36,4.639000,32768,189855.469842
36,5.649000,4096,127455.773482
36,7.918000,512,57556.445286
36,16.772000,64,46212.567187
36,30.000000,6,59802.953907
36,30.000000,9,80371.931637
36,30.000000,12,67140.851596
