arrival_rate,bp_parameter_L,bp_parameter_H,SETF_L2_norm_flow_time
36,4.073000,262144,187966.001934
36,4.639000,32768,178374.649160
36,5.649000,4096,79062.946321
36,7.918000,512,42288.976732
36,16.772000,64,49063.863759
36,30.000000,6,58019.726232
36,30.000000,9,63001.436238
36,30.000000,12,43482.182523
