arrival_rate,bp_parameter_L,bp_parameter_H,SETF_L2_norm_flow_time
36,4.073000,262144,21480.716445
36,4.639000,32768,153577.064463
36,5.649000,4096,81845.404825
36,7.918000,512,63209.268189
36,16.772000,64,52675.688425
36,30.000000,6,49909.107606
36,30.000000,9,59594.914859
36,30.000000,12,61617.928811
