arrival_rate,bp_parameter_L,bp_parameter_H,SETF_L2_norm_flow_time
36,4.073000,262144,828223.840157
36,4.639000,32768,426886.018266
36,5.649000,4096,157304.239180
36,7.918000,512,134774.779050
36,16.772000,64,110693.517660
