arrival_rate,bp_parameter_L,bp_parameter_H,SETF_L2_norm_flow_time
36,4.073000,262144,277573.396870
36,4.639000,32768,246765.971649
36,5.649000,4096,179518.384259
36,7.918000,512,120359.625618
36,16.772000,64,122238.564819
