arrival_rate,bp_parameter_L,bp_parameter_H,SETF_L2_norm_flow_time
38,4.073000,262144,147598.133379
38,4.639000,32768,387498.369505
38,5.649000,4096,235993.535581
38,7.918000,512,96350.045547
38,16.772000,64,71908.889861
38,30.000000,6,81593.018047
38,30.000000,9,78153.836822
38,30.000000,12,93288.305221
