arrival_rate,bp_parameter_L,bp_parameter_H,SETF_L2_norm_flow_time
38,4.073000,262144,501129.916977
38,4.639000,32768,250738.496051
38,5.649000,4096,122890.779878
38,7.918000,512,88832.660430
38,16.772000,64,82918.960588
38,30.000000,6,88541.433081
38,30.000000,9,83930.259222
38,30.000000,12,73351.533529
