arrival_rate,bp_parameter_L,bp_parameter_H,SETF_L2_norm_flow_time
38,4.073000,262144,758599.023917
38,4.639000,32768,375364.641761
38,5.649000,4096,199177.571009
38,7.918000,512,117706.771959
38,16.772000,64,74872.991379
