arrival_rate,bp_parameter_L,bp_parameter_H,SETF_L2_norm_flow_time
38,4.073000,262144,440037.851008
38,4.639000,32768,283754.900215
38,5.649000,4096,167214.235483
38,7.918000,512,80439.312267
38,16.772000,64,83082.849434
