arrival_rate,bp_parameter_L,bp_parameter_H,SETF_L2_norm_flow_time
38,4.073000,262144,461621.735148
38,4.639000,32768,177543.038182
38,5.649000,4096,89870.549392
38,7.918000,512,48782.647202
38,16.772000,64,37540.365408
38,30.000000,6,41538.592345
38,30.000000,9,31217.969265
38,30.000000,12,40958.292250
