arrival_rate,bp_parameter_L,bp_parameter_H,SETF_L2_norm_flow_time
38,4.073000,262144,43687.907972
38,4.639000,32768,332102.613091
38,5.649000,4096,112912.707885
38,7.918000,512,40119.165981
38,16.772000,64,56437.244865
38,30.000000,6,43765.283342
38,30.000000,9,44981.569192
38,30.000000,12,54770.641451
