arrival_rate,bp_parameter_L,bp_parameter_H,SETF_L2_norm_flow_time
38,4.073000,262144,236748.403194
38,4.639000,32768,353346.990327
38,5.649000,4096,172085.596091
38,7.918000,512,96311.124830
38,16.772000,64,77121.847761
38,30.000000,6,78673.638241
38,30.000000,9,76823.184795
38,30.000000,12,75666.757371
