arrival_rate,bp_parameter_L,bp_parameter_H,SETF_L2_norm_flow_time
38,4.073000,262144,484411.600500
38,4.639000,32768,223548.574625
38,5.649000,4096,69927.917386
38,7.918000,512,47499.647230
38,16.772000,64,42633.573742
38,30.000000,6,44420.749994
38,30.000000,9,49718.901195
38,30.000000,12,43702.738701
