arrival_rate,bp_parameter_L,bp_parameter_H,SETF_L2_norm_flow_time
38,4.073000,262144,402936.549723
38,4.639000,32768,353576.224215
38,5.649000,4096,153822.445657
38,7.918000,512,93466.082495
38,16.772000,64,72376.893170
