arrival_rate,bp_parameter_L,bp_parameter_H,SETF_L2_norm_flow_time
40,4.073000,262144,163565.946655
40,4.639000,32768,211202.161582
40,5.649000,4096,45188.197441
40,7.918000,512,40184.590915
40,16.772000,64,29279.557135
40,30.000000,6,35160.775219
40,30.000000,9,32243.920605
40,30.000000,12,25960.374631
