arrival_rate,bp_parameter_L,bp_parameter_H,SETF_L2_norm_flow_time
40,4.073000,262144,395532.989174
40,4.639000,32768,91012.234689
40,5.649000,4096,63336.771508
40,7.918000,512,33146.779331
40,16.772000,64,26645.535386
40,30.000000,6,28783.239098
40,30.000000,9,26492.109995
40,30.000000,12,32612.887115
