arrival_rate,bp_parameter_L,bp_parameter_H,SETF_L2_norm_flow_time
40,4.073000,262144,238086.275770
40,4.639000,32768,183999.780046
40,5.649000,4096,115850.870976
40,7.918000,512,74775.394235
40,16.772000,64,58476.067010
40,30.000000,6,58312.790372
40,30.000000,9,64123.091668
40,30.000000,12,60104.468370
40,50.000000,25,4797373.208535
40,250.000000,100,37178211.480059
40,1000.000000,400,147218374.632539
