arrival_rate,bp_parameter_L,bp_parameter_H,SETF_L2_norm_flow_time
40,4.073000,262144,195034.851298
40,4.639000,32768,155260.686676
40,5.649000,4096,114508.292822
40,7.918000,512,77021.919166
40,16.772000,64,60903.354341
