arrival_rate,bp_parameter_L,bp_parameter_H,SETF_L2_norm_flow_time
40,4.073000,262144,152457.413631
40,4.639000,32768,219400.426841
40,5.649000,4096,122174.108084
40,7.918000,512,68313.220799
40,16.772000,64,55955.704231
40,30.000000,6,64416.886373
40,30.000000,9,58582.570881
40,30.000000,12,61575.266439
40,50.000000,25,4649523.389296
40,250.000000,100,36921045.554666
40,1000.000000,400,146607662.804526
