arrival_rate,bp_parameter_L,bp_parameter_H,SETF_L2_norm_flow_time
40,4.073000,262144,551511.790478
40,4.639000,32768,485114.667666
40,5.649000,4096,138439.061424
40,7.918000,512,75582.601503
40,16.772000,64,57674.475793
40,30.000000,6,69470.119605
40,30.000000,9,67859.064973
40,30.000000,12,65830.951026
