arrival_rate,bp_parameter_L,bp_parameter_H,SETF_L2_norm_flow_time
40,4.073000,262144,187038.853063
40,4.639000,32768,334592.805190
40,5.649000,4096,180716.791054
40,7.918000,512,63739.419153
40,16.772000,64,58297.720393
