arrival_rate,bp_parameter_L,bp_parameter_H,SETF_L2_norm_flow_time
40,4.073000,262144,242628.381236
40,4.639000,32768,206279.044197
40,5.649000,4096,122418.857191
40,7.918000,512,73064.976247
40,16.772000,64,59295.152205
40,30.000000,6,66672.999460
40,30.000000,9,60663.522730
40,30.000000,12,70677.927750
