arrival_rate,bp_parameter_L,bp_parameter_H,SETF_L2_norm_flow_time
40,4.073000,262144,1669297.820619
40,4.639000,32768,221625.775985
40,5.649000,4096,126531.924213
40,7.918000,512,67805.074663
40,16.772000,64,52569.657161
40,30.000000,6,59661.387631
40,30.000000,9,54523.005667
40,30.000000,12,67316.907274
40,50.000000,25,5032531.906778
40,250.000000,100,36921853.915684
40,1000.000000,400,146495295.411540
