arrival_rate,bp_parameter_L,bp_parameter_H,SETF_L2_norm_flow_time
40,4.073000,262144,57002.115996
40,4.639000,32768,68649.496407
40,5.649000,4096,45308.239615
40,7.918000,512,40016.199407
40,16.772000,64,25845.469042
40,30.000000,6,27822.359282
40,30.000000,9,30170.727220
40,30.000000,12,33770.967798
