arrival_rate,bp_parameter_L,bp_parameter_H,SETF_L2_norm_flow_time
40,4.073000,262144,216394.667846
40,4.639000,32768,217935.782679
40,5.649000,4096,128455.193138
40,7.918000,512,84847.552752
40,16.772000,64,59673.060614
40,30.000000,6,58879.138980
40,30.000000,9,61840.487118
40,30.000000,12,59314.463506
40,50.000000,25,4745592.909054
40,250.000000,100,36916668.109846
40,1000.000000,400,146343331.545978
