arrival_rate,bp_parameter_L,bp_parameter_H,SETF_L2_norm_flow_time
40,4.073000,262144,472451.401257
40,4.639000,32768,222406.886618
40,5.649000,4096,42065.282657
40,7.918000,512,39318.240207
40,16.772000,64,32738.478706
40,30.000000,6,34088.125528
40,30.000000,9,34275.143982
40,30.000000,12,34697.394311
