arrival_rate,bp_parameter_L,bp_parameter_H,RMLF_L2_norm_flow_time
20,8.500000,262144,8353313.205152
20,9.800000,32768,10397247.092268
20,12.400000,4096,15363813.201270
20,18.900000,512,24989761.637257
20,56.300000,64,39160528.439829
20,60.000000,12,40350589.377110
20,60.000000,18,39057450.201057
20,60.000000,24,37266598.509560
