arrival_rate,bp_parameter_L,bp_parameter_H,RMLF_L2_norm_flow_time
20,8.500000,262144,8547851.115499
20,9.800000,32768,10737639.995764
20,12.400000,4096,15295635.326930
20,18.900000,512,24754342.569595
20,56.300000,64,39113109.425634
20,60.000000,12,40468606.926469
20,60.000000,18,39224852.124863
20,60.000000,24,37497738.573152
