arrival_rate,bp_parameter_L,bp_parameter_H,RMLF_L2_norm_flow_time
20,8.500000,262144,8116057.659546
20,9.800000,32768,10660371.878164
20,12.400000,4096,15369799.555321
20,18.900000,512,24947615.742294
20,56.300000,64,39545338.781709
20,60.000000,12,40822705.486949
20,60.000000,18,39052992.820988
20,60.000000,24,37326973.632918
