arrival_rate,bp_parameter_L,bp_parameter_H,RMLF_L2_norm_flow_time
20,8.500000,262144,7931772.255839
20,9.800000,32768,10629782.057604
20,12.400000,4096,14897848.664325
20,18.900000,512,25036985.169348
20,56.300000,64,39422247.055982
20,60.000000,12,40550387.085420
20,60.000000,18,39184290.511533
20,60.000000,24,37025694.870904
