arrival_rate,bp_parameter_L,bp_parameter_H,RMLF_L2_norm_flow_time
22,8.500000,262144,6925258.694126
22,9.800000,32768,9962283.562773
22,12.400000,4096,15193748.043143
22,18.900000,512,24217848.987483
22,56.300000,64,38446292.835837
22,60.000000,12,39480556.482060
22,60.000000,18,38185887.004780
22,60.000000,24,36306090.512925
