arrival_rate,bp_parameter_L,bp_parameter_H,RMLF_L2_norm_flow_time
22,8.500000,262144,7106663.525651
22,9.800000,32768,10160566.915569
22,12.400000,4096,14334760.430299
22,18.900000,512,24111269.573263
22,56.300000,64,38362203.926647
22,60.000000,12,39849506.482835
22,60.000000,18,38146678.102170
22,60.000000,24,36201894.432445
