arrival_rate,bp_parameter_L,bp_parameter_H,RMLF_L2_norm_flow_time
22,8.500000,262144,7332249.304715
22,9.800000,32768,9941229.468217
22,12.400000,4096,13845177.190072
22,18.900000,512,24220490.842193
22,56.300000,64,38295872.360570
22,60.000000,12,39770693.135534
22,60.000000,18,38346512.279384
22,60.000000,24,36321955.733271
