arrival_rate,bp_parameter_L,bp_parameter_H,RMLF_L2_norm_flow_time
24,8.500000,262144,6335205.957089
24,9.800000,32768,9394691.471701
24,12.400000,4096,13528829.007321
24,18.900000,512,22733797.995767
24,56.300000,64,37274047.139236
24,60.000000,12,38260326.267218
24,60.000000,18,37609795.780010
24,60.000000,24,35231339.025890
