arrival_rate,bp_parameter_L,bp_parameter_H,RMLF_L2_norm_flow_time
24,8.500000,262144,7093502.833331
24,9.800000,32768,8764715.775275
24,12.400000,4096,13599590.690187
24,18.900000,512,22904710.655713
24,56.300000,64,37314311.961758
24,60.000000,12,38888509.919744
24,60.000000,18,37572111.535837
24,60.000000,24,35359573.643840
