arrival_rate,bp_parameter_L,bp_parameter_H,RMLF_L2_norm_flow_time
26,8.500000,262144,5422432.006979
26,9.800000,32768,8299753.249993
26,12.400000,4096,12728662.717324
26,18.900000,512,21825317.880111
26,56.300000,64,36500052.495642
26,60.000000,12,37598040.562689
26,60.000000,18,36380794.975848
26,60.000000,24,34853200.988076
