arrival_rate,bp_parameter_L,bp_parameter_H,RMLF_L2_norm_flow_time
26,8.500000,262144,6272423.842708
26,9.800000,32768,8314869.736693
26,12.400000,4096,13066649.315972
26,18.900000,512,22546998.665123
26,56.300000,64,36558087.006472
26,60.000000,12,37969295.022578
26,60.000000,18,36236634.184373
26,60.000000,24,34649646.356278
