arrival_rate,bp_parameter_L,bp_parameter_H,RMLF_L2_norm_flow_time
28,8.500000,262144,5250731.270185
28,9.800000,32768,7864043.664409
28,12.400000,4096,12467928.795656
28,18.900000,512,21291553.469990
28,56.300000,64,35367704.064631
28,60.000000,12,36302632.537429
28,60.000000,18,35647138.851723
28,60.000000,24,33683774.505075
