arrival_rate,bp_parameter_L,bp_parameter_H,RMLF_L2_norm_flow_time
28,8.500000,262144,5160575.150851
28,9.800000,32768,7385233.842380
28,12.400000,4096,12346220.696073
28,18.900000,512,21405626.422492
28,56.300000,64,35517451.934932
28,60.000000,12,37023312.703701
28,60.000000,18,35249409.448046
28,60.000000,24,34010634.358275
