arrival_rate,bp_parameter_L,bp_parameter_H,RMLF_L2_norm_flow_time
28,8.500000,262144,5346724.240492
28,9.800000,32768,7751803.885642
28,12.400000,4096,10825661.755531
28,18.900000,512,21568460.872697
28,56.300000,64,35540014.601632
28,60.000000,12,37005735.666214
28,60.000000,18,35710257.989625
28,60.000000,24,33804025.513608
