arrival_rate,bp_parameter_L,bp_parameter_H,RMLF_L2_norm_flow_time
28,8.500000,262144,5114129.968903
28,9.800000,32768,7119051.014329
28,12.400000,4096,12018339.279436
28,18.900000,512,21095259.175139
28,56.300000,64,35779303.514917
28,60.000000,12,36692497.666629
28,60.000000,18,35106845.545517
28,60.000000,24,33809909.289260
