arrival_rate,bp_parameter_L,bp_parameter_H,RMLF_L2_norm_flow_time
30,8.500000,262144,4878315.423444
30,9.800000,32768,6042430.239530
30,12.400000,4096,10897540.135173
30,18.900000,512,19283489.601786
30,56.300000,64,33925677.620366
30,60.000000,12,36044483.431009
30,60.000000,18,34429398.960020
30,60.000000,24,32649138.046032
