arrival_rate,bp_parameter_L,bp_parameter_H,RMLF_L2_norm_flow_time
30,8.500000,262144,4722697.080958
30,9.800000,32768,6762184.610565
30,12.400000,4096,10635004.023424
30,18.900000,512,19689784.754543
30,56.300000,64,34387796.258416
30,60.000000,12,35815696.645481
30,60.000000,18,34477001.666131
30,60.000000,24,32771340.896884
