arrival_rate,bp_parameter_L,bp_parameter_H,RMLF_L2_norm_flow_time
30,8.500000,262144,4929073.235763
30,9.800000,32768,6621188.752248
30,12.400000,4096,10980395.129996
30,18.900000,512,20283713.442059
30,56.300000,64,34671975.385172
30,60.000000,12,36047662.171819
30,60.000000,18,34489958.271936
30,60.000000,24,32982799.700539
