arrival_rate,bp_parameter_L,bp_parameter_H,RMLF_L2_norm_flow_time
30,8.500000,262144,4806609.235566
30,9.800000,32768,6868809.565454
30,12.400000,4096,11027789.552879
30,18.900000,512,20207324.514666
30,56.300000,64,34461446.019772
30,60.000000,12,35917856.452072
30,60.000000,18,33780038.891089
30,60.000000,24,32558312.981725
