arrival_rate,bp_parameter_L,bp_parameter_H,RMLF_L2_norm_flow_time
30,8.500000,262144,5244758.770741
30,9.800000,32768,6569606.149201
30,12.400000,4096,11351362.284928
30,18.900000,512,19948612.812238
30,56.300000,64,34533498.250551
30,60.000000,12,35986418.932018
30,60.000000,18,34108898.613439
30,60.000000,24,32856150.860078
