arrival_rate,bp_parameter_L,bp_parameter_H,RMLF_L2_norm_flow_time
32,8.500000,262144,4346569.787541
32,9.800000,32768,6481953.608405
32,12.400000,4096,10571452.295897
32,18.900000,512,18883129.352424
32,56.300000,64,32904203.365077
32,60.000000,12,35182298.767754
32,60.000000,18,33369109.894891
32,60.000000,24,31561766.786874
