arrival_rate,bp_parameter_L,bp_parameter_H,RMLF_L2_norm_flow_time
32,8.500000,262144,3783182.293694
32,9.800000,32768,6137493.820772
32,12.400000,4096,10161605.851020
32,18.900000,512,18864329.704511
32,56.300000,64,32864221.508984
32,60.000000,12,34511914.051116
32,60.000000,18,33598877.181027
32,60.000000,24,31821457.830184
