arrival_rate,bp_parameter_L,bp_parameter_H,RMLF_L2_norm_flow_time
34,8.500000,262144,3920772.906584
34,9.800000,32768,4957507.299098
34,12.400000,4096,8753949.592191
34,18.900000,512,17838040.272684
34,56.300000,64,31240877.107596
34,60.000000,12,33073536.642507
34,60.000000,18,32129346.279128
34,60.000000,24,30285540.814901
