arrival_rate,bp_parameter_L,bp_parameter_H,RMLF_L2_norm_flow_time
34,8.500000,262144,3200081.531264
34,9.800000,32768,4999285.667489
34,12.400000,4096,9120005.439516
34,18.900000,512,17264521.669228
34,56.300000,64,32189198.701397
34,60.000000,12,33403259.170902
34,60.000000,18,32629558.624849
34,60.000000,24,30580952.936972
