arrival_rate,bp_parameter_L,bp_parameter_H,RMLF_L2_norm_flow_time
34,8.500000,262144,4030296.483552
34,9.800000,32768,5340369.106660
34,12.400000,4096,9402214.092315
34,18.900000,512,17656693.533292
34,56.300000,64,31576849.693240
34,60.000000,12,33445257.688950
34,60.000000,18,32094158.719993
34,60.000000,24,30200172.804677
