arrival_rate,bp_parameter_L,bp_parameter_H,RMLF_L2_norm_flow_time
36,8.500000,262144,2512256.026246
36,9.800000,32768,4358490.164440
36,12.400000,4096,8735002.384339
36,18.900000,512,17089636.597647
36,56.300000,64,30448344.946864
36,60.000000,12,31885929.385318
36,60.000000,18,30686031.542553
36,60.000000,24,29304816.511840
