arrival_rate,bp_parameter_L,bp_parameter_H,RMLF_L2_norm_flow_time
36,8.500000,262144,3176222.269440
36,9.800000,32768,5078300.198009
36,12.400000,4096,8995250.276417
36,18.900000,512,16421312.346324
36,56.300000,64,30266627.780461
36,60.000000,12,31957165.868882
36,60.000000,18,30917390.980678
36,60.000000,24,29132074.335671
