arrival_rate,bp_parameter_L,bp_parameter_H,RMLF_L2_norm_flow_time
38,8.500000,262144,2317739.411138
38,9.800000,32768,4000333.300574
38,12.400000,4096,7657835.448444
38,18.900000,512,16246193.244236
38,56.300000,64,28832278.129781
38,60.000000,12,30529403.440993
38,60.000000,18,30254230.434375
38,60.000000,24,28321710.373780
