arrival_rate,bp_parameter_L,bp_parameter_H,RMLF_L2_norm_flow_time
38,8.500000,262144,2571344.174461
38,9.800000,32768,3461674.334906
38,12.400000,4096,7711567.794405
38,18.900000,512,16017492.494258
38,56.300000,64,28601176.864420
38,60.000000,12,30784454.868416
38,60.000000,18,29522755.393876
38,60.000000,24,28094740.489602
