arrival_rate,bp_parameter_L,bp_parameter_H,RMLF_L2_norm_flow_time
38,8.500000,262144,2232106.757494
38,9.800000,32768,4470355.828450
38,12.400000,4096,8351466.244322
38,18.900000,512,16148758.179927
38,56.300000,64,29113119.959066
38,60.000000,12,31108344.352259
38,60.000000,18,29493480.070099
38,60.000000,24,28525970.824606
