arrival_rate,bp_parameter_L,bp_parameter_H,RMLF_L2_norm_flow_time
38,8.500000,262144,2197651.812739
38,9.800000,32768,4438685.127115
38,12.400000,4096,7850419.659332
38,18.900000,512,16366802.677459
38,56.300000,64,28779239.040261
38,60.000000,12,31059343.267764
38,60.000000,18,29578356.443047
38,60.000000,24,28200150.805564
