arrival_rate,bp_parameter_L,bp_parameter_H,RMLF_L2_norm_flow_time
38,8.500000,262144,3038275.330688
38,9.800000,32768,3794100.075262
38,12.400000,4096,8207626.673900
38,18.900000,512,16169422.168395
38,56.300000,64,28949617.925315
38,60.000000,12,31396306.555560
38,60.000000,18,29890871.778907
38,60.000000,24,28471944.193272
