arrival_rate,bp_parameter_L,bp_parameter_H,RMLF_L2_norm_flow_time
38,8.500000,262144,2198374.461216
38,9.800000,32768,4347439.920647
38,12.400000,4096,8172291.245056
38,18.900000,512,15987599.234593
38,56.300000,64,29430742.205945
38,60.000000,12,31486658.230047
38,60.000000,18,29334340.161314
38,60.000000,24,27745463.469306
