arrival_rate,bp_parameter_L,bp_parameter_H,RMLF_L2_norm_flow_time
38,8.500000,262144,2671052.215721
38,9.800000,32768,4006105.139851
38,12.400000,4096,7637448.228907
38,18.900000,512,16625775.354321
38,56.300000,64,28818838.468079
38,60.000000,12,30849504.995036
38,60.000000,18,28913237.102825
38,60.000000,24,28011020.449387
