arrival_rate,bp_parameter_L,bp_parameter_H,RMLF_L2_norm_flow_time
38,8.500000,262144,2901799.279526
38,9.800000,32768,4126596.742059
38,12.400000,4096,8460770.490610
38,18.900000,512,16220901.414483
38,56.300000,64,29203871.670474
38,60.000000,12,30201122.073549
38,60.000000,18,29440455.822033
38,60.000000,24,28221163.100754
