arrival_rate,bp_parameter_L,bp_parameter_H,RMLF_L2_norm_flow_time
40,8.500000,262144,1857667.084430
40,9.800000,32768,3491054.852358
40,12.400000,4096,6864968.131567
40,18.900000,512,15595526.346539
40,56.300000,64,27146162.087874
40,60.000000,12,29445626.282894
40,60.000000,18,28658880.792430
40,60.000000,24,27330119.240409
