arrival_rate,bp_parameter_L,bp_parameter_H,RMLF_L2_norm_flow_time
40,8.500000,262144,1869447.162541
40,9.800000,32768,3450551.231212
40,12.400000,4096,6828302.131573
40,18.900000,512,15394125.845826
40,56.300000,64,27794999.560302
40,60.000000,12,28894226.944911
40,60.000000,18,28122965.075327
40,60.000000,24,26780841.534282
