arrival_rate,bp_parameter_L,bp_parameter_H,RMLF_L2_norm_flow_time
40,8.500000,262144,1985192.358192
40,9.800000,32768,3094259.883832
40,12.400000,4096,7354638.937754
40,18.900000,512,14859167.831565
40,56.300000,64,27158001.223478
40,60.000000,12,29995387.992708
40,60.000000,18,28269787.571954
40,60.000000,24,26765951.366305
