arrival_rate,bp_parameter_L,bp_parameter_H,RMLF_L2_norm_flow_time
40,8.500000,262144,2220792.854446
40,9.800000,32768,4377365.583529
40,12.400000,4096,6832881.009190
40,18.900000,512,14607484.146766
40,56.300000,64,27527572.407502
40,60.000000,12,29409233.278494
40,60.000000,18,28483356.818835
40,60.000000,24,27454080.740768
