arrival_rate,bp_parameter_L,bp_parameter_H,RMLF_L2_norm_flow_time
40,8.500000,262144,2663931.140674
40,9.800000,32768,4230341.544204
40,12.400000,4096,8046401.706152
40,18.900000,512,15038331.540976
40,56.300000,64,27494741.128606
40,60.000000,12,29811316.747878
40,60.000000,18,28441577.489762
40,60.000000,24,27341693.130113
