arrival_rate,bp_parameter_L,bp_parameter_H,SRPT_L2_norm_flow_time
20,8.500000,262144,5107720.020538
20,9.800000,32768,6207972.606071
20,12.400000,4096,9101147.018509
20,18.900000,512,14566125.744844
20,56.300000,64,26235094.712106
20,60.000000,12,24206821.761974
20,60.000000,18,23271581.778101
20,60.000000,24,22466508.951954
