arrival_rate,bp_parameter_L,bp_parameter_H,SRPT_L2_norm_flow_time
20,8.500000,262144,4818683.678532
20,9.800000,32768,6164516.406838
20,12.400000,4096,9494628.211476
20,18.900000,512,14699842.370693
20,56.300000,64,25894221.784136
20,60.000000,12,24331192.347938
20,60.000000,18,23131085.653736
20,60.000000,24,21937777.169243
