arrival_rate,bp_parameter_L,bp_parameter_H,SRPT_L2_norm_flow_time
20,8.500000,262144,327778.640619
20,9.800000,32768,389749.444848
20,12.400000,4096,-nan
20,18.900000,512,-nan
20,56.300000,64,-nan
