arrival_rate,bp_parameter_L,bp_parameter_H,SRPT_L2_norm_flow_time
20,8.500000,262144,5256347.566576
20,9.800000,32768,6539893.912450
20,12.400000,4096,9306464.176598
20,18.900000,512,14873931.278630
20,56.300000,64,25913402.450583
20,60.000000,12,24240374.051662
20,60.000000,18,23238711.856076
20,60.000000,24,22210367.279049
