arrival_rate,bp_parameter_L,bp_parameter_H,SRPT_L2_norm_flow_time
20,8.500000,262144,379323.456126
20,9.800000,32768,454348.274578
20,12.400000,4096,387441.596754
20,18.900000,512,-nan
20,56.300000,64,435487.232584
