arrival_rate,bp_parameter_L,bp_parameter_H,SRPT_L2_norm_flow_time
20,8.500000,262144,305576.262496
20,9.800000,32768,81320.790638
20,12.400000,4096,671090.694772
20,18.900000,512,587036.075673
20,56.300000,64,1188738.041349
