arrival_rate,bp_parameter_L,bp_parameter_H,SRPT_L2_norm_flow_time
20,8.500000,262144,40092698.385654
20,9.800000,32768,52491434.971574
20,12.400000,4096,74943081.193477
20,18.900000,512,119135701.853310
20,56.300000,64,207717509.034039
