arrival_rate,bp_parameter_L,bp_parameter_H,SRPT_L2_norm_flow_time
20,8.500000,262144,5003023.175487
20,9.800000,32768,6123675.023316
20,12.400000,4096,9103575.802261
20,18.900000,512,14860448.004009
20,56.300000,64,26067603.355372
20,60.000000,12,24273017.350976
20,60.000000,18,23135836.230945
20,60.000000,24,22076704.011456
