arrival_rate,bp_parameter_L,bp_parameter_H,SRPT_L2_norm_flow_time
22,8.500000,262144,4505917.909621
22,9.800000,32768,6123714.525506
22,12.400000,4096,8301393.700289
22,18.900000,512,14473109.263263
22,56.300000,64,25299284.977736
22,60.000000,12,23667298.526682
22,60.000000,18,22581816.459404
22,60.000000,24,21401242.263410
