arrival_rate,bp_parameter_L,bp_parameter_H,SRPT_L2_norm_flow_time
22,8.500000,262144,4464476.403695
22,9.800000,32768,5984079.842292
22,12.400000,4096,8544950.100403
22,18.900000,512,14347793.802264
22,56.300000,64,25231811.757540
22,60.000000,12,23524039.278786
22,60.000000,18,22262600.846318
22,60.000000,24,21539608.162838
