arrival_rate,bp_parameter_L,bp_parameter_H,SRPT_L2_norm_flow_time
22,8.500000,262144,36184379.434103
22,9.800000,32768,47034489.832513
22,12.400000,4096,70698800.539293
22,18.900000,512,112990518.767132
22,56.300000,64,202378783.235728
