arrival_rate,bp_parameter_L,bp_parameter_H,SRPT_L2_norm_flow_time
22,8.500000,262144,34990211.257279
22,9.800000,32768,47049860.014972
22,12.400000,4096,68329006.663843
22,18.900000,512,114776553.911893
22,56.300000,64,202827276.903749
22,60.000000,12,188967816.232141
22,60.000000,18,179415040.191016
22,60.000000,24,172543246.691080
22,100.000000,50,9625719.046862
22,500.000000,200,58778966.000604
22,2000.000000,800,245152627.028489
