arrival_rate,bp_parameter_L,bp_parameter_H,SRPT_L2_norm_flow_time
22,8.500000,262144,35613942.566814
22,9.800000,32768,47013215.100248
22,12.400000,4096,70228943.081192
22,18.900000,512,114095063.833301
22,56.300000,64,202899473.660776
