arrival_rate,bp_parameter_L,bp_parameter_H,SRPT_L2_norm_flow_time
22,8.500000,262144,35291917.796388
22,9.800000,32768,48605401.729528
22,12.400000,4096,67727163.613347
22,18.900000,512,113576525.777201
22,56.300000,64,203053761.923868
