arrival_rate,bp_parameter_L,bp_parameter_H,SRPT_L2_norm_flow_time
22,8.500000,262144,334798.287327
22,9.800000,32768,-nan
22,12.400000,4096,269198.811190
22,18.900000,512,-nan
22,56.300000,64,1414334.859045
