arrival_rate,bp_parameter_L,bp_parameter_H,SRPT_L2_norm_flow_time
24,8.500000,262144,31323836.044553
24,9.800000,32768,44636077.789036
24,12.400000,4096,64831825.183250
24,18.900000,512,110556682.361457
24,56.300000,64,195605014.373812
