arrival_rate,bp_parameter_L,bp_parameter_H,SRPT_L2_norm_flow_time
24,8.500000,262144,3970975.953337
24,9.800000,32768,5259418.989088
24,12.400000,4096,8437216.672597
24,18.900000,512,13033763.008674
24,56.300000,64,24495536.170555
24,60.000000,12,22972402.354903
24,60.000000,18,21743130.935816
24,60.000000,24,20923415.766682
