arrival_rate,bp_parameter_L,bp_parameter_H,SRPT_L2_norm_flow_time
24,8.500000,262144,4040597.296514
24,9.800000,32768,5637080.131571
24,12.400000,4096,8172042.502825
24,18.900000,512,13184612.509542
24,56.300000,64,24446046.205603
24,60.000000,12,22728504.149095
24,60.000000,18,21818723.506608
24,60.000000,24,20508183.551128
