arrival_rate,bp_parameter_L,bp_parameter_H,SRPT_L2_norm_flow_time
24,8.500000,262144,165432.463054
24,9.800000,32768,353712.858968
24,12.400000,4096,455469.935233
24,18.900000,512,399061.505381
24,56.300000,64,7721.037625
