arrival_rate,bp_parameter_L,bp_parameter_H,SRPT_L2_norm_flow_time
24,8.500000,262144,32922424.507485
24,9.800000,32768,45780813.177054
24,12.400000,4096,67158093.832963
24,18.900000,512,109323805.583673
24,56.300000,64,196017796.560622
