arrival_rate,bp_parameter_L,bp_parameter_H,SRPT_L2_norm_flow_time
24,8.500000,262144,3892845.861406
24,9.800000,32768,5537623.978812
24,12.400000,4096,8447262.524079
24,18.900000,512,13560553.209041
24,56.300000,64,24480541.671687
24,60.000000,12,22929862.413627
24,60.000000,18,21770579.327821
24,60.000000,24,20814854.823503
