arrival_rate,bp_parameter_L,bp_parameter_H,SRPT_L2_norm_flow_time
24,8.500000,262144,357255.293733
24,9.800000,32768,169837.368618
24,12.400000,4096,421714.509137
24,18.900000,512,358043.872025
24,56.300000,64,-nan
