arrival_rate,bp_parameter_L,bp_parameter_H,SRPT_L2_norm_flow_time
24,8.500000,262144,32471609.018070
24,9.800000,32768,41794441.698768
24,12.400000,4096,67947644.282244
24,18.900000,512,108285977.656917
24,56.300000,64,195619941.602885
