arrival_rate,bp_parameter_L,bp_parameter_H,SRPT_L2_norm_flow_time
26,8.500000,262144,28673463.227406
26,9.800000,32768,38652245.902613
26,12.400000,4096,60865745.083818
26,18.900000,512,104632997.348507
26,56.300000,64,189226370.427888
