arrival_rate,bp_parameter_L,bp_parameter_H,SRPT_L2_norm_flow_time
26,8.500000,262144,28064846.855225
26,9.800000,32768,39939722.828039
26,12.400000,4096,60868838.599484
26,18.900000,512,103152055.813530
26,56.300000,64,188251796.164815
