arrival_rate,bp_parameter_L,bp_parameter_H,SRPT_L2_norm_flow_time
26,8.500000,262144,27958812.811070
26,9.800000,32768,39813049.711757
26,12.400000,4096,60192338.967279
26,18.900000,512,103582041.880641
26,56.300000,64,189673107.065808
