arrival_rate,bp_parameter_L,bp_parameter_H,SRPT_L2_norm_flow_time
26,8.500000,262144,3587302.873502
26,9.800000,32768,4967165.188096
26,12.400000,4096,7739293.596029
26,18.900000,512,12800517.077811
26,56.300000,64,23652820.880467
26,60.000000,12,22284581.228509
26,60.000000,18,21188043.235787
26,60.000000,24,19941452.584460
