arrival_rate,bp_parameter_L,bp_parameter_H,SRPT_L2_norm_flow_time
26,8.500000,262144,290956.713105
26,9.800000,32768,95556.316767
26,12.400000,4096,382959.722836
26,18.900000,512,345244.115255
26,56.300000,64,348979.081268
