arrival_rate,bp_parameter_L,bp_parameter_H,SRPT_L2_norm_flow_time
26,8.500000,262144,3834850.245822
26,9.800000,32768,5276367.748919
26,12.400000,4096,7731697.164396
26,18.900000,512,12850302.776671
26,56.300000,64,23837690.143469
26,60.000000,12,22138300.633578
26,60.000000,18,21045999.455126
26,60.000000,24,20521483.408916
