arrival_rate,bp_parameter_L,bp_parameter_H,SRPT_L2_norm_flow_time
28,8.500000,262144,152541.321418
28,9.800000,32768,330830.098306
28,12.400000,4096,176653.409424
28,18.900000,512,312583.469315
28,56.300000,64,888433.033698
