arrival_rate,bp_parameter_L,bp_parameter_H,SRPT_L2_norm_flow_time
28,8.500000,262144,3010744.770521
28,9.800000,32768,4655894.393817
28,12.400000,4096,6900676.694084
28,18.900000,512,12213523.919949
28,56.300000,64,23155163.337620
28,60.000000,12,21460519.406126
28,60.000000,18,20316144.733382
28,60.000000,24,19505949.695206
