arrival_rate,bp_parameter_L,bp_parameter_H,SRPT_L2_norm_flow_time
28,8.500000,262144,214393.501560
28,9.800000,32768,328419.336109
28,12.400000,4096,320602.531305
28,18.900000,512,179777.544371
28,56.300000,64,-nan
