arrival_rate,bp_parameter_L,bp_parameter_H,SRPT_L2_norm_flow_time
28,8.500000,262144,305310.172051
28,9.800000,32768,243905.332082
28,12.400000,4096,354851.314902
28,18.900000,512,445452.887687
28,56.300000,64,374621.702874
