arrival_rate,bp_parameter_L,bp_parameter_H,SRPT_L2_norm_flow_time
28,8.500000,262144,3063697.425770
28,9.800000,32768,4414708.978689
28,12.400000,4096,6919283.506246
28,18.900000,512,12348307.031696
28,56.300000,64,22945700.611053
28,60.000000,12,21090773.049333
28,60.000000,18,20612853.335673
28,60.000000,24,19599098.374330
