arrival_rate,bp_parameter_L,bp_parameter_H,SRPT_L2_norm_flow_time
28,8.500000,262144,25758544.406516
28,9.800000,32768,34520216.524532
28,12.400000,4096,56679786.647402
28,18.900000,512,98618315.502747
28,56.300000,64,183510157.475158
