arrival_rate,bp_parameter_L,bp_parameter_H,SRPT_L2_norm_flow_time
30,8.500000,262144,2887054.013115
30,9.800000,32768,4010555.606424
30,12.400000,4096,6701185.315053
30,18.900000,512,11823106.878911
30,56.300000,64,22267161.991442
30,60.000000,12,20687249.276189
30,60.000000,18,19721528.006896
30,60.000000,24,18807601.774777
