arrival_rate,bp_parameter_L,bp_parameter_H,SRPT_L2_norm_flow_time
30,8.500000,262144,3265942.105073
30,9.800000,32768,3845897.750644
30,12.400000,4096,6644141.384504
30,18.900000,512,12086156.523885
30,56.300000,64,22562907.180635
30,60.000000,12,20889102.557185
30,60.000000,18,19598109.131350
30,60.000000,24,19206111.701570
