arrival_rate,bp_parameter_L,bp_parameter_H,SRPT_L2_norm_flow_time
30,8.500000,262144,2839735.924199
30,9.800000,32768,4017432.316348
30,12.400000,4096,6964704.495757
30,18.900000,512,11892288.472986
30,56.300000,64,22096491.779627
30,60.000000,12,20609949.695960
30,60.000000,18,19831173.826336
30,60.000000,24,18763604.948421
