arrival_rate,bp_parameter_L,bp_parameter_H,SRPT_L2_norm_flow_time
30,8.500000,262144,2748256.020538
30,9.800000,32768,4605521.987420
30,12.400000,4096,6667532.493085
30,18.900000,512,11546621.658780
30,56.300000,64,21967639.012293
30,60.000000,12,20694767.695300
30,60.000000,18,19773330.511557
30,60.000000,24,18500085.969958
