arrival_rate,bp_parameter_L,bp_parameter_H,SRPT_L2_norm_flow_time
30,8.500000,262144,321794.322751
30,9.800000,32768,334598.101532
30,12.400000,4096,370083.076811
30,18.900000,512,455504.633689
30,56.300000,64,1062426.944032
