arrival_rate,bp_parameter_L,bp_parameter_H,SRPT_L2_norm_flow_time
30,8.500000,262144,143724.052594
30,9.800000,32768,-nan
30,12.400000,4096,259859.478032
30,18.900000,512,-nan
30,56.300000,64,1282778.894734
