arrival_rate,bp_parameter_L,bp_parameter_H,SRPT_L2_norm_flow_time
30,8.500000,262144,21389922.455546
30,9.800000,32768,34016805.754264
30,12.400000,4096,52799205.093589
30,18.900000,512,94552808.572411
30,56.300000,64,177509183.010223
30,60.000000,12,165014279.171697
30,60.000000,18,158473940.552715
30,60.000000,24,149850515.517305
30,100.000000,50,9354802.593636
30,500.000000,200,59553099.860480
30,2000.000000,800,245063108.347216
