arrival_rate,bp_parameter_L,bp_parameter_H,SRPT_L2_norm_flow_time
30,8.500000,262144,194646.371649
30,9.800000,32768,-nan
30,12.400000,4096,371396.478675
30,18.900000,512,206226.584797
30,56.300000,64,1361298.304346
