arrival_rate,bp_parameter_L,bp_parameter_H,SRPT_L2_norm_flow_time
30,8.500000,262144,3081198.722997
30,9.800000,32768,3807306.399142
30,12.400000,4096,6410655.992010
30,18.900000,512,12126243.369242
30,56.300000,64,21896459.043653
30,60.000000,12,20789655.499748
30,60.000000,18,19637126.027784
30,60.000000,24,18899786.087137
