arrival_rate,bp_parameter_L,bp_parameter_H,SRPT_L2_norm_flow_time
32,8.500000,262144,20187164.640811
32,9.800000,32768,28253458.234379
32,12.400000,4096,50233665.869140
32,18.900000,512,89868876.072483
32,56.300000,64,170355964.555330
