arrival_rate,bp_parameter_L,bp_parameter_H,SRPT_L2_norm_flow_time
32,8.500000,262144,2396284.125364
32,9.800000,32768,3486702.144348
32,12.400000,4096,5940297.457869
32,18.900000,512,11489899.388339
32,56.300000,64,21339852.199450
32,60.000000,12,19689729.076199
32,60.000000,18,18962724.693571
32,60.000000,24,17798035.026512
