arrival_rate,bp_parameter_L,bp_parameter_H,SRPT_L2_norm_flow_time
32,8.500000,262144,2341452.644059
32,9.800000,32768,3677225.964767
32,12.400000,4096,6103886.762605
32,18.900000,512,11110092.639150
32,56.300000,64,21219015.885772
32,60.000000,12,19850807.389959
32,60.000000,18,19141171.561741
32,60.000000,24,18225018.728276
