arrival_rate,bp_parameter_L,bp_parameter_H,SRPT_L2_norm_flow_time
32,8.500000,262144,2274296.994305
32,9.800000,32768,3674814.584073
32,12.400000,4096,6441514.628285
32,18.900000,512,11333581.371733
32,56.300000,64,21040551.786281
32,60.000000,12,20231491.409364
32,60.000000,18,18768772.342345
32,60.000000,24,18074074.808765
