arrival_rate,bp_parameter_L,bp_parameter_H,SRPT_L2_norm_flow_time
32,8.500000,262144,2288556.517987
32,9.800000,32768,3551743.861514
32,12.400000,4096,6098270.310479
32,18.900000,512,11068896.639312
32,56.300000,64,21210416.015584
32,60.000000,12,19879375.824774
32,60.000000,18,18854030.763853
32,60.000000,24,17691973.868984
