arrival_rate,bp_parameter_L,bp_parameter_H,SRPT_L2_norm_flow_time
32,8.500000,262144,218805.697990
32,9.800000,32768,329456.107609
32,12.400000,4096,161711.349698
32,18.900000,512,537406.888457
32,56.300000,64,636616.006637
