arrival_rate,bp_parameter_L,bp_parameter_H,SRPT_L2_norm_flow_time
32,8.500000,262144,2763989.603138
32,9.800000,32768,3933070.611552
32,12.400000,4096,6366577.891999
32,18.900000,512,11125204.446076
32,56.300000,64,21317029.927381
32,60.000000,12,20294199.472960
32,60.000000,18,19039894.428307
32,60.000000,24,18066706.906782
