arrival_rate,bp_parameter_L,bp_parameter_H,SRPT_L2_norm_flow_time
32,8.500000,262144,2455391.351060
32,9.800000,32768,3544996.048002
32,12.400000,4096,5988140.471151
32,18.900000,512,11057745.040602
32,56.300000,64,21349109.754510
32,60.000000,12,19659589.448125
32,60.000000,18,18794942.969075
32,60.000000,24,17851376.229406
