arrival_rate,bp_parameter_L,bp_parameter_H,SRPT_L2_norm_flow_time
34,8.500000,262144,290311.637164
34,9.800000,32768,286102.799142
34,12.400000,4096,384719.895368
34,18.900000,512,419600.399795
34,56.300000,64,-nan
