arrival_rate,bp_parameter_L,bp_parameter_H,SRPT_L2_norm_flow_time
34,8.500000,262144,2176934.295074
34,9.800000,32768,3083557.729057
34,12.400000,4096,5834299.927020
34,18.900000,512,10455977.647386
34,56.300000,64,20707790.070180
34,60.000000,12,19139002.164792
34,60.000000,18,18176371.858294
34,60.000000,24,16890058.915813
