arrival_rate,bp_parameter_L,bp_parameter_H,SRPT_L2_norm_flow_time
34,8.500000,262144,2148445.411576
34,9.800000,32768,3239191.387637
34,12.400000,4096,5441609.189328
34,18.900000,512,10569855.803243
34,56.300000,64,20568293.213922
34,60.000000,12,18970406.561172
34,60.000000,18,18272472.089170
34,60.000000,24,17646467.266744
