arrival_rate,bp_parameter_L,bp_parameter_H,SRPT_L2_norm_flow_time
36,8.500000,262144,1616503.921441
36,9.800000,32768,3470728.760333
36,12.400000,4096,4873275.919745
36,18.900000,512,10218730.789624
36,56.300000,64,19722096.401238
36,60.000000,12,18250739.971153
36,60.000000,18,17467189.709611
36,60.000000,24,16416328.530215
