arrival_rate,bp_parameter_L,bp_parameter_H,SRPT_L2_norm_flow_time
38,8.500000,262144,1291766.862809
38,9.800000,32768,2406934.023628
38,12.400000,4096,4595724.843348
38,18.900000,512,9471144.082997
38,56.300000,64,19098292.792375
38,60.000000,12,17300057.706508
38,60.000000,18,16659283.095075
38,60.000000,24,15619070.991006
