arrival_rate,bp_parameter_L,bp_parameter_H,SRPT_L2_norm_flow_time
38,8.500000,262144,2334373.910640
38,9.800000,32768,2442002.897003
38,12.400000,4096,4622591.260808
38,18.900000,512,9070417.411177
38,56.300000,64,19017712.065058
38,60.000000,12,17665770.088989
38,60.000000,18,16513182.674184
38,60.000000,24,15632541.881706
