arrival_rate,bp_parameter_L,bp_parameter_H,SRPT_L2_norm_flow_time
38,8.500000,262144,13102078.792457
38,9.800000,32768,22572199.076035
38,12.400000,4096,37534502.866917
38,18.900000,512,74192649.804111
38,56.300000,64,151974181.008869
38,60.000000,12,142078991.225844
38,60.000000,18,133295317.388971
38,60.000000,24,125629747.181788
38,100.000000,50,8503708.692214
38,500.000000,200,57440054.580125
38,2000.000000,800,244177725.551753
