arrival_rate,bp_parameter_L,bp_parameter_H,SRPT_L2_norm_flow_time
38,8.500000,262144,262320.151485
38,9.800000,32768,321490.652393
38,12.400000,4096,320374.434779
38,18.900000,512,431365.073451
38,56.300000,64,863209.471270
