arrival_rate,bp_parameter_L,bp_parameter_H,SRPT_L2_norm_flow_time
38,8.500000,262144,11176757.618737
38,9.800000,32768,19527916.383688
38,12.400000,4096,36281223.938452
38,18.900000,512,75370642.767787
38,56.300000,64,152721792.867992
