arrival_rate,bp_parameter_L,bp_parameter_H,SRPT_L2_norm_flow_time
38,8.500000,262144,1414705.785747
38,9.800000,32768,2493886.368290
38,12.400000,4096,4919837.000738
38,18.900000,512,9264052.012739
38,56.300000,64,19277570.709936
38,60.000000,12,17970461.172262
38,60.000000,18,16429541.894566
38,60.000000,24,15577573.131739
