arrival_rate,bp_parameter_L,bp_parameter_H,SRPT_L2_norm_flow_time
40,8.500000,262144,210344.673401
40,9.800000,32768,192021.618700
40,12.400000,4096,247358.237726
40,18.900000,512,410730.762971
40,56.300000,64,-nan
