arrival_rate,bp_parameter_L,bp_parameter_H,SRPT_L2_norm_flow_time
40,8.500000,262144,1380940.883639
40,9.800000,32768,1945310.200243
40,12.400000,4096,4239536.458122
40,18.900000,512,8654959.360279
40,56.300000,64,17908802.016741
40,60.000000,12,16451723.596575
40,60.000000,18,15526662.397995
40,60.000000,24,14877485.832630
