arrival_rate,bp_parameter_L,bp_parameter_H,SRPT_L2_norm_flow_time
40,8.500000,262144,1536995.341460
40,9.800000,32768,2443532.956070
40,12.400000,4096,4368416.642448
40,18.900000,512,8754088.496428
40,56.300000,64,17804256.796659
40,60.000000,12,17269458.959254
40,60.000000,18,15986266.677976
40,60.000000,24,15418300.464707
