arrival_rate,bp_parameter_L,bp_parameter_H,SRPT_L2_norm_flow_time
40,8.500000,262144,242320.441651
40,9.800000,32768,99622.984150
40,12.400000,4096,246786.531377
40,18.900000,512,294096.731621
40,56.300000,64,482299.144879
