arrival_rate,bp_parameter_L,bp_parameter_H,SRPT_L2_norm_flow_time
40,8.500000,262144,1456183.821036
40,9.800000,32768,2624160.786877
40,12.400000,4096,4048379.205065
40,18.900000,512,8281701.470509
40,56.300000,64,17901638.590861
40,60.000000,12,16509499.219458
40,60.000000,18,15775639.784633
40,60.000000,24,15196993.787632
