arrival_rate,bp_parameter_L,bp_parameter_H,SRPT_L2_norm_flow_time
40,8.500000,262144,1383618.377388
40,9.800000,32768,1902127.276941
40,12.400000,4096,4400991.110165
40,18.900000,512,8471961.794754
40,56.300000,64,17739793.513074
40,60.000000,12,16932710.317519
40,60.000000,18,15657354.481949
40,60.000000,24,14890117.856834
