arrival_rate,bp_parameter_L,bp_parameter_H,SRPT_L2_norm_flow_time
40,8.500000,262144,2157593.963850
40,9.800000,32768,2633589.087222
40,12.400000,4096,4258302.461205
40,18.900000,512,8753338.592712
40,56.300000,64,18108658.996782
40,60.000000,12,16806639.578424
40,60.000000,18,16099522.867978
40,60.000000,24,15317311.000850
