arrival_rate,bp_parameter_L,bp_parameter_H,SRPT_L2_norm_flow_time
40,8.500000,262144,219044.348475
40,9.800000,32768,319266.813033
40,12.400000,4096,173298.215761
40,18.900000,512,337594.329391
40,56.300000,64,-nan
