arrival_rate,bp_parameter,RR_L2_Norm,SRPT_L2_Norm,SETF_L2_Norm,FCFS_L2_Norm,RMLF_L2_Norm
36,"{'L': 16.772, 'H': 64}",20693987.42746243,21307.693727853326,50343.34659118323,15420.839309194555,41076.42339590924
36,"{'L': 7.918, 'H': 512}",20874868.72456924,20015.16839799256,36387.44725863577,30747.130971848415,35354.48698538843
36,"{'L': 5.649, 'H': 4096}",20677683.20869732,61026.706194911094,103826.14549331974,216082.3009572973,95643.83571354716
36,"{'L': 4.639, 'H': 32768}",21155504.411194455,33535.219754759324,36575.932004529976,150130.6893643002,36693.146035738064
36,"{'L': 4.073, 'H': 262144}",22657569.223625865,133339.36210661876,135605.91859871015,2561259.1589353075,135532.2979625152
