arrival_rate,bp_parameter,RR_L2_Norm,SRPT_L2_Norm,SETF_L2_Norm,FCFS_L2_Norm,RMLF_L2_Norm
40,"{'L': 32.3, 'H': 512}",51489921.5716436,20964935.55314268,40197689.29534771,28142157.95778881,35662578.80189396
40,"{'L': 19.7, 'H': 4096}",50933901.33136108,11000127.118132727,23429820.651539035,27539218.534482475,18531770.954934582
40,"{'L': 15.3, 'H': 32768}",57034060.945913404,7825086.181992566,21331162.73257595,34169997.26973,12797466.08367848
40,"{'L': 13.0, 'H': 262144}",44071113.23037604,4058559.9225772186,9537345.94040386,21054043.764841754,6574062.865055673
