arrival_rate,bp_parameter_L,bp_parameter_H,Setf,Sjf,Fcfs,DYNAMIC_mode1_njobs100,DYNAMIC_mode3_njobs100,DYNAMIC_mode4_njobs100,DYNAMIC_mode5_njobs100,DYNAMIC_mode2_njobs100,Srpt,DYNAMIC_mode6_njobs100,Bal,RR
26,16.772,64,313301654.7643103,146971117.40029815,80965232.28312752,80958663.1950225,80965232.79340033,80965232.79340033,80965232.79340033,80965232.79340033,146971374.20633918,80965232.79340033,78320999.55696268,140784447.40361205
26,7.918,512,109320351.26802804,57756029.22024462,78954323.81349571,57410826.49673181,57759789.21629016,57759789.21629016,57759789.21629016,57759789.21629016,57759789.21629016,57759789.21629016,45004013.91323529,74341304.74233864
26,5.649,4096,45480667.77436308,24630005.027982578,83255100.76794975,24638077.927632384,24638077.927632384,24638077.927632384,24638077.927632384,24638077.927632384,24638077.927632384,24638077.927632384,24638015.449016586,36028853.28939761
26,4.639,32768,20309539.09046466,11105988.185949236,82364991.85090916,11254841.38957702,11143159.77825962,11143159.77825962,11143159.77825962,11143159.77825962,11143159.77825962,11143159.77825962,11142895.893282635,16623756.878833827
26,4.073,262144,7409504.781758967,4749467.1096715685,39281577.99418871,4503907.140693068,4503907.140693068,4503907.140693068,4503907.140693068,4503907.140693068,4503907.140693068,4503907.140693068,4502815.356178287,6784865.5481723435
