arrival_rate,bp_parameter,RR_L2_Norm,SRPT_L2_Norm,SETF_L2_Norm,FCFS_L2_Norm,RMLF_L2_Norm,DYNAMIC_L2_Norm,RFdynamic_L2_Norm,BAL_L2_Norm
20,"{'L': 16.772, 'H': 64}",9822030.502165476,7185146.801352844,13577680.689711332,5989099.983089112,12460143.129742932,6020427.501021917,5989365.773709016,5749574.662491652
20,"{'L': 7.918, 'H': 512}",5388805.417701404,3524276.913387624,6662102.784339641,6048873.810550771,5897011.627042802,3524276.913387624,6051253.269382798,3266569.6029108274
20,"{'L': 5.649, 'H': 4096}",2674801.154162679,1736038.4447379038,3338746.9209055062,6287196.422774463,2857246.9792994796,1736038.4447379038,2892323.7780284905,1710794.9561452419
20,"{'L': 4.639, 'H': 32768}",1157445.583519156,773497.8327358132,1558827.051014961,4863700.029997122,1311177.1766504326,773497.8327358132,1320606.0694775714,773444.7173974363
20,"{'L': 4.073, 'H': 262144}",780180.4180463644,549991.1162073439,1246028.4599574762,8066546.132244891,863311.7247344669,549991.1162073439,860907.194750979,549693.868466804
