arrival_rate,bp_parameter,RR_L2_Norm,SRPT_L2_Norm,SETF_L2_Norm,FCFS_L2_Norm,RMLF_L2_Norm
22,"{'L': 16.772, 'H': 64}",8543351.380362393,6677140.868170598,12738609.468939379,5119392.823361966,11671968.237772025
22,"{'L': 7.918, 'H': 512}",4514754.718560024,3103651.1185447373,5751517.846280754,4845281.103631966,5230212.608245481
22,"{'L': 5.649, 'H': 4096}",1628528.5374687174,1089890.9669985343,2212470.157371394,3262037.423564451,1870387.539578095
22,"{'L': 4.639, 'H': 32768}",1065208.1686496777,722274.6781751385,2002853.8908282851,7026152.100871358,1171586.0589380534
22,"{'L': 4.073, 'H': 262144}",473800.83353345847,337105.4389668016,595757.283967221,3569956.1488816636,537107.8526460025
