arrival_rate,bp_parameter,RR_L2_Norm,SRPT_L2_Norm,SETF_L2_Norm,FCFS_L2_Norm,RMLF_L2_Norm
26,"{'L': 16.772, 'H': 64}",4786023.739619455,4757170.109376897,10023817.000139866,2750787.7923745774,9532452.9213951
26,"{'L': 7.918, 'H': 512}",2829317.832152125,2061692.515277921,3970550.7618270037,3097077.0714063607,3588637.290888005
26,"{'L': 5.649, 'H': 4096}",1058286.4411301885,718939.0905347962,1365603.3857661602,2680036.832382533,1287719.6222974937
26,"{'L': 4.639, 'H': 32768}",550726.0219855241,358984.4137466138,573759.3503595388,3183760.0605009478,574361.7390982794
26,"{'L': 4.073, 'H': 262144}",154509.512642426,108759.4142132073,232647.58041939745,462444.7430342354,199075.07639832768
