arrival_rate,bp_parameter,RR_L2_Norm,SRPT_L2_Norm,SETF_L2_Norm,FCFS_L2_Norm,RMLF_L2_Norm
40,"{'L': 16.772, 'H': 64}",22830092.579485722,11654.623074128138,24621.52948132995,10017.736870171826,21139.41200695989
40,"{'L': 7.918, 'H': 512}",23342277.44792952,12451.715865694976,18636.481990976732,18309.369541303164,17985.410643074014
40,"{'L': 5.649, 'H': 4096}",23069661.04971185,25572.145568958425,30845.292412295268,81760.62283275489,30410.380596105664
40,"{'L': 4.639, 'H': 32768}",23298513.36028093,56424.69033144976,59097.78750511731,426565.1573194885,59623.60095633272
40,"{'L': 4.073, 'H': 262144}",24014247.929562546,60971.55453160105,71139.58926645557,501774.7367335267,71140.40321083371
