arrival_rate,bp_parameter,RR_L2_Norm,SRPT_L2_Norm,SETF_L2_Norm,FCFS_L2_Norm,RMLF_L2_Norm
40,"{'L': 56.3, 'H': 64}",21459700.798558585,17563988.274025947,29287752.86676151,11573533.140425572,27062328.46869794
40,"{'L': 18.9, 'H': 512}",12992585.19649977,8710385.430549959,16174843.866580505,11686560.05659621,15262696.758187985
40,"{'L': 12.4, 'H': 4096}",6339933.917282183,4059954.0568824173,7357596.724897131,11390541.846151263,6721141.017412966
40,"{'L': 9.8, 'H': 32768}",3563726.8724357933,2268660.377095038,3870483.907757013,10534854.06963115,3628472.6490416047
40,"{'L': 8.5, 'H': 262144}",1808713.3322392467,1250520.8361962626,2475269.17860846,11517403.771430653,2138439.587208159
