arrival_rate,bp_parameter,RR_L2_Norm,SRPT_L2_Norm,SETF_L2_Norm,FCFS_L2_Norm,RMLF_L2_Norm
40,"{'L': 16.772, 'H': 64}",4085.231082815267,3075.206009359373,6290.657040405239,2754.023601932271,5551.680826560547
40,"{'L': 7.918, 'H': 512}",6811.269632014284,5007.553594321283,7972.230428180059,6449.141183134387,7800.1360885564045
40,"{'L': 5.649, 'H': 4096}",3693.245320852651,3065.741182813709,4261.607912513773,5179.6704528377095,4227.930581265497
40,"{'L': 4.639, 'H': 32768}",11563.593905010674,9601.855914353224,10014.110095260587,31026.141832332294,10251.862221079642
40,"{'L': 4.073, 'H': 262144}",59474.86049584312,47824.18823147968,53378.369186403586,453296.91391073907,57498.51083289027
