arrival_rate,bp_parameter,RR_L2_Norm,SRPT_L2_Norm,SETF_L2_Norm,FCFS_L2_Norm,RMLF_L2_Norm
28,56.3,1102523.0883174285,742971.4804647618,1080079.378968046,610967.7166749483,1142780.6828447005
28,18.9,1073221.309644474,362239.5551537684,694239.0300969832,553473.2666994857,613089.0490540506
28,12.4,1259515.1721122696,270121.30628663854,584945.7644064106,800502.8447251141,438941.2526022133
28,9.8,960891.9570445992,132557.88333026445,277749.06108752196,478121.2518462236,214813.26168791347
28,8.5,1152402.4591348285,92605.11814149367,149747.4734311067,647343.0260070777,136812.68427671463
