arrival_rate,bp_parameter,RR_L2_Norm,SRPT_L2_Norm,SETF_L2_Norm,FCFS_L2_Norm,RMLF_L2_Norm
28,"{'L': 56.3, 'H': 64}",34837314.362076595,22770539.995432366,33405273.890912913,18610794.291821748,35216410.796204574
28,"{'L': 18.9, 'H': 512}",33883292.9831864,11496968.86249167,22315524.68198969,17612670.410599098,19729266.573949017
28,"{'L': 12.4, 'H': 4096}",35529302.764566295,6857465.379475131,14665518.250013875,19457396.19009134,11194514.37705973
28,"{'L': 9.8, 'H': 32768}",31571624.900896326,3719481.3528004144,8894492.032144051,15463099.896889305,6063806.766546078
28,"{'L': 8.5, 'H': 262144}",41484995.63768396,2687873.6532387454,6729528.452746893,25146484.872965008,4267685.113683295
