arrival_rate,bp_parameter,RR_L2_Norm,SRPT_L2_Norm,SETF_L2_Norm,FCFS_L2_Norm,RMLF_L2_Norm
38,"{'L': 56.3, 'H': 64}",34830916.15177943,18728166.315703332,30102453.38660598,12625608.75867758,28322159.08609552
38,"{'L': 18.9, 'H': 512}",33135794.754139654,8250398.871832379,15714214.104357207,11382842.195105009,14359618.322329462
38,"{'L': 12.4, 'H': 4096}",35721761.9474515,4800086.14440564,9682703.619542425,14075965.524632512,8056998.948261505
38,"{'L': 9.8, 'H': 32768}",27427275.827126015,1385553.4065246277,2611758.21918454,5682413.3578345915,2338220.4292271077
38,"{'L': 8.5, 'H': 262144}",27426241.39860564,1151144.5959795841,1883356.5395798003,5492812.534567787,1839318.0694716724
