arrival_rate,bp_parameter,RR_L2_Norm,SRPT_L2_Norm,SETF_L2_Norm,FCFS_L2_Norm,RMLF_L2_Norm
28,"{'L': 56.3, 'H': 64}",1101521.2626218342,712840.7382648665,1057343.057402374,586453.2943841309,1107172.2445202463
28,"{'L': 18.9, 'H': 512}",1061786.4173768659,352510.4304697947,652331.9428251233,539054.3353141685,595507.7961689503
28,"{'L': 12.4, 'H': 4096}",955015.1445060963,194686.98824009785,369671.3231953488,436347.61544667574,315936.46708950837
28,"{'L': 9.8, 'H': 32768}",1120336.6575146061,137944.75518482027,272258.59295530047,609523.0644602384,217441.25437230166
28,"{'L': 8.5, 'H': 262144}",786853.7416934611,73999.56806630698,147059.99615123073,254393.2310479192,115974.36650398225
