arrival_rate,bp_parameter,RR_L2_Norm,SRPT_L2_Norm,SETF_L2_Norm,FCFS_L2_Norm,RMLF_L2_Norm
24,"{'L': 16.772, 'H': 64}",17233577.633554213,5180588.630846306,10724345.45055865,3372317.7790015577,10004455.330921419
24,"{'L': 7.918, 'H': 512}",16056609.320439013,1399421.1609526277,2709750.0789700146,2101799.600860653,2518196.225977634
24,"{'L': 5.649, 'H': 4096}",16066184.393483352,594800.8509576966,1196276.3203035493,2041577.9571686701,1066328.3761487359
24,"{'L': 4.639, 'H': 32768}",16950098.912760656,303029.5455149547,460122.30789867166,3306490.277048611,402099.4436964568
24,"{'L': 4.073, 'H': 262144}",26123100.272336207,654762.0800580926,954674.4926109632,12155159.902934926,890822.8424035836
