arrival_rate,bp_parameter,RR_L2_Norm,SRPT_L2_Norm,SETF_L2_Norm,FCFS_L2_Norm,RMLF_L2_Norm,DYNAMIC_L2_Norm,RFdynamic_L2_Norm,BAL_L2_Norm
30,"{'L': 32.3, 'H': 512}",40367498.87108472,24835956.097508125,45822239.68001455,34957942.168315016,42579127.441437475,24835956.097508125,35052896.17269988,27870994.395853084
30,"{'L': 19.7, 'H': 4096}",23799328.685433082,15025319.557035051,33960507.041237175,33763180.16060183,25173888.11846275,15025319.557035051,34290493.26194399,15776234.182474632
30,"{'L': 15.3, 'H': 32768}",16628423.437315186,10678982.520203786,26331219.514848452,33942225.80637662,17385200.09065015,10678982.520203786,35532797.51717341,10723423.520335564
30,"{'L': 13.0, 'H': 262144}",11315135.198450083,7327993.372099008,17766512.066831887,27004070.778802574,12053703.360497512,7327993.372099008,12430116.110736215,6969167.6408881135
