arrival_rate,bp_parameter,RR_L2_Norm,SRPT_L2_Norm,SETF_L2_Norm,FCFS_L2_Norm,RMLF_L2_Norm
30,56.3,1104793.0056743661,710787.0036726895,1035380.200917518,560864.658163625,1107766.438418767
30,18.9,1094795.3388898766,392241.44105129945,784686.5638387088,574121.0731405006,678406.466484511
30,12.4,1105534.8421366012,229837.49943601456,496114.5413097665,575756.5266994374,369287.4230853252
30,9.8,1523706.7831538324,129076.01434038782,258277.46168413534,962389.9634399769,206031.64282944502
30,8.5,685489.4905416128,46736.63198177635,90939.00659782908,116056.02709898353,81639.3908722989
