arrival_rate,bp_parameter,RR_L2_Norm,SRPT_L2_Norm,SETF_L2_Norm,FCFS_L2_Norm,RMLF_L2_Norm
38,"{'L': 56.3, 'H': 64}",34858855.74302527,18847147.960633807,30281064.417554744,12925475.698985627,28658625.864278786
38,"{'L': 18.9, 'H': 512}",33604441.35109688,8158493.76047356,15592591.764356496,11347801.586259605,14433165.616890045
38,"{'L': 12.4, 'H': 4096}",35392460.45945184,4663488.024619769,9299546.99980585,13559816.697313353,7899013.564006205
38,"{'L': 9.8, 'H': 32768}",31753287.4495498,1849225.2547080358,3735619.6267876364,9513598.645948809,3030001.723050335
38,"{'L': 8.5, 'H': 262144}",34002011.69960848,1328847.540746492,2283807.726862093,12116831.998536952,2083254.777388498
