arrival_rate,bp_parameter,RR_L2_Norm,SRPT_L2_Norm,SETF_L2_Norm,FCFS_L2_Norm,RMLF_L2_Norm
22,"{'L': 32.3, 'H': 512}",51691573.43166597,26965109.51301331,48955479.94759427,39222446.669393435,45634103.772470616
22,"{'L': 19.7, 'H': 4096}",53949305.3123963,17009931.7298125,41840488.729466066,41252052.34616246,27927147.5724203
22,"{'L': 15.3, 'H': 32768}",55203794.78342158,12018500.200061154,35945767.986537926,42599306.85753894,19711548.884180665
22,"{'L': 13.0, 'H': 262144}",43830784.86312577,8445442.104717845,23374648.21314109,31230526.72121431,14002960.919179415
