arrival_rate,bp_parameter,RR_L2_Norm,SRPT_L2_Norm,SETF_L2_Norm,FCFS_L2_Norm,RMLF_L2_Norm
36,"{'L': 16.772, 'H': 64}",20703663.534229178,22029.831342976733,51818.49743093676,15311.701342437424,41141.74241570233
36,"{'L': 7.918, 'H': 512}",20540515.88787222,29876.830822562155,56907.548286672834,44847.51730029211,51263.48018814173
36,"{'L': 5.649, 'H': 4096}",20852621.942334205,37295.23949514201,48849.31251307433,142711.72673610252,47264.56119546652
36,"{'L': 4.639, 'H': 32768}",21155116.43181337,35733.31276274283,38507.783849502426,196109.35329045373,38963.79056252099
36,"{'L': 4.073, 'H': 262144}",21904074.063005812,138399.0551340579,187287.29034026843,1337452.6292314057,179047.24688472593
