arrival_rate,bp_parameter,RR_L2_Norm,SRPT_L2_Norm,SETF_L2_Norm,FCFS_L2_Norm,RMLF_L2_Norm
34,"{'L': 16.772, 'H': 64}",19635175.620148856,31564.528049695276,79841.14217619886,19396.947130927587,57065.96354220263
34,"{'L': 7.918, 'H': 512}",19596662.71431896,40260.060009890694,78448.98610562153,58151.66842834348,70912.13377835983
34,"{'L': 5.649, 'H': 4096}",19284931.408011306,28729.44484322661,40498.887737813246,85963.3485504142,41242.54478084494
34,"{'L': 4.639, 'H': 32768}",19619118.191900037,66219.6583953738,92506.28008951609,514977.42018558446,90101.75433364214
34,"{'L': 4.073, 'H': 262144}",19934296.339360464,88180.72042685974,127414.0246283744,673045.4125562406,126995.84090040115
