arrival_rate,bp_parameter,RR_L2_Norm,SRPT_L2_Norm,SETF_L2_Norm,FCFS_L2_Norm,RMLF_L2_Norm,DYNAMIC_L2_Norm,Rdynamic_L2_Norm
24,"{'L': 32.3, 'H': 512}",43172242.45163839,26426347.59469108,47839512.633608244,38577709.229698285,44824645.39500072,26426347.59469108,38702927.901067086
24,"{'L': 19.7, 'H': 4096}",27232312.450158343,17091240.98330364,38762354.65856958,40213476.96467059,28253418.764894206,17091240.98330364,40887420.707876295
24,"{'L': 15.3, 'H': 32768}",18651047.69493655,11854931.313077357,32221564.980889335,37691099.91132254,19578080.224729825,11854931.313077357,39599735.19075413
24,"{'L': 13.0, 'H': 262144}",14504839.303009564,9295843.950323714,38254419.860784635,52407377.08439858,15469327.813256625,9295843.950323714,22337131.391813543
