arrival_rate,bp_parameter,RR_L2_Norm,SRPT_L2_Norm,SETF_L2_Norm,FCFS_L2_Norm,RMLF_L2_Norm,DYNAMIC_L2_Norm,RFdynamic_L2_Norm,BAL_L2_Norm
40,"{'L': 16.772, 'H': 64}",17809.042534622684,13796.459799528284,29692.689184376683,11377.010459694586,25903.282012131203,12321.003368232638,11440.669866751685,13796.459799528284
40,"{'L': 7.918, 'H': 512}",30818.389510160974,22938.536614178334,40041.07497308233,32718.966090021855,36583.24162782735,22938.536614178334,36382.35349726568,22938.536614178334
40,"{'L': 5.649, 'H': 4096}",41461.3337098555,34594.42259960411,45642.510700004226,109602.35060435519,43978.21489101167,34594.42259960411,45030.376391942365,34593.77238752663
40,"{'L': 4.639, 'H': 32768}",69821.8999455042,64275.97109340317,66195.6340403202,450168.088893471,68305.27440102996,64275.97109340317,68343.65765745933,64239.12938388876
40,"{'L': 4.073, 'H': 262144}",50873.3149794664,41775.61645266291,57560.67670727995,235353.9909391808,52836.49992192897,41775.61645266291,50183.79083927399,41766.361524557055
