arrival_rate,bp_parameter,RR_L2_Norm,SRPT_L2_Norm,SETF_L2_Norm,FCFS_L2_Norm,RMLF_L2_Norm
30,"{'L': 16.772, 'H': 64}",17452066.91964436,306473.3004781983,858943.6829798564,108451.73832170694,476849.3862258816
30,"{'L': 7.918, 'H': 512}",17846653.037610665,56516.7221183253,108744.42707099982,79487.77240557192,101350.13355689276
30,"{'L': 5.649, 'H': 4096}",17479448.550910152,144603.16306706434,253869.8907590264,573974.787593497,283020.7777867201
30,"{'L': 4.639, 'H': 32768}",17598494.86592294,85954.16887504642,101814.1641128581,497376.6213524717,102189.17118266494
30,"{'L': 4.073, 'H': 262144}",23910924.05375081,263027.28241572203,304068.045631237,6798206.292206129,301303.97830596264
