arrival_rate,bp_parameter,RR_L2_Norm,SRPT_L2_Norm,SETF_L2_Norm,FCFS_L2_Norm,RMLF_L2_Norm,DYNAMIC_L2_Norm,Rdynamic_L2_Norm
26,"{'L': 16.772, 'H': 64}",4105397.485013114,4299228.643894856,9323169.531270843,2365081.1755717816,8406545.981061783,2365023.8996834685,2365353.4159955885
26,"{'L': 7.918, 'H': 512}",2504106.3211541157,1890713.9414020302,3576950.736857163,2582220.2378869625,3289823.595781391,1857070.4961505905,2585017.5709045
26,"{'L': 5.649, 'H': 4096}",566156.2889414901,398071.8140423911,774112.1012430951,1388601.606786122,700060.5210558585,398071.8140423911,670342.2272794695
26,"{'L': 4.639, 'H': 32768}",621089.3973938051,398686.02996844525,697129.9596352176,3659341.0517050745,599606.7993135168,398686.02996844525,612948.5763879381
26,"{'L': 4.073, 'H': 262144}",255788.84286653317,209459.95143702292,245091.25919338697,2899763.0135386926,238780.5862816322,211075.22906774256,242640.8796575713
