arrival_rate,bp_parameter,RR_L2_Norm,SRPT_L2_Norm,SETF_L2_Norm,FCFS_L2_Norm,RMLF_L2_Norm,DYNAMIC_L2_Norm,Rdynamic_L2_Norm
34,"{'L': 16.772, 'H': 64}",38344.15308753083,40536.93182765563,110308.86252699736,22700.095858828437,80692.63216056346,22960.677690347035,22762.058496542002
34,"{'L': 7.918, 'H': 512}",54576.659956431926,39124.69607549687,77684.69539104855,55810.27624013341,74490.05617530436,39124.69607549687,57157.10775572886
34,"{'L': 5.649, 'H': 4096}",119689.38339301443,81549.9336112544,167138.9414858189,266232.86672572943,152599.72701155135,81549.9336112544,152771.23934497617
34,"{'L': 4.639, 'H': 32768}",125463.0267449339,113254.34762957226,128414.91558615767,968933.5762269775,123228.17506154995,113254.34762957226,123342.62870151585
34,"{'L': 4.073, 'H': 262144}",54301.10367202494,48745.480611026906,56531.38779474638,267652.7345330139,53651.36805338704,48745.480611026906,55418.42664673908
