arrival_rate,bp_parameter,RR_L2_Norm,SRPT_L2_Norm,SETF_L2_Norm,FCFS_L2_Norm,RMLF_L2_Norm,DYNAMIC_L2_Norm,Rdynamic_L2_Norm
24,"{'L': 56.3, 'H': 64}",37100514.628619805,24382287.814021595,34582917.72406906,20904172.24949359,37356934.40207016,20904173.925170854,20906117.02294845
24,"{'L': 18.9, 'H': 512}",21789509.789820537,13662754.738036176,26607130.64886599,21333022.662498087,23025408.117895957,13662754.738036176,21364190.637036476
24,"{'L': 12.4, 'H': 4096}",12706690.84776544,8123043.570566761,17688527.39054354,20176399.511157338,13500924.335937817,8123043.570566761,20751839.327315833
24,"{'L': 9.8, 'H': 32768}",8345069.746618419,5329777.343972354,11209260.634451766,16402876.11712882,8601420.89062342,5329777.343972354,8851855.719820844
24,"{'L': 8.5, 'H': 262144}",6286243.699934167,4124783.4323307206,17019295.531624597,36733502.90255754,6823094.342142867,4157820.428765894,6891968.643461533
