arrival_rate,bp_parameter,RR_L2_Norm,SRPT_L2_Norm,SETF_L2_Norm,FCFS_L2_Norm,RMLF_L2_Norm
20,"{'L': 16.772, 'H': 64}",17229257.56198348,6932179.9689165605,12938097.378565483,5714291.351842501,12048733.28400268
20,"{'L': 7.918, 'H': 512}",16355962.465998692,2706087.9621423986,5032719.391922621,4729212.520276394,4548906.497528389
20,"{'L': 5.649, 'H': 4096}",15602453.710918004,1245108.7597467138,2367102.2177464156,4229762.186901292,2140322.8644043403
20,"{'L': 4.639, 'H': 32768}",14085135.213431606,392195.73483147414,701606.0637857971,2694081.5724426387,641757.125842012
20,"{'L': 4.073, 'H': 262144}",14256983.308581272,546545.1791041616,1126583.5358432147,2909571.8160394323,917630.8999227304
