arrival_rate,bp_parameter,RR_L2_Norm,SRPT_L2_Norm,SETF_L2_Norm,FCFS_L2_Norm,RMLF_L2_Norm,DYNAMIC_L2_Norm,RFdynamic_L2_Norm,BAL_L2_Norm
28,"{'L': 56.3, 'H': 64}",33625147.542071216,22889644.9791431,33398643.361327358,18789390.55439641,35353768.69567964,18789393.363502212,18790914.785887167,18786063.152442664
28,"{'L': 18.9, 'H': 512}",19719706.06444622,12503225.143315824,24527869.573437233,19167049.83220206,21385836.09444099,12503225.143315824,19191480.273961518,13594386.051014258
28,"{'L': 12.4, 'H': 4096}",10845827.875838017,6962056.794898976,15028078.306856936,17761631.089339685,11536912.98166468,6962056.794898976,18184336.83536059,6775092.343701671
28,"{'L': 9.8, 'H': 32768}",7379673.232047202,4810192.670223408,10749530.610807618,21283962.688153774,7931047.888032577,4906233.960443285,8144689.10415677,4454284.528229422
28,"{'L': 8.5, 'H': 262144}",4965823.2844948275,3188054.4164259494,6898398.558177108,13321720.432787726,5202756.82308197,3239360.3304387117,5286716.608965814,3101379.741454761
