arrival_rate,bp_parameter,RR_L2_Norm,SRPT_L2_Norm,SETF_L2_Norm,FCFS_L2_Norm,RMLF_L2_Norm
40,"{'L': 32.3, 'H': 512}",1633471.708507068,675058.1926611956,1274930.2328935494,914709.0709460577,1150982.0547515065
40,"{'L': 19.7, 'H': 4096}",1943555.2106235623,448293.6202735881,1052863.052888646,1251182.915301356,733535.4410319927
40,"{'L': 15.3, 'H': 32768}",1379377.9073299672,214937.4739383526,464636.99621424894,655388.3692384234,356933.3141960834
40,"{'L': 13.0, 'H': 262144}",1713163.229085308,147057.723146389,289814.5042177841,1014908.5847947095,223446.27773807288
