arrival_rate,bp_parameter,RR_L2_Norm,SRPT_L2_Norm,SETF_L2_Norm,FCFS_L2_Norm,RMLF_L2_Norm
24,"{'L': 56.3, 'H': 64}",34847902.529851705,24608020.289385613,34776489.231185585,21115985.169287104,37400961.85450105
24,"{'L': 18.9, 'H': 512}",32929235.769571893,12318948.414972724,24174763.69742021,19006321.423916385,20942683.448683623
24,"{'L': 12.4, 'H': 4096}",33004753.549701262,7757563.639576023,17192055.276289918,19211008.39299166,12993851.248959947
24,"{'L': 9.8, 'H': 32768}",32319547.59557615,4681807.273251004,11086608.762001976,18514225.04168784,7579722.435687339
24,"{'L': 8.5, 'H': 262144}",38764505.40285097,3352633.3419625536,7783450.742089527,24950855.358933087,5498713.404940105
