arrival_rate,bp_parameter,RR_L2_Norm,SRPT_L2_Norm,SETF_L2_Norm,FCFS_L2_Norm,RMLF_L2_Norm
36,"{'L': 32.3, 'H': 512}",52196906.38782912,22582854.37972895,42186256.12764667,31486907.460115656,38617142.24517965
36,"{'L': 19.7, 'H': 4096}",50483254.704100445,11948857.922877023,26725083.844962414,29515478.016514994,19734249.571328346
36,"{'L': 15.3, 'H': 32768}",58282518.55025496,8291456.324262042,20240066.017344188,37256364.21155753,13545646.603057455
36,"{'L': 13.0, 'H': 262144}",43416914.419725694,5132533.21293696,11755176.707599252,23033835.576701418,8289223.528428522
