arrival_rate,bp_parameter,RR_L2_Norm,SRPT_L2_Norm,SETF_L2_Norm,FCFS_L2_Norm,RMLF_L2_Norm,DYNAMIC_L2_Norm,RFdynamic_L2_Norm,BAL_L2_Norm
28,"{'L': 56.3, 'H': 64}",33764560.888317294,22925231.158857156,33645778.254445195,18834272.17533343,35492502.30698026,18834274.427441794,18835769.901118748,18831121.076441146
28,"{'L': 18.9, 'H': 512}",19652108.39321145,12511699.768342989,24365653.89654854,18998353.13197507,21615138.558038116,12511699.768342989,19015467.936547,13534000.331753802
28,"{'L': 12.4, 'H': 4096}",11255993.867344989,7255002.654601582,15862296.62522546,18218462.458224926,11768347.946611028,7255002.654601582,18661626.97736079,7048716.618830906
28,"{'L': 9.8, 'H': 32768}",6643122.089157778,4291335.215892602,9867091.66801368,16610838.966888668,7161433.040747501,4328884.982083724,7292384.226765893,3971231.306720247
28,"{'L': 8.5, 'H': 262144}",4583596.984518163,3064199.335913543,7312723.789621894,22305666.86808785,5070286.252108751,3064199.335913543,5034249.63535123,2924111.7731629205
