arrival_rate,bp_parameter,RR_L2_Norm,SRPT_L2_Norm,SETF_L2_Norm,FCFS_L2_Norm,RMLF_L2_Norm
36,16.772,646808.123732997,4724.7406278017,9965.366475950595,4017.8726958429133,9063.417457008145
36,7.918,619882.4978824616,8925.218484720695,15044.910800666117,13070.045638787953,14259.744001909712
36,5.649,719875.6289936478,15217.453400618646,17948.13603135434,58081.74294905414,18018.427567354483
36,4.639,633953.3073365892,3427.941802306451,3593.9347517727697,11255.201775179332,3562.4492978848134
36,4.073,664508.990189749,5638.275888957545,5711.004902817016,20619.079683632826,5750.074347345432
