arrival_rate,bp_parameter,RR_L2_Norm,SRPT_L2_Norm,SETF_L2_Norm,FCFS_L2_Norm,RMLF_L2_Norm,DYNAMIC_L2_Norm,RFdynamic_L2_Norm,BAL_L2_Norm
28,"{'L': 16.772, 'H': 64}",40705.31440733507,49296.51006917224,126385.44538434796,23302.801762878215,84420.92098526288,23504.9895766835,23573.763763981347,35986.6134555615
28,"{'L': 7.918, 'H': 512}",42894.36781210326,30261.43025370744,54870.00811919021,41933.627722867,55103.52695608512,28833.267157920207,45705.51913062579,30247.208367054307
28,"{'L': 5.649, 'H': 4096}",40285.69634498081,29079.053595328718,41305.80134799469,127004.97557182553,38125.3154741046,29578.91002048588,38387.068525741844,29037.10560644776
28,"{'L': 4.639, 'H': 32768}",6018.406682835583,5016.534361489015,5967.630266697159,9469.460016283927,5922.224835313161,5157.267202695629,6021.6661315619285,5009.200235566552
28,"{'L': 4.073, 'H': 262144}",11617.780941298557,9032.866101077774,12922.457041909638,29815.962486560784,12652.292124354386,9624.58284810308,12644.024280267735,9028.41763544421
