arrival_rate,bp_parameter,RR_L2_Norm,SRPT_L2_Norm,SETF_L2_Norm,FCFS_L2_Norm,RMLF_L2_Norm,DYNAMIC_L2_Norm,Rdynamic_L2_Norm
20,"{'L': 16.772, 'H': 64}",9612386.66359552,7161527.417529308,13366889.942661345,5827451.388916685,12442858.19202421,5827284.889394117,5827693.559192607
20,"{'L': 7.918, 'H': 512}",5381731.22219607,3588111.545068659,6671762.113503073,6014531.180866219,5955221.494795135,3588111.545068659,6018301.734492381
20,"{'L': 5.649, 'H': 4096}",2857106.6774600837,1897844.7103641015,3798222.235250855,7032593.64235934,3131379.5092856437,1951129.4721765646,3274640.292741021
20,"{'L': 4.639, 'H': 32768}",1458001.9017446444,946410.8145604635,1890252.911431695,5636227.777305846,1526736.9700321665,946410.8145604635,1538251.728582809
20,"{'L': 4.073, 'H': 262144}",910027.0482101068,591354.0641460072,1132730.640196512,6363554.713991309,907847.7522046304,591397.1615792555,946214.9284427931
