arrival_rate,bp_parameter,RR_L2_Norm,SRPT_L2_Norm,SETF_L2_Norm,FCFS_L2_Norm,RMLF_L2_Norm
22,56.3,1101244.7044235899,788250.6511928804,1114959.561293144,694408.023540915,1196070.9805032476
22,18.9,1031615.0683355686,398108.1209043593,748689.4275031537,615692.4584636391,666815.9907133301
22,12.4,1103966.0897880876,263919.7516916837,608541.1569507851,713634.6773118582,438503.51210680173
22,9.8,1795528.4229891768,194022.30379778508,746801.7580851025,1386746.1213095207,296396.6146702759
22,8.5,971687.4201748214,114660.17488212723,250624.26587224152,555965.8051067529,178736.47479739552
