arrival_rate,bp_parameter,RR_L2_Norm,SRPT_L2_Norm,SETF_L2_Norm,FCFS_L2_Norm,RMLF_L2_Norm,DYNAMIC_L2_Norm,RFdynamic_L2_Norm,BAL_L2_Norm
30,"{'L': 56.3, 'H': 64}",971325.1111404462,682456.2651254657,1036356.7177043819,540540.424966533,1073118.6886276838,544119.8492832255,553398.387739791,541328.7097559116
30,"{'L': 18.9, 'H': 512}",524061.3846182525,328042.6043016364,649614.5256327017,453341.5377152197,576185.7316933491,328042.6043016364,468265.96194363735,305061.03337692935
30,"{'L': 12.4, 'H': 4096}",332215.4471483829,209101.4523598533,463677.1658762161,607612.9044078968,340926.7751644039,209101.4523598533,429287.75123103615,207487.6313229297
30,"{'L': 9.8, 'H': 32768}",183718.53339279626,121612.990934357,293175.36412700167,650436.7531366905,191053.79045441627,121612.990934357,199074.49895704875,121594.12367791463
30,"{'L': 8.5, 'H': 262144}",133158.69035477933,82526.74616147179,151967.14551178488,432336.1716002953,127716.38460275956,82526.74616147179,143735.6903068963,82516.524339068
