arrival_rate,bp_parameter,RR_L2_Norm,SRPT_L2_Norm,SETF_L2_Norm,FCFS_L2_Norm,RMLF_L2_Norm
34,"{'L': 56.3, 'H': 64}",34830496.67071239,20345921.764446013,31748333.681028318,15361373.081844475,31514906.850087833
34,"{'L': 18.9, 'H': 512}",33637299.859603226,9634179.410518989,18858851.73129003,14035329.575029224,16290999.441011224
34,"{'L': 12.4, 'H': 4096}",34526258.276862845,5102510.331308502,10268003.1228419,14967571.647172898,8347281.333003938
34,"{'L': 9.8, 'H': 32768}",28760080.548604537,2230728.7356323716,4465171.035383863,9236641.18568801,3822797.9252470303
34,"{'L': 8.5, 'H': 262144}",37446758.16984887,1957820.7598595435,3478851.5416550906,17791204.424077563,2981919.384653784
