arrival_rate,bp_parameter_L,bp_parameter_H,Setf,Sjf,Fcfs,Srpt,DYNAMIC_mode1_njobs100,DYNAMIC_mode2_njobs100,DYNAMIC_mode3_njobs100,DYNAMIC_mode4_njobs100,RR,DYNAMIC_mode5_njobs100,Bal,DYNAMIC_mode6_njobs100
20,16.772,64,13372417.18218049,7091916.948996019,5855866.549050363,7092016.765805831,5855871.273760208,5855871.273760208,5855871.273760208,5855871.273760208,9623929.07834934,5855871.273760208,5625883.775682981,5855871.273760208
20,7.918,512,6371888.081170761,3382780.187412123,5621382.516261013,3383071.721770468,3376929.5655467855,3383071.721770468,3383071.721770468,3383071.721770468,5070444.336586193,3383071.721770468,3053879.110599665,3383071.721770468
20,5.649,4096,3854217.1338419686,1958429.8487760546,7817669.540425522,1958889.7257632958,1958889.7257632958,1958889.7257632958,1958889.7257632958,1958889.7257632958,3012858.658486654,1958889.7257632958,1935790.1864990431,1958889.7257632958
20,4.639,32768,2373278.8089859984,1168116.8412624656,6065610.799422759,1170779.2344092887,1170779.2344092887,1170779.2344092887,1170779.2344092887,1170779.2344092887,1791346.9373382141,1170779.2344092887,1170146.5933159827,1170779.2344092887
20,4.073,262144,1433520.0119081002,905947.6211095209,4446736.450138348,785106.0953183334,785106.0953183334,785106.0953183334,785106.0953183334,785106.0953183334,1202177.4418054933,785106.0953183334,785038.3817686877,785106.0953183334
