arrival_rate,bp_parameter,RR_L2_Norm,SRPT_L2_Norm,SETF_L2_Norm,FCFS_L2_Norm,RMLF_L2_Norm
32,"{'L': 32.3, 'H': 512}",1574369.119368771,674328.6631027929,1273870.9818435304,920506.8241050688,1160472.7698489956
32,"{'L': 19.7, 'H': 4096}",1546136.1787025747,404286.26198771584,1007192.0597691386,972587.0004457185,675292.3012325848
32,"{'L': 15.3, 'H': 32768}",1523490.6016874537,302344.60021472187,696905.6525434415,929940.3878679536,491058.5803089077
32,"{'L': 13.0, 'H': 262144}",1254077.7425606437,161386.11973772713,353465.7509165492,689201.5872058044,253903.19367428208
