arrival_rate,bp_parameter,RR_L2_Norm,SRPT_L2_Norm,SETF_L2_Norm,FCFS_L2_Norm,RMLF_L2_Norm
26,"{'L': 16.772, 'H': 64}",17065443.651419614,3799257.7694082563,8409178.06220602,1985759.0515707086,7141441.6010276945
26,"{'L': 7.918, 'H': 512}",16283614.256997708,1001273.3103393898,2037742.5231750943,1338818.0827203523,1884045.0691533363
26,"{'L': 5.649, 'H': 4096}",16509484.744693033,380802.18611636147,643068.9622054542,1420116.4306094765,628589.6345223965
26,"{'L': 4.639, 'H': 32768}",16186417.79352785,194578.90460427615,265016.768543049,1203905.3396056518,272012.7757054804
26,"{'L': 4.073, 'H': 262144}",15476665.332422195,109838.33051808462,180412.38475226692,581957.6401165294,169788.88349064553
