arrival_rate,bp_parameter,RR_L2_Norm,SRPT_L2_Norm,SETF_L2_Norm,FCFS_L2_Norm,RMLF_L2_Norm
38,16.772,716753.4769354105,3993.7906805439866,9366.97662001993,3437.8275116707064,8159.002880254425
38,7.918,718233.0680809678,6269.2094397938245,9999.30857609665,11027.160468588458,8902.342107557988
38,5.649,671288.2315928084,30004.749624017863,35631.11078818621,105926.56564809415,36052.3024923513
38,4.639,861539.4311736405,23429.345701491537,27232.32889416548,217743.49071327024,27211.446929555215
38,4.073,676845.3192443603,6840.5793614283875,7042.8639061109225,24181.930485385157,7017.648751540647
