arrival_rate,bp_parameter,RR_L2_Norm,SRPT_L2_Norm,SETF_L2_Norm,FCFS_L2_Norm,RMLF_L2_Norm
40,"{'L': 16.772, 'H': 64}",22726375.81104242,12230.213898374795,27587.344779808005,10316.09330124539,23419.92568305886
40,"{'L': 7.918, 'H': 512}",23139057.383108456,16930.979534569167,27795.588984585305,25443.82473214277,26661.97121369686
40,"{'L': 5.649, 'H': 4096}",23455009.794249352,29170.410984420498,37944.153937069146,86628.7319311555,37008.368472549555
40,"{'L': 4.639, 'H': 32768}",23511823.9934437,129508.40914010178,182493.0048221027,979539.2120803536,181202.4449365957
40,"{'L': 4.073, 'H': 262144}",23290694.586743586,28892.704009836118,33493.190531808104,146982.85657518022,33247.17518827727
