arrival_rate,bp_parameter,RR_L2_Norm,SRPT_L2_Norm,SETF_L2_Norm,FCFS_L2_Norm,RMLF_L2_Norm
26,16.772,551785.0583424673,93623.2204850912,217766.98412293816,47490.232564181024,155906.65466233314
26,7.918,483617.3088093519,11901.229222227425,25175.18478581637,17505.46146206949,20746.32663870884
26,5.649,591869.7241234763,31255.77261882995,50764.53860718129,123950.90504711936,46481.61280549547
26,4.639,600916.2607069308,21946.066139515755,29218.678991357567,150697.9625807861,28895.76128085225
26,4.073,486424.558222547,11811.781830020396,14301.87949187099,29176.721474490583,16276.802081490086
