arrival_rate,bp_parameter,RR_L2_Norm,SRPT_L2_Norm,SETF_L2_Norm,FCFS_L2_Norm,RMLF_L2_Norm,DYNAMIC_L2_Norm,RFdynamic_L2_Norm,BAL_L2_Norm
26,"{'L': 56.3, 'H': 64}",1070759.465333835,719342.3781232411,1070855.6569318762,601056.2897033854,1119766.3773689582,601057.0427704845,615340.8712697378,601619.6851001469
26,"{'L': 18.9, 'H': 512}",688316.6543873539,435543.82906890096,884495.4405789778,674827.9719172879,742388.5002759674,434634.1406608551,698957.3912478499,417680.9187023032
26,"{'L': 12.4, 'H': 4096}",340024.07201549713,217397.1669387621,449713.2772467364,562436.1293044749,368320.38140455924,217397.1669387621,429308.20799281256,208811.2125030646
26,"{'L': 9.8, 'H': 32768}",284651.3651943373,196575.59896131564,480498.12384233094,1475985.338101297,298035.088459396,202216.8524999833,315645.93573971454,194165.32488062847
26,"{'L': 8.5, 'H': 262144}",146490.4978488366,93228.47210482428,213101.04514290867,270989.69867875054,153587.7266938996,95106.60407143134,164026.72795614743,93227.10756534281
