arrival_rate,bp_parameter,RR_L2_Norm,SRPT_L2_Norm,SETF_L2_Norm,FCFS_L2_Norm,RMLF_L2_Norm
26,"{'L': 32.3, 'H': 512}",1643683.3326672143,805997.157687296,1453966.0697667603,1166490.2409673217,1370407.460855347
26,"{'L': 19.7, 'H': 4096}",1789830.6449873967,477649.6084432604,1130987.6790164427,1314488.0639895517,793143.3385876729
26,"{'L': 15.3, 'H': 32768}",1797337.351242109,373906.7984311064,1106383.7005013225,1338578.0170711007,609751.9924715294
26,"{'L': 13.0, 'H': 262144}",1488340.7652506868,259215.14097559964,719617.5079234801,1036476.1672585626,417847.9880758073
