arrival_rate,bp_parameter,RR_L2_Norm,SRPT_L2_Norm,SETF_L2_Norm,FCFS_L2_Norm,RMLF_L2_Norm,DYNAMIC_L2_Norm,RFdynamic_L2_Norm,BAL_L2_Norm
34,"{'L': 16.772, 'H': 64}",41113.491800137825,39063.647755938,103163.23941210842,24323.30686810492,69905.88510991045,24338.744873144136,24544.854043159434,39063.647755938
34,"{'L': 7.918, 'H': 512}",55198.706787387695,40118.59262237398,72763.59152763145,58314.182786008416,71484.14080059995,40118.59262237398,59354.3439438092,40116.78006769736
34,"{'L': 5.649, 'H': 4096}",135351.96013357176,93922.58475467974,150203.6986195746,317362.51984757115,150705.32715534643,93922.58475467974,148494.10909527692,93827.02103338888
34,"{'L': 4.639, 'H': 32768}",52556.55857264629,44147.13880876087,58296.50577007167,192757.94408013384,58093.14685916059,44147.13880876087,55520.647465605085,44129.82844970055
34,"{'L': 4.073, 'H': 262144}",165654.26178942696,138162.89695862634,162385.34792893106,1996083.467424396,157706.92383341957,138162.89695862634,157853.8246384927,138109.31837497425
