arrival_rate,bp_parameter,RR_L2_Norm,SRPT_L2_Norm,SETF_L2_Norm,FCFS_L2_Norm,RMLF_L2_Norm
34,"{'L': 16.772, 'H': 64}",608776.8937073746,4985.74437772335,12341.522393935036,4200.028095144126,10024.051276804204
34,"{'L': 7.918, 'H': 512}",611329.2987719467,6543.018875106505,10089.19233635676,10586.61740122878,9414.104896377563
34,"{'L': 5.649, 'H': 4096}",658980.1485651901,16088.424876289164,19269.029140047507,52499.42983499916,19625.556501663843
34,"{'L': 4.639, 'H': 32768}",632437.0320427165,9291.561494173087,9534.71085036143,41799.71487941036,9516.489321173014
34,"{'L': 4.073, 'H': 262144}",2631770.588525907,95905.0325843227,96173.34746695677,2073282.0970297314,96025.44171207961
