arrival_rate,bp_parameter,RR_L2_Norm,SRPT_L2_Norm,SETF_L2_Norm,FCFS_L2_Norm,RMLF_L2_Norm,DYNAMIC_L2_Norm,RFdynamic_L2_Norm,BAL_L2_Norm
28,"{'L': 16.772, 'H': 64}",2467027.197806907,3241181.0498475707,7391740.9207991045,1399084.9568921824,5358263.391237594,1399085.3398313485,1399393.1109288055,1393767.3929716537
28,"{'L': 7.918, 'H': 512}",1858189.0165610171,1485321.562703511,2858907.4427768732,1935540.0929179948,2658636.009584614,1453475.8766460489,1938550.5957526618,1369570.4065669642
28,"{'L': 5.649, 'H': 4096}",1148563.948693759,757263.2787941061,1225787.569587814,2969236.2702408847,1196717.7946228592,757263.2787941061,1188711.2696121796,755828.9325786623
28,"{'L': 4.639, 'H': 32768}",339672.1984296036,236116.69392272967,355943.28002084827,1344006.832010165,335807.4028040478,236116.69392272967,333227.6431525452,235877.83478529728
28,"{'L': 4.073, 'H': 262144}",571614.1337038474,482291.623413677,561757.809894976,15161255.978659287,547411.7276675756,482291.623413677,550466.1421840584,482288.23665210826
