arrival_rate,bp_parameter,RR_L2_Norm,SRPT_L2_Norm,SETF_L2_Norm,FCFS_L2_Norm,RMLF_L2_Norm
40,"{'L': 32.3, 'H': 512}",52831577.60584669,21802541.65350093,40830221.94701874,29732069.76322306,36938595.596227534
40,"{'L': 19.7, 'H': 4096}",48169997.03892055,10916630.688280473,23519601.325715832,25212087.919830717,18372107.917338554
40,"{'L': 15.3, 'H': 32768}",53598304.520678654,7337589.032573369,17475238.47866289,30632903.947284836,12044109.198363738
40,"{'L': 13.0, 'H': 262144}",49797707.99030457,4300926.810072685,10102281.744298166,26670158.826419126,7054571.567309952
