arrival_rate,bp_parameter,RR_L2_Norm,SRPT_L2_Norm,SETF_L2_Norm,FCFS_L2_Norm,RMLF_L2_Norm
28,"{'L': 56.3, 'H': 64}",1101640.699943044,712791.0345879779,1064948.1259864257,582502.0602152408,1106816.4042676636
28,"{'L': 18.9, 'H': 512}",994158.5715261927,333904.518886762,669208.2429513253,500725.33058554167,578866.4929670744
28,"{'L': 12.4, 'H': 4096}",1100679.5076415297,240356.55819427935,472374.52628396463,619814.9801553686,391049.8615176842
28,"{'L': 9.8, 'H': 32768}",813848.902757754,105311.30536177015,188907.20489700756,306377.8122041477,175207.88279640846
28,"{'L': 8.5, 'H': 262144}",968152.92561506,90754.64301621157,179989.9585893613,452356.7931909501,140954.94912559827
