arrival_rate,bp_parameter,RR_L2_Norm,SRPT_L2_Norm,SETF_L2_Norm,FCFS_L2_Norm,RMLF_L2_Norm,DYNAMIC_L2_Norm,RFdynamic_L2_Norm,BAL_L2_Norm
20,"{'L': 56.3, 'H': 64}",1273109.5399100583,818692.7922975748,1130001.4817954886,722318.3363891575,1239802.8270096015,722318.5111874124,738692.6533965259,722982.8153524812
20,"{'L': 18.9, 'H': 512}",798368.1619353316,493956.36222038884,927574.0647845863,769297.723549862,816825.6954081452,493956.36222038884,789760.4527798287,489054.24098150915
20,"{'L': 12.4, 'H': 4096}",480747.70890977734,307119.0511609464,745303.3775986796,730912.9399668609,505111.0717089856,307119.0511609464,658113.174270201,294488.1434183726
20,"{'L': 9.8, 'H': 32768}",295598.64304661483,189668.22378300483,513819.9961348332,458944.23291071,313137.0890855952,190816.4075544868,480192.25880265917,178929.02903944906
20,"{'L': 8.5, 'H': 262144}",232675.4546251065,145806.78872741145,347168.6904733778,455229.2132091261,231701.09122531125,145806.78872741145,264581.34595243103,141456.21419365075
