arrival_rate,bp_parameter,RR_L2_Norm,SRPT_L2_Norm,SETF_L2_Norm,FCFS_L2_Norm,RMLF_L2_Norm
36,"{'L': 56.3, 'H': 64}",34840704.42600036,19757412.83634292,31170411.324182425,14353540.66994705,30429495.93815259
36,"{'L': 18.9, 'H': 512}",33620882.27550418,9041689.033373576,17086294.847930197,12870132.110051086,15324141.383202681
36,"{'L': 12.4, 'H': 4096}",34630640.02876649,4879822.294080697,9585232.866842464,14081465.51924735,8151819.544561325
36,"{'L': 9.8, 'H': 32768}",30506155.842105426,2029909.6631379928,4515305.163823482,10103601.142146546,3486229.344889117
36,"{'L': 8.5, 'H': 262144}",31462648.137314457,1416276.8254518607,2674234.5290314388,10544859.831370449,2306585.7101644846
