arrival_rate,bp_parameter,RR_L2_Norm,SRPT_L2_Norm,SETF_L2_Norm,FCFS_L2_Norm,RMLF_L2_Norm
24,"{'L': 16.772, 'H': 64}",548633.2460669879,178419.11853274022,371536.5422673791,127338.81606171781,337238.2216208596
24,"{'L': 7.918, 'H': 512}",517398.8049512677,34150.848320356556,64408.77559773978,51984.83825116704,58409.14280316053
24,"{'L': 5.649, 'H': 4096}",483880.97788919124,21280.294617321444,42885.769084860774,49558.876208001326,40471.37569937548
24,"{'L': 4.639, 'H': 32768}",454243.5963489194,5318.80964126373,7295.21192289847,11291.430910207971,7121.37325240013
24,"{'L': 4.073, 'H': 262144}",541949.661066413,20078.96792666396,28208.94141934433,119619.1741277292,27891.945665370855
