arrival_rate,bp_parameter,RR_L2_Norm,SRPT_L2_Norm,SETF_L2_Norm,FCFS_L2_Norm,RMLF_L2_Norm
30,"{'L': 16.772, 'H': 64}",578779.1226988065,16485.881323120095,42783.70694551841,10286.095226080692,29796.18616534673
30,"{'L': 7.918, 'H': 512}",544154.7698614798,8143.115804162434,16159.590372283576,11097.655698389637,18286.79280245719
30,"{'L': 5.649, 'H': 4096}",682490.9072017004,28889.39675728796,41676.63722039003,139014.8513325105,40716.554986884636
30,"{'L': 4.639, 'H': 32768}",560145.0802774224,3191.170318237496,3961.0451903506478,6870.118921823697,3890.7710032845675
30,"{'L': 4.073, 'H': 262144}",620124.7727868964,25286.389263791698,25643.226649546268,123234.45226072131,25612.58780365623
