arrival_rate,bp_parameter,RR_L2_Norm,SRPT_L2_Norm,SETF_L2_Norm,FCFS_L2_Norm,RMLF_L2_Norm
28,"{'L': 16.772, 'H': 64}",17268238.781929385,2611766.5022043986,6252748.3942963835,985140.1998294456,3872985.71371739
28,"{'L': 7.918, 'H': 512}",16585881.528506918,342500.6761365589,840169.4617403087,304540.84651816415,666844.4982092902
28,"{'L': 5.649, 'H': 4096}",16888216.10505186,153364.7087403096,257163.3862858397,688148.9887967575,237878.94606290822
28,"{'L': 4.639, 'H': 32768}",16629287.160068408,146958.47960563554,188159.173276245,821273.5764232281,188969.24724938712
28,"{'L': 4.073, 'H': 262144}",16493108.722863529,102986.44684131985,112158.72241604752,707122.4852378829,115695.28971829407
