arrival_rate,bp_parameter,RR_L2_Norm,SRPT_L2_Norm,SETF_L2_Norm,FCFS_L2_Norm,RMLF_L2_Norm
36,"{'L': 56.3, 'H': 64}",34818433.94513744,19593910.490823187,31030998.612790808,14247959.135711437,30156997.95041607
36,"{'L': 18.9, 'H': 512}",33299233.29859384,8881965.658210743,17145122.539871216,12511264.151683355,15060260.225843808
36,"{'L': 12.4, 'H': 4096}",34866050.571094126,5039345.509479083,9858409.813040337,14575764.892656647,8293004.475293559
36,"{'L': 9.8, 'H': 32768}",34718456.89625858,2347856.1200714577,4874288.373222803,13906195.33147248,3925105.4577330784
36,"{'L': 8.5, 'H': 262144}",31909507.443077777,1490387.2516248922,2753767.555144769,10828745.928301763,2302415.263678123
