arrival_rate,bp_parameter_L,bp_parameter_H,Setf,Sjf,Fcfs,Srpt,Bal,DYNAMIC_mode1_njobs100,DYNAMIC_mode3_njobs100,DYNAMIC_mode5_njobs100,DYNAMIC_mode2_njobs100,DYNAMIC_mode4_njobs100,DYNAMIC_mode6_njobs100,RR
40,16.772,64,91643.56138321993,39882.077716688735,34345.29889227927,41664.98637945295,41664.98637945295,34933.10208097758,34353.44551860847,34352.76716656171,34392.9976739452,34352.76716656171,34352.76716656171,53444.66087459064
40,7.918,512,122176.44126017093,69731.84025966904,103142.78758594806,69998.81365423274,69998.81365423274,70581.14622191963,69998.81365423274,69998.81365423274,69998.81365423274,69998.81365423274,69998.81365423274,95954.60217206884
40,5.649,4096,240274.63355918368,257521.38053567513,542506.1292639928,163489.83578803914,163487.84049891907,163590.82429953094,163489.83578803914,163489.83578803914,163489.83578803914,163489.83578803914,163489.83578803914,215628.3957761593
40,4.639,32768,605028.2154288343,1203782.913199469,2890982.871332862,422661.77549312403,422619.06279769255,423216.3930378879,422661.77549312403,422661.77549312403,422661.77549312403,422661.77549312403,422661.77549312403,567248.2660572882
40,4.073,262144,662527.2468283852,9534094.19825785,16738010.217736516,620133.9878534316,620130.955773859,621170.7504656026,620133.9878534316,620133.9878534316,620133.9878534316,620133.9878534316,620133.9878534316,670995.7713540377
