arrival_rate,bp_parameter,RR_L2_Norm,SRPT_L2_Norm,SETF_L2_Norm,FCFS_L2_Norm,RMLF_L2_Norm,DYNAMIC_L2_Norm,RFdynamic_L2_Norm,BAL_L2_Norm
24,"{'L': 32.3, 'H': 512}",43994607.79243344,26894664.897107083,48403699.303245924,39124975.35713398,45588607.65739435,26894664.897107083,39237914.725822456,30119323.090837963
24,"{'L': 19.7, 'H': 4096}",27284997.081597224,17101385.025275614,40604205.529106244,39047567.94055139,28312886.22054629,17101385.025275614,39612771.27987186,18369147.371544495
24,"{'L': 15.3, 'H': 32768}",18647811.2616528,11844846.763559839,34340575.57537896,39154006.86827561,19588735.151124153,11844846.763559839,41106463.18859593,12351744.385186207
24,"{'L': 13.0, 'H': 262144}",14484908.641020868,9290207.70913331,35972441.88321506,56675208.710322194,15314852.89107117,9290207.70913331,16496937.310814453,9440295.631323418
