arrival_rate,bp_parameter,RR_L2_Norm,SRPT_L2_Norm,SETF_L2_Norm,FCFS_L2_Norm,RMLF_L2_Norm
38,"{'L': 16.772, 'H': 64}",22237256.036814794,12933.906911679858,27560.640975855407,10976.153834563362,24053.77616924212
38,"{'L': 7.918, 'H': 512}",22194492.75077847,14198.99147827056,22051.982065111515,20810.42104331385,21099.287855280803
38,"{'L': 5.649, 'H': 4096}",22233337.92301138,33718.13709266869,44109.273877496555,115186.34636969783,43437.52968344309
38,"{'L': 4.639, 'H': 32768}",22013492.707240507,53666.308257602366,64456.917634959864,308244.77387783886,68537.82731455674
38,"{'L': 4.073, 'H': 262144}",29587830.250242226,290799.39162419166,314549.9806978217,9110187.286781486,317902.8747872532
