arrival_rate,bp_parameter,RR_L2_Norm,SRPT_L2_Norm,SETF_L2_Norm,FCFS_L2_Norm,RMLF_L2_Norm
38,"{'L': 32.3, 'H': 512}",52488505.40205183,22382971.547603525,41688977.77052826,30974832.364691306,38162090.07724327
38,"{'L': 19.7, 'H': 4096}",51263337.14787695,12457650.06278664,26346949.324752573,29342608.64959092,20491526.620657746
38,"{'L': 15.3, 'H': 32768}",55704371.52256327,8275115.46375046,19814084.61819357,34006569.85191835,13596792.596513856
38,"{'L': 13.0, 'H': 262144}",42871482.06587931,4537969.656503997,10536142.5998314,20807920.814300958,7700018.072118597
