arrival_rate,bp_parameter,RR_L2_Norm,SRPT_L2_Norm,SETF_L2_Norm,FCFS_L2_Norm,RMLF_L2_Norm
32,"{'L': 16.772, 'H': 64}",633241.1556737291,8188.97643176484,20518.987426283977,5361.40224195126,15051.302667875629
32,"{'L': 7.918, 'H': 512}",583696.196634859,20753.28304148527,35594.06981506891,28912.472325970328,36051.88314082914
32,"{'L': 5.649, 'H': 4096}",655062.6287913241,17029.34625873818,22413.64263121905,69056.68059644918,23418.87930708897
32,"{'L': 4.639, 'H': 32768}",588651.1726634034,5045.175715473149,6326.528748057658,13504.476146818875,6243.463141558537
32,"{'L': 4.073, 'H': 262144}",619638.9183613309,5099.116688211792,5697.840380354648,14096.415856521828,5745.336630694497
