arrival_rate,bp_parameter,RR_L2_Norm,SRPT_L2_Norm,SETF_L2_Norm,FCFS_L2_Norm,RMLF_L2_Norm,DYNAMIC_L2_Norm,RFdynamic_L2_Norm,BAL_L2_Norm
30,"{'L': 56.3, 'H': 64}",1005766.7917877384,699319.262505331,1042993.2061739424,558870.1138672563,1092163.3879237117,558870.4504641483,572475.8717684092,559543.4571362621
30,"{'L': 18.9, 'H': 512}",586559.5757227052,369737.25966961996,696148.7079281266,578462.780006631,620012.58497066,368002.7899364351,599546.4003694793,347786.490299724
30,"{'L': 12.4, 'H': 4096}",326507.17530400463,215543.6082977178,430252.3124260926,571774.1269469964,357552.1774077177,215088.75122376808,445054.43498632836,205032.00788657364
30,"{'L': 9.8, 'H': 32768}",179899.26515969986,119502.08285632514,272306.88704658207,528548.6109810525,196689.6384179909,124889.27953191179,197410.3356666008,119235.43146648986
30,"{'L': 8.5, 'H': 262144}",152697.16578247285,101357.9189999479,227201.1546933686,467932.4356111681,160352.56047222944,101357.9189999479,170252.06534723743,101332.82855521205
