arrival_rate,bp_parameter,RR_L2_Norm,SRPT_L2_Norm,SETF_L2_Norm,FCFS_L2_Norm,RMLF_L2_Norm
24,"{'L': 56.3, 'H': 64}",34833244.23745678,24356484.34189793,34444739.264224745,20820250.32411474,37104713.52795764
24,"{'L': 18.9, 'H': 512}",34277026.22690186,12943342.907601073,25244099.543113675,20542541.365926027,21748707.310789622
24,"{'L': 12.4, 'H': 4096}",33911984.09467784,7709884.5096404655,17023487.448133886,19882011.021177486,12790086.268217232
24,"{'L': 9.8, 'H': 32768}",34551452.241941065,4975912.729809979,11747424.412015937,20701968.80425579,8032104.038279011
24,"{'L': 8.5, 'H': 262144}",27663097.670998544,3646883.3916281173,7964545.935946631,13728494.914464077,6017641.516044637
