arrival_rate,bp_parameter,RR_L2_Norm,SRPT_L2_Norm,SETF_L2_Norm,FCFS_L2_Norm,RMLF_L2_Norm
32,"{'L': 16.772, 'H': 64}",592712.0507016877,11543.652151723907,29667.05777457549,8006.749527742204,22839.3629070515
32,"{'L': 7.918, 'H': 512}",605957.4641994272,10202.560756986453,17381.145733236346,15570.222959225728,17863.818236871983
32,"{'L': 5.649, 'H': 4096}",609368.2003042167,13230.996939006523,17494.35371769989,34887.99432469571,16905.151197194304
32,"{'L': 4.639, 'H': 32768}",619715.790345865,7136.378843643322,10140.516209740015,17789.011242899363,9736.83049046249
32,"{'L': 4.073, 'H': 262144}",774641.3269223376,28281.753163479807,38110.551334243384,210467.59112747025,34677.30835863706
