arrival_rate,bp_parameter,RR_L2_Norm,SRPT_L2_Norm,SETF_L2_Norm,FCFS_L2_Norm,RMLF_L2_Norm
34,"{'L': 56.3, 'H': 64}",34829093.676659174,20525764.599741273,31761771.8041881,15399643.17528627,31684992.71040691
34,"{'L': 18.9, 'H': 512}",34232871.71419279,10042121.78701807,19347194.472656183,14747063.929848172,16771481.011543315
34,"{'L': 12.4, 'H': 4096}",32545137.31029619,4820158.266418542,9535047.677576447,12778090.461341202,7974536.108020642
34,"{'L': 9.8, 'H': 32768}",29125170.7985115,2296843.583895952,4674482.254966319,9578729.958671765,3870822.4862190466
34,"{'L': 8.5, 'H': 262144}",27927948.023128945,1780599.0290000723,3584599.330396216,8563013.419570647,2971056.9539249833
