arrival_rate,bp_parameter,RR_L2_Norm,SRPT_L2_Norm,SETF_L2_Norm,FCFS_L2_Norm,RMLF_L2_Norm
34,"{'L': 56.3, 'H': 64}",34813426.32136525,20226078.761970993,31554369.127708383,15059990.34107675,31204753.048406217
34,"{'L': 18.9, 'H': 512}",33122388.510638766,9177715.418075949,17782627.60511829,13247309.286779486,15552864.327305565
34,"{'L': 12.4, 'H': 4096}",35182796.05066493,5414710.759080119,10543134.538358504,15341588.184732309,8789137.267162004
34,"{'L': 9.8, 'H': 32768}",36149200.60521252,2585316.8928756104,5575350.540982513,16479182.826428711,4254392.732201154
34,"{'L': 8.5, 'H': 262144}",26582330.72135929,1523423.755298899,2819605.805956925,7058114.679623518,2579850.1346586007
