arrival_rate,bp_parameter,RR_L2_Norm,SRPT_L2_Norm,SETF_L2_Norm,FCFS_L2_Norm,RMLF_L2_Norm
30,"{'L': 56.3, 'H': 64}",1099572.603792037,700409.8019145649,1039467.8158721414,554682.9278885371,1086234.9182575564
30,"{'L': 18.9, 'H': 512}",1034267.2130030034,321391.56007275614,631625.8431896212,472423.5589807096,548056.8948913972
30,"{'L': 12.4, 'H': 4096}",1080784.0191694177,195985.8576734556,426458.9353841704,541644.9103628687,321175.82271864737
30,"{'L': 9.8, 'H': 32768}",1120248.0544040236,113558.58588411534,253504.94093015228,583426.3100700893,181490.3897731227
30,"{'L': 8.5, 'H': 262144}",799807.1994799747,82495.66027979896,138111.88885827316,266930.15345779125,124712.90564733066
