arrival_rate,bp_parameter,RR_L2_Norm,SRPT_L2_Norm,SETF_L2_Norm,FCFS_L2_Norm,RMLF_L2_Norm,DYNAMIC_L2_Norm,RFdynamic_L2_Norm,BAL_L2_Norm
26,"{'L': 56.3, 'H': 64}",35605977.95797501,23807541.565064967,34213263.240530156,19986690.52221808,36520463.86930093,19986692.451997954,19988489.632397566,19982722.85999438
26,"{'L': 18.9, 'H': 512}",21164475.595837805,13266466.045913847,25278158.29605986,20686376.477266047,22478371.978282213,13266466.045913847,20710038.375075866,14736032.249838557
26,"{'L': 12.4, 'H': 4096}",12266391.672271475,7915812.489081143,17038770.45644456,20573182.05949838,13036708.8228849,7915812.489081143,21083100.313246105,7790171.825768672
26,"{'L': 9.8, 'H': 32768}",8001323.871607748,5167914.123870578,13729459.905632997,20884272.260548964,8450585.948698824,5206777.921782818,8684657.69665155,4852845.339026168
26,"{'L': 8.5, 'H': 262144}",5674812.529201383,3743648.8184632114,8916616.4470618,17600501.034036987,6141076.744733858,3743648.8184632114,6280210.0433545215,3517456.823435222
