arrival_rate,bp_parameter,RR_L2_Norm,SRPT_L2_Norm,SETF_L2_Norm,FCFS_L2_Norm,RMLF_L2_Norm,DYNAMIC_L2_Norm,RFdynamic_L2_Norm,BAL_L2_Norm
24,"{'L': 16.772, 'H': 64}",6361704.104457862,5522365.753127639,11245807.160330556,3738959.515846086,10580833.706666125,3806625.416668417,3739217.6508852756,3565806.510831736
24,"{'L': 7.918, 'H': 512}",2912990.213023209,2095948.4991239647,3895322.025864357,3140083.547273225,3600738.9797351323,2095948.4991239647,3145366.5825927192,1798586.8368485854
24,"{'L': 5.649, 'H': 4096}",1833718.3945080007,1154971.6314308331,2069616.4582989768,4818725.750467752,1898355.6206604177,1154971.6314308331,1937959.8691926003,1154699.9868901013
24,"{'L': 4.639, 'H': 32768}",1093738.0499539184,730673.3203504833,1261398.309086785,7496809.230277171,1140811.8269346615,730673.3203504833,1126540.3627385038,730605.3655770672
24,"{'L': 4.073, 'H': 262144}",309047.6414875221,208994.94665421935,412229.6988063815,2032037.037092582,350859.7655217822,208994.94665421935,332310.84566110687,208981.16937657326
