arrival_rate,bp_parameter,RR_L2_Norm,SRPT_L2_Norm,SETF_L2_Norm,FCFS_L2_Norm,RMLF_L2_Norm
36,"{'L': 16.772, 'H': 64}",20952100.704001162,19264.59345535223,45667.033273467634,14170.763635033929,36883.986213531745
36,"{'L': 7.918, 'H': 512}",21092059.911048092,14834.107084688312,22076.47333701649,22502.27315183957,21434.598200106295
36,"{'L': 5.649, 'H': 4096}",20684964.33832488,31075.924893717965,39023.60694502752,104299.89789064993,40315.374747111055
36,"{'L': 4.639, 'H': 32768}",20606181.097779058,107878.87271379879,153006.32489214293,790846.9259249858,151450.58528444186
36,"{'L': 4.073, 'H': 262144}",20820322.243605644,38807.93118680768,44912.26048641952,202598.1312746986,46404.39197963917
