arrival_rate,bp_parameter,RR_L2_Norm,SRPT_L2_Norm,SETF_L2_Norm,FCFS_L2_Norm,RMLF_L2_Norm,DYNAMIC_L2_Norm,RFdynamic_L2_Norm,BAL_L2_Norm
22,"{'L': 56.3, 'H': 64}",39455682.92732742,25452867.857736934,35187768.77525762,22364433.617771454,38672810.943126775,22364434.833299745,22366954.733757365,22360400.59176445
22,"{'L': 18.9, 'H': 512}",23155452.005608484,14408768.048809586,27825098.326037683,22765914.38995682,24120314.286364906,14408768.048809586,22815255.62096351,16069118.120280683
22,"{'L': 12.4, 'H': 4096}",13258956.795514306,8461492.28707874,18804538.57886691,20439067.618357643,14138276.280224863,8461492.28707874,20908298.86255161,8782956.432236586
22,"{'L': 9.8, 'H': 32768}",9668828.675330171,6217693.474750826,13863114.220671631,20487637.616452854,10182767.909223799,6217693.474750826,10587858.004217755,6135101.5776582705
22,"{'L': 8.5, 'H': 262144}",6949482.226048499,4499154.996837073,14345224.27631088,28253698.687874656,7236897.124620814,4499154.996837073,7346368.144207858,4262161.658768822
