arrival_rate,bp_parameter,RR_L2_Norm,SRPT_L2_Norm,SETF_L2_Norm,FCFS_L2_Norm,RMLF_L2_Norm
38,"{'L': 32.3, 'H': 512}",1651588.9605818999,689859.9805286577,1305662.2686556429,954944.7274360962,1178206.7590325563
38,"{'L': 19.7, 'H': 4096}",1808398.197230079,385614.9772156159,870384.2887667493,1113531.8477080034,640355.1681848129
38,"{'L': 15.3, 'H': 32768}",2333056.7468036436,306204.28219246055,843699.6349667339,1653311.3774652372,477152.2167579231
38,"{'L': 13.0, 'H': 262144}",972201.5868702334,97076.25554686377,169335.15854954635,245228.57058874686,152032.29266507822
