arrival_rate,bp_parameter,RR_L2_Norm,SRPT_L2_Norm,SETF_L2_Norm,FCFS_L2_Norm,RMLF_L2_Norm,DYNAMIC_L2_Norm,RFdynamic_L2_Norm,BAL_L2_Norm
32,"{'L': 32.3, 'H': 512}",39007556.87430031,24144884.585410446,44055001.082861185,34128616.419586435,41478411.046330556,24144884.585410446,34227057.488456875,27243737.928423297
32,"{'L': 19.7, 'H': 4096}",23107187.776892237,14647068.900956327,33154004.926170412,35305669.47603466,24231053.9893809,14647068.900956327,36156043.23663163,15349934.934278777
32,"{'L': 15.3, 'H': 32768}",14913523.402743062,9616603.696432592,26767996.641436376,38248384.00390661,15603022.353333311,9616603.696432592,31247491.02124929,9620638.097968243
32,"{'L': 13.0, 'H': 262144}",11297111.40934934,7345176.409526731,25576557.99172735,39941806.650615364,12231904.399997165,7345176.409526731,12358356.9773868,6987690.971389261
