arrival_rate,bp_parameter,RR_L2_Norm,SRPT_L2_Norm,SETF_L2_Norm,FCFS_L2_Norm,RMLF_L2_Norm,DYNAMIC_L2_Norm,RFdynamic_L2_Norm,BAL_L2_Norm
34,"{'L': 32.3, 'H': 512}",1264612.8612152417,782033.391207818,1427688.7744753757,1128847.2036595563,1338498.8443924785,782033.391207818,1178645.7050267481,771743.4018370354
34,"{'L': 19.7, 'H': 4096}",722335.4462976325,459417.72538507916,1160016.190801232,1148158.5797218953,758623.8174912517,459417.72538507916,1231047.9611314905,435474.1437100485
34,"{'L': 15.3, 'H': 32768}",415585.0158884461,279532.4908843335,623059.5449120413,847678.8779868234,463824.0638668934,279532.4908843335,935865.0437108974,265242.4067584216
34,"{'L': 13.0, 'H': 262144}",354952.90731870336,237777.01768463664,611423.8054279536,1489210.7715561958,385588.4437752252,237777.01768463664,434115.21067453973,232087.20450942573
