arrival_rate,bp_parameter,RR_L2_Norm,SRPT_L2_Norm,SETF_L2_Norm,FCFS_L2_Norm,RMLF_L2_Norm
30,"{'L': 56.3, 'H': 64}",34810182.22468663,22038871.29965809,32787905.09855198,17539143.817333244,34129992.62354697
30,"{'L': 18.9, 'H': 512}",33221488.801498573,10687984.308050092,21260306.422897696,16154878.48383633,18211735.965334196
30,"{'L': 12.4, 'H': 4096}",33125948.984530166,5967838.630668728,12233117.300919091,15738848.205084385,10022460.056575531
30,"{'L': 9.8, 'H': 32768}",35497078.23099445,3572059.363187012,7798620.787284697,18203294.77286969,5788801.93262181
30,"{'L': 8.5, 'H': 262144}",39288239.39740642,2356760.427577865,5655842.014863569,21987856.601363443,3795646.0586435082
