arrival_rate,bp_parameter,RR_L2_Norm,SRPT_L2_Norm,SETF_L2_Norm,FCFS_L2_Norm,RMLF_L2_Norm
24,32.3,1675598.574811103,827755.4259091269,1521655.0074967716,1219911.5436104373,1412312.123353758
24,19.7,1499899.522802111,498317.1879997719,1075480.6907992351,1068445.2844788076,823380.547145729
24,15.3,1414734.5610562428,402112.8084020702,1116084.4005549042,992054.9514311191,661755.45832203
24,13.0,1256858.3235842455,264529.45865063876,594012.7448279203,823826.668341102,438463.97592162574
