arrival_rate,bp_parameter_L,bp_parameter_H,Setf,Sjf,Fcfs,Srpt,DYNAMIC_mode2_njobs100,DYNAMIC_mode1_njobs100,DYNAMIC_mode6_njobs100,DYNAMIC_mode4_njobs100,DYNAMIC_mode5_njobs100,DYNAMIC_mode3_njobs100,Bal,RR
28,16.772,64,240867140.7894998,105586399.14566739,45049421.203144394,105586915.37491469,45049421.48226136,45047480.26514187,45049421.48226136,45049421.48226136,45049421.48226136,45049421.48226136,43182712.33860485,79577935.01826304
28,7.918,512,78760336.0555387,39028503.15993913,43236441.059371226,39031260.281596355,38731735.607222445,37469947.41161299,39031260.281596355,39031260.281596355,39031260.281596355,39031260.281596355,26724731.586713213,42855272.61315525
28,5.649,4096,34522364.44722474,18084356.70256266,55950105.27688305,18110964.687622607,18110964.687622607,17877796.38284067,18110964.687622607,18110964.687622607,18110964.687622607,18110964.687622607,18110349.68755474,24196605.462274622
28,4.639,32768,9460467.006586514,5268020.924226004,29258167.203346264,5440937.797190848,5440937.797190848,5544310.817215788,5440937.797190848,5440937.797190848,5440937.797190848,5440937.797190848,5440771.667019303,7679210.991950475
28,4.073,262144,10089319.26127665,6294588.70270314,87061922.55392097,6101466.998036537,6101466.998036537,6225915.007075666,6101466.998036537,6101466.998036537,6101466.998036537,6101466.998036537,6101212.701928117,9552137.499292396
