arrival_rate,bp_parameter,RR_L2_Norm,SRPT_L2_Norm,SETF_L2_Norm,FCFS_L2_Norm,RMLF_L2_Norm
38,"{'L': 32.3, 'H': 512}",51518177.93445696,21301994.29176264,40128612.367973916,29317716.41397551,36395159.78055919
38,"{'L': 19.7, 'H': 4096}",50486409.040464774,11851331.897351412,25810485.20983449,28791561.33465042,19715243.69867588
38,"{'L': 15.3, 'H': 32768}",46861133.87445079,7486275.601235437,16847204.27327834,24729866.05892933,12270908.66525719
38,"{'L': 13.0, 'H': 262144}",44940186.60408691,4754916.614297142,10770128.10783711,22942425.8787237,7830749.715888767
