arrival_rate,bp_parameter,RR_L2_Norm,SRPT_L2_Norm,SETF_L2_Norm,FCFS_L2_Norm,RMLF_L2_Norm
34,"{'L': 32.3, 'H': 512}",51311377.49367622,23014799.671919785,42654908.844241925,31854437.657484114,39530423.71159419
34,"{'L': 19.7, 'H': 4096}",50308320.77376983,13110979.308208635,29710636.419072144,30586757.891544685,21563702.12227601
34,"{'L': 15.3, 'H': 32768}",50102201.08786616,8846230.15194885,20295423.645017885,30896422.58917194,14615939.163676824
34,"{'L': 13.0, 'H': 262144}",38310520.83313693,5523483.848392244,12323326.158343898,18954737.432108656,9003049.827822682
