arrival_rate,bp_parameter,RR_L2_Norm,SRPT_L2_Norm,SETF_L2_Norm,FCFS_L2_Norm,RMLF_L2_Norm
34,"{'L': 32.3, 'H': 512}",51337440.26540685,22867417.561982684,42667306.20654729,31819320.681002572,39220063.54688939
34,"{'L': 19.7, 'H': 4096}",52269630.16843512,13545531.344919069,30718217.254823577,32994657.198583987,22354347.12854012
34,"{'L': 15.3, 'H': 32768}",49453100.61444899,8975529.592339106,21060953.373729903,30174082.63331797,14737615.705196517
34,"{'L': 13.0, 'H': 262144}",45621261.17957797,5071454.978513168,13403464.937123721,26259959.729952957,8369215.185002713
