arrival_rate,bp_parameter,RR_L2_Norm,SRPT_L2_Norm,SETF_L2_Norm,FCFS_L2_Norm,RMLF_L2_Norm,DYNAMIC_L2_Norm,RFdynamic_L2_Norm,BAL_L2_Norm
40,"{'L': 16.772, 'H': 64}",16049.70005950267,12561.740325289327,27498.101734483418,10396.114610757233,23806.631681109364,10488.822002493893,10431.456753493254,12561.740325289327
40,"{'L': 7.918, 'H': 512}",28312.5875716085,21082.243879625337,39417.32937427395,30597.08182163783,35003.59627238321,21082.243879625337,34953.37694701329,21082.243879625337
40,"{'L': 5.649, 'H': 4096}",104920.37374599844,77983.49589496486,128548.57954874492,232583.92173364005,121127.40804211076,77983.49589496486,122821.38174601359,77967.06035243344
40,"{'L': 4.639, 'H': 32768}",167933.2560453706,134309.1309479739,159852.3426134256,1411854.8909254095,161077.26050253026,134309.1309479739,161172.41049261502,134266.24566137238
40,"{'L': 4.073, 'H': 262144}",52694.800379164546,46738.45060547044,55632.689356169,288820.7633792972,54746.20540274915,46738.45060547044,54780.998895602475,46738.45060547044
