arrival_rate,bp_parameter,RR_L2_Norm,SRPT_L2_Norm,SETF_L2_Norm,FCFS_L2_Norm,RMLF_L2_Norm
28,"{'L': 32.3, 'H': 512}",1393968.0782894564,849099.8930485152,1576537.091303278,1251993.6231247345,1436350.0215880529
28,"{'L': 19.7, 'H': 4096}",777725.1163097409,493402.6877541305,1156705.658401047,1259106.5192627667,827065.2227200706
28,"{'L': 15.3, 'H': 32768}",604897.2077626082,384193.69618201704,1089178.8099885162,1066123.7769396198,636519.7772544071
28,"{'L': 13.0, 'H': 262144}",346569.77104906307,227042.94241398477,461092.4936788713,512400.7691895085,370405.52506813395
