arrival_rate,bp_parameter,RR_L2_Norm,SRPT_L2_Norm,SETF_L2_Norm,FCFS_L2_Norm,RMLF_L2_Norm,DYNAMIC_L2_Norm,RFdynamic_L2_Norm,BAL_L2_Norm
22,"{'L': 32.3, 'H': 512}",45088430.16089754,27524655.353811316,49690066.06220435,40092853.990271635,46572915.68726791,27524655.353811316,40206301.83678155,30618310.846472133
22,"{'L': 19.7, 'H': 4096}",27776875.60532484,17417475.03721903,40737481.02527101,39229265.533355325,28694917.32964493,17417475.03721903,39841906.258349925,18714436.190254383
22,"{'L': 15.3, 'H': 32768}",19608973.172747724,12452271.008139318,36229555.53280185,41784638.351642,20429581.977849573,12452271.008139318,45156843.65341293,13103676.883835698
22,"{'L': 13.0, 'H': 262144}",15480695.401145583,9916341.004774746,28821263.13827579,31212874.13179432,16361787.62179136,9916341.004774746,26173904.237450838,10277327.565154621
