arrival_rate,bp_parameter,RR_L2_Norm,SRPT_L2_Norm,SETF_L2_Norm,FCFS_L2_Norm,RMLF_L2_Norm
22,"{'L': 16.772, 'H': 64}",542190.4371648397,198379.50850831342,395929.0727415707,161270.15463500988,355964.6315197621
22,"{'L': 7.918, 'H': 512}",485184.1667161038,65155.663775300454,141997.0440959952,100456.98345062925,118008.6947855962
22,"{'L': 5.649, 'H': 4096}",486064.2423270817,30435.395381036207,57066.17245794569,87840.2310447781,50244.029535856294
22,"{'L': 4.639, 'H': 32768}",480119.708610259,18903.769782770843,19995.894753673816,80209.35632455854,20838.374456756457
22,"{'L': 4.073, 'H': 262144}",388374.00176762603,4828.376020982624,6403.050757256263,7592.482597938569,6450.59036057941
