arrival_rate,bp_parameter,RR_L2_Norm,SRPT_L2_Norm,SETF_L2_Norm,FCFS_L2_Norm,RMLF_L2_Norm,DYNAMIC_L2_Norm,RFdynamic_L2_Norm,BAL_L2_Norm
20,"{'L': 32.3, 'H': 512}",45511701.03465145,27736577.578060474,49532852.722406864,40361711.06801552,46729401.887234755,27736577.578060474,40493051.92838315,30743161.341115
20,"{'L': 19.7, 'H': 4096}",27914124.797627937,17389276.385030143,41532636.036429584,37971198.02322223,28637159.988953445,17389276.385030143,38491730.45456972,18797556.286997866
20,"{'L': 15.3, 'H': 32768}",21369249.329788495,13456329.888059411,36811598.48255817,40469243.19730241,22012807.136513487,13456329.888059411,42139318.18471407,14362336.56748316
20,"{'L': 13.0, 'H': 262144}",16497435.380576612,10395340.628355907,29009855.33903525,35238139.81126129,17046349.861693557,10395340.628355907,24439951.839043934,11031252.902962338
