arrival_rate,bp_parameter,RR_L2_Norm,SRPT_L2_Norm,SETF_L2_Norm,FCFS_L2_Norm,RMLF_L2_Norm
34,"{'L': 56.3, 'H': 64}",1102636.7290068837,670404.7235058835,1031238.2690125498,508903.368803941,1042662.8412420767
34,"{'L': 18.9, 'H': 512}",1082589.727687733,274210.3390702109,536069.6953960371,438621.1930971872,465386.45441074023
34,"{'L': 12.4, 'H': 4096}",1136583.5743609003,162701.26538844127,346689.2930247486,512836.03527735843,264253.22623763746
34,"{'L': 9.8, 'H': 32768}",733660.1695880729,63527.820732337415,106843.35285828501,143907.36594420733,96788.09832308929
34,"{'L': 8.5, 'H': 262144}",664914.0842417162,36588.2557250274,57865.68650763594,68519.78671887414,56848.90586458107
