arrival_rate,bp_parameter,RR_L2_Norm,SRPT_L2_Norm,SETF_L2_Norm,FCFS_L2_Norm,RMLF_L2_Norm,DYNAMIC_L2_Norm,RFdynamic_L2_Norm,BAL_L2_Norm
22,"{'L': 56.3, 'H': 64}",1243728.145370201,797044.984759957,1107625.736797859,706041.2455331488,1213718.6768427847,706041.6342752033,722143.5773473305,706603.5232243043
22,"{'L': 18.9, 'H': 512}",766416.9229048899,476197.4879522151,892908.3675741873,728867.0385502421,797927.0922897655,476197.4879522151,749490.6353824576,467806.03754975204
22,"{'L': 12.4, 'H': 4096}",459510.221577279,290934.8785020455,695808.6060095837,617171.174957969,478282.01493783976,290934.8785020455,543010.3145097706,278144.5880437007
22,"{'L': 9.8, 'H': 32768}",277752.88217766525,181309.28844105036,464890.29155274905,672138.8832242931,292308.42690042313,188369.8275945487,331051.0978096886,175155.13062140087
22,"{'L': 8.5, 'H': 262144}",213673.6224806422,136133.55137878392,301846.06060043257,526521.6876359415,223156.7933337455,155553.10415417622,257433.32057641644,132699.04573130887
