arrival_rate,bp_parameter,RR_L2_Norm,SRPT_L2_Norm,SETF_L2_Norm,FCFS_L2_Norm,RMLF_L2_Norm
20,"{'L': 56.3, 'H': 64}",34824045.43085707,26019694.548199505,35581980.39581289,23375696.510600854,39227042.58289433
20,"{'L': 18.9, 'H': 512}",33045325.82143809,13791467.842961386,26523953.823094003,21599163.70902355,23074994.97283371
20,"{'L': 12.4, 'H': 4096}",34384726.88224339,9089316.155477375,21210919.466175977,22759757.52493284,14975998.75243728
20,"{'L': 9.8, 'H': 32768}",34466455.00007059,5796757.600782182,14836078.020367883,23014226.827260394,9562343.104112873
20,"{'L': 8.5, 'H': 262144}",30069028.831924833,4301569.82158014,11384944.547027316,18464427.563775625,7065409.421046738
