arrival_rate,bp_parameter,RR_L2_Norm,SRPT_L2_Norm,SETF_L2_Norm,FCFS_L2_Norm,RMLF_L2_Norm
40,"{'L': 32.3, 'H': 512}",51682841.73180205,21150832.21430221,40052138.21446408,28572712.900705107,35925862.06617041
40,"{'L': 19.7, 'H': 4096}",50403612.26454858,11422613.568210386,24549106.522167604,27574457.68030026,19157608.062173314
40,"{'L': 15.3, 'H': 32768}",53076459.23813212,7543250.156962249,17357022.97236879,30251311.451902576,12196521.784385046
40,"{'L': 13.0, 'H': 262144}",45179391.14057684,4010365.70241705,8909026.68289017,22165927.411828183,6597944.288367627
