arrival_rate,bp_parameter,RR_L2_Norm,SRPT_L2_Norm,SETF_L2_Norm,FCFS_L2_Norm,RMLF_L2_Norm
28,"{'L': 16.772, 'H': 64}",17176776.046805758,2613582.6992073543,6131966.642239748,1070395.0325038882,4122598.9018827677
28,"{'L': 7.918, 'H': 512}",16188990.394652473,110075.27713342356,248619.35229784506,140680.5235631429,218373.52628008736
28,"{'L': 5.649, 'H': 4096}",16645646.421799965,235780.25031159841,545401.3325937149,708618.0179045689,401529.1082624023
28,"{'L': 4.639, 'H': 32768}",17193291.78156141,141075.86828015625,200841.64059278145,930843.743234599,202994.21508013475
28,"{'L': 4.073, 'H': 262144}",18810214.138076603,294157.70928704215,303744.26014988334,3294620.3430094947,303037.65018063347
