arrival_rate,bp_parameter,RR_L2_Norm,SRPT_L2_Norm,SETF_L2_Norm,FCFS_L2_Norm,RMLF_L2_Norm,DYNAMIC_L2_Norm,RFdynamic_L2_Norm,BAL_L2_Norm
38,"{'L': 16.772, 'H': 64}",21666.30879960867,18089.705718999412,43477.853730376344,13531.763595333758,34686.04777140226,13568.497779783876,13593.685703296218,18089.705718999412
38,"{'L': 7.918, 'H': 512}",37253.63967453381,27511.160080956237,56163.53332902053,40986.03808615807,46879.49854680615,27511.160080956237,42389.71089781104,27511.160080956237
38,"{'L': 5.649, 'H': 4096}",58342.386409882136,45310.00955638831,67456.91839982019,158670.40516113897,67329.0553847297,45310.00955638831,67796.06909696166,45295.413906928814
38,"{'L': 4.639, 'H': 32768}",33535.92215818733,27639.03493250081,33946.68782075801,99670.8219590869,33724.70882009213,27639.03493250081,33908.412584490005,27637.753906567734
38,"{'L': 4.073, 'H': 262144}",118940.46292998863,114946.92382573793,116109.11670493407,1241070.0738020395,116110.83798250704,114946.92382573793,116244.309963972,114808.11776176805
