arrival_rate,bp_parameter,RR_L2_Norm,SRPT_L2_Norm,SETF_L2_Norm,FCFS_L2_Norm,RMLF_L2_Norm,DYNAMIC_L2_Norm,RFdynamic_L2_Norm,BAL_L2_Norm
40,"{'L': 56.3, 'H': 64}",692767.8642344779,557616.6542706557,919149.8911341936,374800.6686159991,878973.1076199089,379973.54990314785,382801.5938550936,376865.2215845872
40,"{'L': 18.9, 'H': 512}",413160.3239082862,276298.263680755,539923.9466267448,368343.96487929596,482276.77302146744,276298.263680755,378747.0294999025,244411.01979657137
40,"{'L': 12.4, 'H': 4096}",233889.13870678135,152065.1449872718,250883.46170483218,415843.1584576089,236785.241391857,152065.1449872718,248838.14283987894,152034.4983317931
40,"{'L': 9.8, 'H': 32768}",186952.36822784567,122429.7008164277,206947.71211588688,652801.1713684343,181382.314027581,122429.7008164277,196868.1502300461,122325.75513357765
40,"{'L': 8.5, 'H': 262144}",79795.61360751605,57492.88495109634,107941.44495975584,257058.50343647457,87261.29686178174,57492.88495109634,82225.73558807485,57468.09596637077
