arrival_rate,bp_parameter,RR_L2_Norm,SRPT_L2_Norm,SETF_L2_Norm,FCFS_L2_Norm,RMLF_L2_Norm
34,32.3,1563185.9174471218,668889.9718518734,1258202.421572936,891659.3685163634,1140514.5336360252
34,19.7,1482799.9777893173,385326.12648508535,848928.89048789,861186.2415993419,650645.4513673326
34,15.3,1343722.3048137587,279369.8851236475,601046.4738029831,676419.9321146591,463078.5667216741
34,13.0,1803686.1001840092,191974.80340919743,633835.6469582631,1184285.4993847557,290516.73232879373
