arrival_rate,bp_parameter,RR_L2_Norm,SRPT_L2_Norm,SETF_L2_Norm,FCFS_L2_Norm,RMLF_L2_Norm
24,"{'L': 56.3, 'H': 64}",34803764.441538535,24420404.089196805,34455219.13479852,20918446.46217871,36922042.52243466
24,"{'L': 18.9, 'H': 512}",33963478.382643305,12859537.609915217,24971251.583297342,20169368.934057306,21607562.805554077
24,"{'L': 12.4, 'H': 4096}",32115541.208741914,7620942.510639809,17144325.50229982,18356427.374704942,12739160.550085904
24,"{'L': 9.8, 'H': 32768}",28500370.975231078,4270608.982860173,9130170.347096872,14512817.941690234,6994828.567062527
24,"{'L': 8.5, 'H': 262144}",33276288.647465557,3823106.639932635,10106693.93051155,19765855.0407931,6263858.735816206
