arrival_rate,bp_parameter,RR_L2_Norm,SRPT_L2_Norm,SETF_L2_Norm,FCFS_L2_Norm,RMLF_L2_Norm
26,56.3,1103178.9331763003,729954.0538485966,1047463.4127061431,604707.5764243408,1137537.5820015795
26,18.9,1002403.2425990051,348823.7358939325,707416.4180707146,532022.2053044402,612119.3888098955
26,12.4,1389381.1020008153,248567.01342696298,496255.9328018155,923716.2484794776,394430.9540185709
26,9.8,750505.53322344,106836.13937240525,201388.66940818692,283859.21908579965,177190.8642170922
26,8.5,1476114.5688543285,96393.47970168937,228988.34659213555,1030453.3429185428,142625.5289841198
