arrival_rate,bp_parameter,RR_L2_Norm,SRPT_L2_Norm,SETF_L2_Norm,FCFS_L2_Norm,RMLF_L2_Norm
30,"{'L': 56.3, 'H': 64}",1101328.4084182156,708264.9990780287,1055964.6358713913,562206.144842797,1093792.0482582601
30,"{'L': 18.9, 'H': 512}",953620.8320155344,275756.3173274549,560073.2404391412,414284.15925183526,486156.9581534342
30,"{'L': 12.4, 'H': 4096}",873543.160525569,161871.87408564836,358342.7986802581,341144.26593744766,276319.0988223579
30,"{'L': 9.8, 'H': 32768}",1032261.8184903479,83082.02634745977,158139.18770500878,456285.4180828048,127807.40737531608
30,"{'L': 8.5, 'H': 262144}",860250.578437469,71427.80870921352,144922.63496086455,329381.6864475012,123347.82323575881
