arrival_rate,bp_parameter,RR_L2_Norm,SRPT_L2_Norm,SETF_L2_Norm,FCFS_L2_Norm,RMLF_L2_Norm
26,"{'L': 56.3, 'H': 64}",34824623.17318307,23615134.538957234,34174423.77643983,19727828.996820353,36132969.80157675
26,"{'L': 18.9, 'H': 512}",33895327.16940323,12273790.266944967,23979268.278520238,18956991.97220163,20936997.371823713
26,"{'L': 12.4, 'H': 4096}",35471489.891709805,7412633.1510076765,16709987.386066245,20406830.00788138,12163712.889911987
26,"{'L': 9.8, 'H': 32768}",31023113.97015691,4005913.5388963404,9143120.280841108,16176110.308785483,6595198.815158342
26,"{'L': 8.5, 'H': 262144}",28792247.2987019,3120065.0867392174,6413731.679720317,13645268.14295113,5089913.0733904485
