arrival_rate,bp_parameter,RR_L2_Norm,SRPT_L2_Norm,SETF_L2_Norm,FCFS_L2_Norm,RMLF_L2_Norm
26,"{'L': 56.3, 'H': 64}",34799675.72904503,23469120.483093802,33988661.86318566,19708387.193100836,35905921.17605479
26,"{'L': 18.9, 'H': 512}",33287205.6770152,11919911.036207275,23390042.91837159,18261559.310363423,20386635.419762574
26,"{'L': 12.4, 'H': 4096}",33888211.84792644,7397386.275892316,15979512.310118197,18853409.91257873,12120848.135121362
26,"{'L': 9.8, 'H': 32768}",32203527.491969835,4398021.832718091,10012550.676035304,17375751.96969291,7264733.370265629
26,"{'L': 8.5, 'H': 262144}",27935785.13020844,2805236.1280042008,6625053.96818207,13120919.894904092,4611802.04073462
