arrival_rate,bp_parameter,RR_L2_Norm,SRPT_L2_Norm,SETF_L2_Norm,FCFS_L2_Norm,RMLF_L2_Norm,DYNAMIC_L2_Norm,RFdynamic_L2_Norm,BAL_L2_Norm
34,"{'L': 56.3, 'H': 64}",887083.3606899636,648472.0079486854,1008818.9467208673,486750.58944083465,1004002.5449275514,490866.4734955933,496806.79272731364,487783.5997181537
34,"{'L': 18.9, 'H': 512}",468198.1540405729,302772.95754574914,556532.8887622006,417396.4878769346,512100.0256707668,302772.95754574914,429724.9340741121,273831.5605769357
34,"{'L': 12.4, 'H': 4096}",351602.9415377522,227327.53811626078,459854.37323896354,648992.9506227322,363218.4413297321,227327.53811626078,386348.1485486892,224150.67939000318
34,"{'L': 9.8, 'H': 32768}",211139.356461556,136159.18799331906,209625.53976793954,510804.57802862336,202417.9046971883,136159.18799331906,224915.55852141487,136137.48185198667
34,"{'L': 8.5, 'H': 262144}",87018.42343435096,56980.472655112295,84795.44236573095,186853.2526208736,83971.85992342912,56980.472655112295,95322.38690884739,56934.35369792126
