arrival_rate,bp_parameter,RR_L2_Norm,SRPT_L2_Norm,SETF_L2_Norm,FCFS_L2_Norm,RMLF_L2_Norm
28,"{'L': 32.3, 'H': 512}",52268565.846191086,25081863.12818063,45829770.614718944,35951164.221456796,42979814.71006434
28,"{'L': 19.7, 'H': 4096}",49593937.634836406,14594894.96147701,32960083.205419507,33395209.305859786,24473897.463370193
28,"{'L': 15.3, 'H': 32768}",57109131.74655944,10455933.957652325,30117247.26717565,40952202.2583405,17120265.061935693
28,"{'L': 13.0, 'H': 262144}",46499919.910860054,7213699.560957886,17878329.24808202,30394659.7184447,11743306.12536955
