arrival_rate,bp_parameter,RR_L2_Norm,SRPT_L2_Norm,SETF_L2_Norm,FCFS_L2_Norm,RMLF_L2_Norm,DYNAMIC_L2_Norm,RFdynamic_L2_Norm,BAL_L2_Norm
20,"{'L': 56.3, 'H': 64}",41148138.43187851,26107647.18277775,35603353.12857019,23440733.512801792,39416933.09295769,23440734.2360662,23443478.821529537,23435140.22655627
20,"{'L': 18.9, 'H': 512}",23267702.642875962,14471772.120949183,28214091.59416659,22633798.670072064,24188581.012600366,14471772.120949183,22670450.882640515,16077847.74043967
20,"{'L': 12.4, 'H': 4096}",14743390.409365684,9366235.432032071,22325867.992181893,24719872.97670516,15407530.823429398,9366235.432032071,25261430.76316015,9720644.73664669
20,"{'L': 9.8, 'H': 32768}",9635796.982075484,6207860.791543976,15820743.647397932,24594377.135186143,10303798.028976548,6207860.791543976,10815294.661787352,6209671.164955114
20,"{'L': 8.5, 'H': 262144}",7643078.826504735,4960036.304443345,17956090.307947412,39841070.0739223,8080805.351549002,4956666.634547052,8291521.469799135,4748613.865001976
