arrival_rate,bp_parameter,RR_L2_Norm,SRPT_L2_Norm,SETF_L2_Norm,FCFS_L2_Norm,RMLF_L2_Norm,DYNAMIC_L2_Norm,RFdynamic_L2_Norm,BAL_L2_Norm
34,"{'L': 56.3, 'H': 64}",837909.6072429293,617740.5803296397,997749.3985690996,459600.52041093254,971136.5991707861,459601.1231078532,469533.5491144376,460793.2116166643
34,"{'L': 18.9, 'H': 512}",566875.0459378151,358406.5761394453,695619.7628438973,526287.5866263616,593678.8944867419,357006.06903664814,543281.2900017817,335377.8863371883
34,"{'L': 12.4, 'H': 4096}",220080.51981717965,135797.00192566845,247274.18552691667,424348.11244543083,221545.2633526612,154274.3672033692,300011.13082017476,135671.1478539192
34,"{'L': 9.8, 'H': 32768}",137774.64636499708,90760.1055310096,189766.6933289401,252912.57101417478,154251.71411365256,96486.65113890107,153422.775069414,90671.91064491803
34,"{'L': 8.5, 'H': 262144}",93859.38132120838,61097.85051865573,80659.73117361599,194467.64686960142,84820.84395359433,63717.4340192698,98583.40684415406,61031.35492515302
