arrival_rate,bp_parameter,RR_L2_Norm,SRPT_L2_Norm,SETF_L2_Norm,FCFS_L2_Norm,RMLF_L2_Norm
38,"{'L': 56.3, 'H': 64}",1103144.0707251253,588555.4942314276,964690.1581062181,409879.62083641096,910807.2691991429
38,"{'L': 18.9, 'H': 512}",1078897.451864634,263073.1819342291,500618.1681571295,378571.0248632349,455403.1238133968
38,"{'L': 12.4, 'H': 4096}",1154685.471373482,153921.88176799295,330251.2686697812,433175.541795702,268259.7662080544
38,"{'L': 9.8, 'H': 32768}",910475.8283183579,47478.93320200023,75812.36089187568,228218.85925795,68231.40554759224
38,"{'L': 8.5, 'H': 262144}",871697.2761383392,43820.9555007647,95741.00323267978,188434.57197924165,83936.42179650023
