arrival_rate,bp_parameter,RR_L2_Norm,SRPT_L2_Norm,SETF_L2_Norm,FCFS_L2_Norm,RMLF_L2_Norm
22,"{'L': 56.3, 'H': 64}",1103324.8528574891,801858.9891801425,1112279.170179861,711272.6258629669,1209899.3247758262
22,"{'L': 18.9, 'H': 512}",1094280.8989121576,455596.5462862948,875509.7859287468,712759.004010472,767842.935497879
22,"{'L': 12.4, 'H': 4096}",1048885.500447022,251118.26684452884,554884.0572002407,658431.7571100289,416365.7915151051
22,"{'L': 9.8, 'H': 32768}",1595219.7865952516,200324.0011381562,778769.9437959839,1200012.0735563454,307964.5956193666
22,"{'L': 8.5, 'H': 262144}",1366881.4179317092,141203.96872609496,536197.0663711245,985460.0662974629,217286.7144327973
