arrival_rate,bp_parameter_L,bp_parameter_H,Dynamic_njobs100_mode1_L2_norm_flow_time,Dynamic_njobs100_mode2_L2_norm_flow_time,Dynamic_njobs100_mode3_L2_norm_flow_time,Dynamic_njobs100_mode4_L2_norm_flow_time,Dynamic_njobs100_mode5_L2_norm_flow_time,Dynamic_njobs100_mode6_L2_norm_flow_time
20.0,4.073,262144,705675.224677755,705675.224677755,705675.224677755,705675.224677755,705675.224677755,705675.224677755
20.0,4.639,32768,1122867.63327785,1110835.436167302,1110835.436167302,1110835.436167302,1110835.436167302,1110835.436167302
20.0,5.649,4096,1782678.4678724315,1782678.4678724315,1782678.4678724315,1782678.4678724315,1782678.4678724315,1782678.4678724315
20.0,7.918,512,3426136.2159607722,3426136.2159607722,3426136.2159607722,3426136.2159607722,3426136.2159607722,3426136.2159607722
20.0,16.772,64,6245545.535496479,6258400.670980886,6258400.670980886,6258400.670980886,6258400.670980886,6258400.670980886
