arrival_rate,bp_parameter_L,bp_parameter_H,Dynamic_njobs100_mode1_L2_norm_flow_time,Dynamic_njobs100_mode2_L2_norm_flow_time,Dynamic_njobs100_mode3_L2_norm_flow_time,Dynamic_njobs100_mode4_L2_norm_flow_time,Dynamic_njobs100_mode5_L2_norm_flow_time,Dynamic_njobs100_mode6_L2_norm_flow_time
22.0,4.073,262144,230781.1433848095,230781.1433848095,230781.1433848095,230781.1433848095,230781.1433848095,230781.1433848095
22.0,4.639,32768,786268.3457344573,786268.3457344573,786268.3457344573,786268.3457344573,786268.3457344573,786268.3457344573
22.0,5.649,4096,1323995.4484691403,1323995.4484691403,1323995.4484691403,1323995.4484691403,1323995.4484691403,1323995.4484691403
22.0,7.918,512,2697987.851912421,2708756.850654189,2708756.850654189,2708756.850654189,2708756.850654189,2708756.850654189
22.0,16.772,64,4930368.3088440765,4930368.3088440765,4930368.3088440765,4930368.3088440765,4930368.3088440765,4930368.3088440765
