arrival_rate,bp_parameter_L,bp_parameter_H,Dynamic_njobs100_mode1_L2_norm_flow_time,Dynamic_njobs100_mode2_L2_norm_flow_time,Dynamic_njobs100_mode3_L2_norm_flow_time,Dynamic_njobs100_mode4_L2_norm_flow_time,Dynamic_njobs100_mode5_L2_norm_flow_time,Dynamic_njobs100_mode6_L2_norm_flow_time
24.0,4.073,262144,426198.793584637,426198.793584637,426198.793584637,426198.793584637,426198.793584637,426198.793584637
24.0,4.639,32768,506639.3762934342,506639.3762934342,506639.3762934342,506639.3762934342,506639.3762934342,506639.3762934342
24.0,5.649,4096,1224244.5361086975,1224244.5361086975,1224244.5361086975,1224244.5361086975,1224244.5361086975,1224244.5361086975
24.0,7.918,512,2520396.3592018615,2524335.643485826,2543571.77458805,2543571.77458805,2543571.77458805,2543571.77458805
24.0,16.772,64,3659713.4772436763,3659713.4772436763,3659713.4772436763,3659713.4772436763,3659713.4772436763,3659713.4772436763
