arrival_rate,bp_parameter_L,bp_parameter_H,Dynamic_njobs100_mode1_L2_norm_flow_time,Dynamic_njobs100_mode2_L2_norm_flow_time,Dynamic_njobs100_mode3_L2_norm_flow_time,Dynamic_njobs100_mode4_L2_norm_flow_time,Dynamic_njobs100_mode5_L2_norm_flow_time,Dynamic_njobs100_mode6_L2_norm_flow_time
30.0,4.073,262144,161168.9105938239,161168.9105938239,161168.9105938239,161168.9105938239,161168.9105938239,161168.9105938239
30.0,4.639,32768,42604.53045158461,42604.53045158461,42604.53045158461,42604.53045158461,42604.53045158461,42604.53045158461
30.0,5.649,4096,302614.2774225962,302614.2774225962,302614.2774225962,302614.2774225962,302614.2774225962,302614.2774225962
30.0,7.918,512,286425.4214520771,313785.1443488044,313785.1443488044,313785.1443488044,313785.1443488044,313785.1443488044
30.0,16.772,64,208768.0384637457,208768.0384637457,208768.0384637457,208768.0384637457,208768.0384637457,208768.0384637457
