arrival_rate,bp_parameter_L,bp_parameter_H,Dynamic_njobs100_mode1_L2_norm_flow_time,Dynamic_njobs100_mode2_L2_norm_flow_time,Dynamic_njobs100_mode3_L2_norm_flow_time,Dynamic_njobs100_mode4_L2_norm_flow_time,Dynamic_njobs100_mode5_L2_norm_flow_time,Dynamic_njobs100_mode6_L2_norm_flow_time
32.0,4.073,262144,173447.5840765734,172937.77913168655,172937.77913168655,172937.77913168655,172937.77913168655,172937.77913168655
32.0,4.639,32768,623282.5944080261,623282.5944080261,623282.5944080261,623282.5944080261,623282.5944080261,623282.5944080261
32.0,5.649,4096,138214.09138000367,138214.09138000367,138214.09138000367,138214.09138000367,138214.09138000367,138214.09138000367
32.0,7.918,512,169095.11317303052,169095.11317303052,169095.11317303052,169095.11317303052,169095.11317303052,169095.11317303052
32.0,16.772,64,30605.766874888137,30605.766874888137,30605.766874888137,30605.766874888137,30605.766874888137,30605.766874888137
