arrival_rate,bp_parameter_L,bp_parameter_H,Dynamic_njobs100_mode1_L2_norm_flow_time,Dynamic_njobs100_mode2_L2_norm_flow_time,Dynamic_njobs100_mode3_L2_norm_flow_time,Dynamic_njobs100_mode4_L2_norm_flow_time,Dynamic_njobs100_mode5_L2_norm_flow_time,Dynamic_njobs100_mode6_L2_norm_flow_time
34.0,4.073,262144,106660.65451233646,87004.34987976176,87004.34987976176,87004.34987976176,87004.34987976176,87004.34987976176
34.0,4.639,32768,104306.54537947271,104306.54537947271,104306.54537947271,104306.54537947271,104306.54537947271,104306.54537947271
34.0,5.649,4096,66408.65415742138,66408.65415742138,66408.65415742138,66408.65415742138,66408.65415742138,66408.65415742138
34.0,7.918,512,35510.23448246998,35464.59713573524,35477.74112031373,35477.74112031373,35477.74112031373,35446.3418704949
34.0,16.772,64,22431.543616077783,22359.688548814807,22359.688548814807,22359.688548814807,22359.688548814807,22359.688548814807
