arrival_rate,bp_parameter_L,bp_parameter_H,Dynamic_njobs100_mode1_L2_norm_flow_time,Dynamic_njobs100_mode2_L2_norm_flow_time,Dynamic_njobs100_mode3_L2_norm_flow_time,Dynamic_njobs100_mode4_L2_norm_flow_time,Dynamic_njobs100_mode5_L2_norm_flow_time,Dynamic_njobs100_mode6_L2_norm_flow_time
40.0,4.073,262144,192516.0646439668,192516.0646439668,192516.0646439668,192516.0646439668,192516.0646439668,192516.0646439668
40.0,4.639,32768,143561.77828377578,143561.77828377578,143561.77828377578,143561.77828377578,143561.77828377578,143561.77828377578
40.0,5.649,4096,47528.462746021985,47528.462746021985,47528.462746021985,47528.462746021985,47528.462746021985,47528.462746021985
40.0,7.918,512,23046.132886017993,23046.132886017993,23046.132886017993,23046.132886017993,23046.132886017993,23046.132886017993
40.0,16.772,64,11457.339219906165,11312.230151477648,11313.325859357186,11313.325859357186,11313.325859357186,11312.230151477648
