arrival_rate,bp_parameter_L,bp_parameter_H,RMLF_L2_norm_flow_time
20,13.000000,262144,16988407.290751
20,15.300000,32768,20961245.949976
20,19.700000,4096,29198925.878999
20,32.300000,512,47300326.020954
20,90.000000,18,65085693.305702
20,90.000000,27,62804068.378346
20,90.000000,36,60452139.257854
