arrival_rate,bp_parameter_L,bp_parameter_H,RMLF_L2_norm_flow_time
20,13.000000,262144,16952742.832774
20,15.300000,32768,21085346.897967
20,19.700000,4096,28488313.961150
20,32.300000,512,47399602.907384
20,90.000000,18,64886424.854957
20,90.000000,27,62179355.032222
20,90.000000,36,59958059.315892
