arrival_rate,bp_parameter_L,bp_parameter_H,RMLF_L2_norm_flow_time
20,13.000000,262144,16782464.274422
20,15.300000,32768,21800948.450492
20,19.700000,4096,30080877.757269
20,32.300000,512,47169986.613461
20,90.000000,18,64725192.162212
20,90.000000,27,63323196.060162
20,90.000000,36,60871460.711271
