arrival_rate,bp_parameter_L,bp_parameter_H,RMLF_L2_norm_flow_time
20,13.000000,262144,17477615.411643
20,15.300000,32768,20816827.133884
20,19.700000,4096,29541055.102767
20,32.300000,512,46882244.497862
20,90.000000,18,64572174.065551
20,90.000000,27,62597960.509829
20,90.000000,36,60011099.031066
