arrival_rate,bp_parameter_L,bp_parameter_H,RMLF_L2_norm_flow_time
20,13.000000,262144,16983508.533112
20,15.300000,32768,21715959.208257
20,19.700000,4096,29686545.606515
20,32.300000,512,47000169.051953
20,90.000000,18,64859914.874261
20,90.000000,27,62476083.779819
20,90.000000,36,60258143.951784
