arrival_rate,bp_parameter_L,bp_parameter_H,RMLF_L2_norm_flow_time
20,13.000000,262144,17057030.073980
20,15.300000,32768,20913370.121254
20,19.700000,4096,29795873.804256
20,32.300000,512,47321745.705579
20,90.000000,18,64633596.422997
20,90.000000,27,62523576.309396
20,90.000000,36,60267485.206204
