arrival_rate,bp_parameter_L,bp_parameter_H,RMLF_L2_norm_flow_time
22,13.000000,262144,15365536.709392
22,15.300000,32768,20802869.976124
22,19.700000,4096,28389762.431939
22,32.300000,512,46747647.721833
22,90.000000,18,63536674.526758
22,90.000000,27,61905411.702619
22,90.000000,36,59577768.208423
