arrival_rate,bp_parameter_L,bp_parameter_H,RMLF_L2_norm_flow_time
22,13.000000,262144,16033565.093985
22,15.300000,32768,21178007.720451
22,19.700000,4096,28350762.701372
22,32.300000,512,46151583.224682
22,90.000000,18,63741680.478856
22,90.000000,27,60828577.979062
22,90.000000,36,59109886.438992
