arrival_rate,bp_parameter_L,bp_parameter_H,RMLF_L2_norm_flow_time
22,13.000000,262144,15688817.375965
22,15.300000,32768,20237391.371786
22,19.700000,4096,28864691.425212
22,32.300000,512,46796773.587913
22,90.000000,18,63768543.956862
22,90.000000,27,61500860.330962
22,90.000000,36,59248104.014370
