arrival_rate,bp_parameter_L,bp_parameter_H,RMLF_L2_norm_flow_time
22,13.000000,262144,15503379.649630
22,15.300000,32768,20518940.491658
22,19.700000,4096,28503981.632122
22,32.300000,512,45181200.263610
22,90.000000,18,64271217.074013
22,90.000000,27,61957165.038561
22,90.000000,36,59215477.133219
