arrival_rate,bp_parameter_L,bp_parameter_H,RMLF_L2_norm_flow_time
24,13.000000,262144,14901803.475717
24,15.300000,32768,20125648.053086
24,19.700000,4096,28200447.820770
24,32.300000,512,44654350.923165
24,90.000000,18,63030529.795845
24,90.000000,27,60944454.844894
24,90.000000,36,58045548.921770
