arrival_rate,bp_parameter_L,bp_parameter_H,RMLF_L2_norm_flow_time
26,13.000000,262144,13646724.895031
26,15.300000,32768,19218376.176799
26,19.700000,4096,26457426.513230
26,32.300000,512,44165250.377459
26,90.000000,18,62482217.309885
26,90.000000,27,59945988.736336
26,90.000000,36,57799389.364946
