arrival_rate,bp_parameter_L,bp_parameter_H,RMLF_L2_norm_flow_time
28,13.000000,262144,13632058.307789
28,15.300000,32768,17869417.054167
28,19.700000,4096,26250939.286972
28,32.300000,512,42981864.470558
28,90.000000,18,61199782.002540
28,90.000000,27,58470280.296145
28,90.000000,36,56160502.449079
