arrival_rate,bp_parameter_L,bp_parameter_H,RMLF_L2_norm_flow_time
28,13.000000,262144,13115335.077191
28,15.300000,32768,17821557.408117
28,19.700000,4096,25478908.498276
28,32.300000,512,43877213.725668
28,90.000000,18,61078738.375497
28,90.000000,27,59578470.221704
28,90.000000,36,56216988.299709
