arrival_rate,bp_parameter_L,bp_parameter_H,RMLF_L2_norm_flow_time
28,13.000000,262144,12663184.329433
28,15.300000,32768,17753916.319258
28,19.700000,4096,26551834.929063
28,32.300000,512,43947939.219142
28,90.000000,18,60681865.712498
28,90.000000,27,58424215.713591
28,90.000000,36,56465608.977009
