arrival_rate,bp_parameter_L,bp_parameter_H,RMLF_L2_norm_flow_time
28,13.000000,262144,12895232.077680
28,15.300000,32768,18015042.157252
28,19.700000,4096,25790044.124347
28,32.300000,512,43382852.328044
28,90.000000,18,60979427.133877
28,90.000000,27,58436382.132279
28,90.000000,36,56613296.755348
