arrival_rate,bp_parameter_L,bp_parameter_H,RMLF_L2_norm_flow_time
28,13.000000,262144,13110818.495049
28,15.300000,32768,18227095.304074
28,19.700000,4096,25823986.710465
28,32.300000,512,43374614.530290
28,90.000000,18,60979225.487761
28,90.000000,27,58578817.122643
28,90.000000,36,56291700.357624
