arrival_rate,bp_parameter_L,bp_parameter_H,RMLF_L2_norm_flow_time
30,13.000000,262144,12343765.277672
30,15.300000,32768,17027675.911211
30,19.700000,4096,25004236.811936
30,32.300000,512,42081626.162188
30,90.000000,18,59689086.120890
30,90.000000,27,57681939.603280
30,90.000000,36,55027893.270683
