arrival_rate,bp_parameter_L,bp_parameter_H,RMLF_L2_norm_flow_time
30,13.000000,262144,11394277.759347
30,15.300000,32768,16764898.154590
30,19.700000,4096,24967157.538497
30,32.300000,512,41929477.998082
30,90.000000,18,59634464.252312
30,90.000000,27,57639873.784083
30,90.000000,36,55842941.500028
