arrival_rate,bp_parameter_L,bp_parameter_H,RMLF_L2_norm_flow_time
30,13.000000,262144,12360778.750738
30,15.300000,32768,16898079.231441
30,19.700000,4096,24625599.624465
30,32.300000,512,42616894.616846
30,90.000000,18,60011198.135501
30,90.000000,27,57844569.158521
30,90.000000,36,55418875.331361
