arrival_rate,bp_parameter_L,bp_parameter_H,RMLF_L2_norm_flow_time
30,13.000000,262144,12833612.751764
30,15.300000,32768,16247098.532268
30,19.700000,4096,25545023.991802
30,32.300000,512,41582049.123815
30,90.000000,18,60065845.231033
30,90.000000,27,58242246.233794
30,90.000000,36,55215337.737523
