arrival_rate,bp_parameter_L,bp_parameter_H,RMLF_L2_norm_flow_time
30,13.000000,262144,12538019.933788
30,15.300000,32768,16769491.092802
30,19.700000,4096,26571011.620713
30,32.300000,512,42204908.437746
30,90.000000,18,59645681.732057
30,90.000000,27,58466374.344991
30,90.000000,36,55095217.133421
