arrival_rate,bp_parameter_L,bp_parameter_H,RMLF_L2_norm_flow_time
32,13.000000,262144,12284251.831340
32,15.300000,32768,15585232.671679
32,19.700000,4096,23554696.781975
32,32.300000,512,41200797.362194
32,90.000000,18,58972735.282125
32,90.000000,27,56239177.178008
32,90.000000,36,54505598.339021
