arrival_rate,bp_parameter_L,bp_parameter_H,RMLF_L2_norm_flow_time
32,13.000000,262144,11730250.111853
32,15.300000,32768,15604486.620205
32,19.700000,4096,23485741.195800
32,32.300000,512,41820185.135596
32,90.000000,18,59319266.387620
32,90.000000,27,57226945.167541
32,90.000000,36,54498861.795525
