arrival_rate,bp_parameter_L,bp_parameter_H,RMLF_L2_norm_flow_time
32,13.000000,262144,12286434.049727
32,15.300000,32768,15632485.939992
32,19.700000,4096,23610720.522634
32,32.300000,512,40938087.665076
32,90.000000,18,58571008.933611
32,90.000000,27,56907670.213497
32,90.000000,36,54961035.653476
