arrival_rate,bp_parameter_L,bp_parameter_H,RMLF_L2_norm_flow_time
32,13.000000,262144,11983644.282542
32,15.300000,32768,16248715.913511
32,19.700000,4096,23939880.804488
32,32.300000,512,40992487.109076
32,90.000000,18,58884985.222958
32,90.000000,27,56208001.426086
32,90.000000,36,54713073.540368
