arrival_rate,bp_parameter_L,bp_parameter_H,RMLF_L2_norm_flow_time
34,13.000000,262144,11431893.837560
34,15.300000,32768,14984989.559128
34,19.700000,4096,22962613.718811
34,32.300000,512,40392017.342603
34,90.000000,18,57565545.845276
34,90.000000,27,56012750.827879
34,90.000000,36,54188984.561117
