arrival_rate,bp_parameter_L,bp_parameter_H,RMLF_L2_norm_flow_time
34,13.000000,262144,11246691.715734
34,15.300000,32768,15091671.288004
34,19.700000,4096,23339665.337549
34,32.300000,512,40136960.108464
34,90.000000,18,57778835.338021
34,90.000000,27,56065793.628397
34,90.000000,36,53652879.404303
