arrival_rate,bp_parameter_L,bp_parameter_H,RMLF_L2_norm_flow_time
36,13.000000,262144,10305200.135572
36,15.300000,32768,13867329.917129
36,19.700000,4096,22222961.434168
36,32.300000,512,38474030.812104
36,90.000000,18,56813438.138501
36,90.000000,27,55284115.595947
36,90.000000,36,52426268.400629
