arrival_rate,bp_parameter_L,bp_parameter_H,RMLF_L2_norm_flow_time
36,13.000000,262144,9868356.899799
36,15.300000,32768,15349429.613900
36,19.700000,4096,21854882.889878
36,32.300000,512,38458161.089116
36,90.000000,18,57007574.082796
36,90.000000,27,55252053.968149
36,90.000000,36,52721489.492665
