arrival_rate,bp_parameter_L,bp_parameter_H,RMLF_L2_norm_flow_time
36,13.000000,262144,10171037.421051
36,15.300000,32768,15570735.819930
36,19.700000,4096,22081606.446950
36,32.300000,512,39569516.333433
36,90.000000,18,57087822.224603
36,90.000000,27,54433475.732524
36,90.000000,36,52834254.975793
