arrival_rate,bp_parameter_L,bp_parameter_H,RMLF_L2_norm_flow_time
36,13.000000,262144,10072504.383831
36,15.300000,32768,14810519.026074
36,19.700000,4096,21676447.912183
36,32.300000,512,39136709.213826
36,90.000000,18,57180413.308961
36,90.000000,27,54938231.912082
36,90.000000,36,52656545.334352
