arrival_rate,bp_parameter_L,bp_parameter_H,RMLF_L2_norm_flow_time
38,13.000000,262144,8825047.688141
38,15.300000,32768,13472522.028062
38,19.700000,4096,21498653.471528
38,32.300000,512,38311621.701641
38,90.000000,18,55832355.011478
38,90.000000,27,54007204.866008
38,90.000000,36,51904542.869045
