arrival_rate,bp_parameter_L,bp_parameter_H,RMLF_L2_norm_flow_time
38,13.000000,262144,10117498.633342
38,15.300000,32768,14110423.053289
38,19.700000,4096,19891453.697119
38,32.300000,512,38990647.048111
38,90.000000,18,56194516.485352
38,90.000000,27,53884617.720134
38,90.000000,36,51289536.254159
