arrival_rate,bp_parameter_L,bp_parameter_H,RMLF_L2_norm_flow_time
38,13.000000,262144,9584569.099495
38,15.300000,32768,12807393.189952
38,19.700000,4096,21241301.239791
38,32.300000,512,37859379.111918
38,90.000000,18,56008754.919611
38,90.000000,27,54191511.285305
38,90.000000,36,51665145.953694
