arrival_rate,bp_parameter_L,bp_parameter_H,RMLF_L2_norm_flow_time
40,13.000000,262144,8802759.021927
40,15.300000,32768,12878708.425935
40,19.700000,4096,20238869.879002
40,32.300000,512,37034722.010374
40,90.000000,18,55098373.290834
40,90.000000,27,52710630.683211
40,90.000000,36,50526281.177288
