arrival_rate,bp_parameter_L,bp_parameter_H,SRPT_L2_norm_flow_time
20,4.073000,262144,770453.751317
20,4.639000,32768,968659.407623
20,5.649000,4096,1808895.884632
20,7.918000,512,3428748.666360
20,16.772000,64,7391512.641657
20,30.000000,6,8348588.154187
20,30.000000,9,8086836.001039
20,30.000000,12,7592525.097309
