arrival_rate,bp_parameter_L,bp_parameter_H,SRPT_L2_norm_flow_time
20,4.073000,262144,4670001.127607
20,4.639000,32768,8598870.814112
20,5.649000,4096,14035120.535815
20,7.918000,512,28828675.174561
20,16.772000,64,58377987.484611
