arrival_rate,bp_parameter_L,bp_parameter_H,SRPT_L2_norm_flow_time
20,4.073000,262144,5195842.106736
20,4.639000,32768,7882414.289914
20,5.649000,4096,14493023.426297
20,7.918000,512,28448979.743471
20,16.772000,64,58213022.816017
20,30.000000,6,67623606.045006
20,30.000000,9,63926292.942037
20,30.000000,12,61299281.312859
