arrival_rate,bp_parameter_L,bp_parameter_H,SRPT_L2_norm_flow_time
20,4.073000,262144,464069.539646
20,4.639000,32768,1055900.255993
20,5.649000,4096,1909107.461558
20,7.918000,512,3563149.114714
20,16.772000,64,7391037.198049
20,30.000000,6,8430134.695998
20,30.000000,9,7944209.741637
20,30.000000,12,7619539.965362
