arrival_rate,bp_parameter_L,bp_parameter_H,SRPT_L2_norm_flow_time
20,4.073000,262144,4391137.468242
20,4.639000,32768,7530371.883058
20,5.649000,4096,13798729.297529
20,7.918000,512,27692383.622689
20,16.772000,64,58355068.411491
20,30.000000,6,68871304.343876
20,30.000000,9,63425626.320232
20,30.000000,12,60341110.340898
20,50.000000,25,4303871.961897
20,250.000000,100,28844035.721518
20,1000.000000,400,120502292.151463
