arrival_rate,bp_parameter_L,bp_parameter_H,SRPT_L2_norm_flow_time
20,4.073000,262144,556189.989543
20,4.639000,32768,1007597.914724
20,5.649000,4096,2001209.757776
20,7.918000,512,3482813.101290
20,16.772000,64,7081270.265218
20,30.000000,6,8417874.048691
20,30.000000,9,8164948.187080
20,30.000000,12,7597936.822856
