arrival_rate,bp_parameter_L,bp_parameter_H,SRPT_L2_norm_flow_time
22,4.073000,262144,158629.893132
22,4.639000,32768,160926.130843
22,5.649000,4096,71574.482499
22,7.918000,512,-nan
22,16.772000,64,261821.907552
