arrival_rate,bp_parameter_L,bp_parameter_H,SRPT_L2_norm_flow_time
22,4.073000,262144,2983763.071490
22,4.639000,32768,5466764.458290
22,5.649000,4096,10992238.820428
22,7.918000,512,23825277.790699
22,16.772000,64,53321299.759298
22,30.000000,6,61138795.903842
22,30.000000,9,58430007.602679
22,30.000000,12,55271496.642988
