arrival_rate,bp_parameter_L,bp_parameter_H,SRPT_L2_norm_flow_time
22,4.073000,262144,2895769.294608
22,4.639000,32768,5438665.381504
22,5.649000,4096,11262830.971028
22,7.918000,512,24156188.295095
22,16.772000,64,52362316.655187
