arrival_rate,bp_parameter_L,bp_parameter_H,SRPT_L2_norm_flow_time
22,4.073000,262144,429080.180194
22,4.639000,32768,608944.042514
22,5.649000,4096,1496941.842966
22,7.918000,512,2873660.335298
22,16.772000,64,6345855.213954
22,30.000000,6,7531670.030698
22,30.000000,9,7375258.353887
22,30.000000,12,6699225.559193
