arrival_rate,bp_parameter_L,bp_parameter_H,SRPT_L2_norm_flow_time
22,4.073000,262144,299248.602414
22,4.639000,32768,568554.773251
22,5.649000,4096,1281023.279861
22,7.918000,512,3279223.052187
22,16.772000,64,6440435.586522
22,30.000000,6,7621545.768933
22,30.000000,9,7354748.082479
22,30.000000,12,6925925.995349
