arrival_rate,bp_parameter_L,bp_parameter_H,SRPT_L2_norm_flow_time
22,4.073000,262144,189147.427825
22,4.639000,32768,175084.740520
22,5.649000,4096,292453.577913
22,7.918000,512,264960.503130
22,16.772000,64,538402.892822
