arrival_rate,bp_parameter_L,bp_parameter_H,SRPT_L2_norm_flow_time
22,4.073000,262144,185909.800035
22,4.639000,32768,143294.319525
22,5.649000,4096,-nan
22,7.918000,512,357121.860034
22,16.772000,64,523537.782083
