arrival_rate,bp_parameter_L,bp_parameter_H,SRPT_L2_norm_flow_time
22,4.073000,262144,2232398.335488
22,4.639000,32768,5667733.477053
22,5.649000,4096,10814239.530641
22,7.918000,512,24230690.529542
22,16.772000,64,52391058.886401
22,30.000000,6,60778439.587934
22,30.000000,9,58501554.668761
22,30.000000,12,55259976.557055
22,50.000000,25,4108542.003939
22,250.000000,100,28809974.910735
22,1000.000000,400,120119862.540379
