arrival_rate,bp_parameter_L,bp_parameter_H,SRPT_L2_norm_flow_time
24,4.073000,262144,1373532.092052
24,4.639000,32768,2964303.241885
24,5.649000,4096,7454115.971958
24,7.918000,512,19671827.679097
24,16.772000,64,44242760.350653
