arrival_rate,bp_parameter_L,bp_parameter_H,SRPT_L2_norm_flow_time
24,4.073000,262144,229763.706677
24,4.639000,32768,654764.329309
24,5.649000,4096,821976.140297
24,7.918000,512,2575839.833756
24,16.772000,64,5937729.432637
24,30.000000,6,6291040.859945
24,30.000000,9,6165931.393099
24,30.000000,12,6196111.170185
