arrival_rate,bp_parameter_L,bp_parameter_H,SRPT_L2_norm_flow_time
24,4.073000,262144,2746929.524201
24,4.639000,32768,4872414.597363
24,5.649000,4096,8325044.360913
24,7.918000,512,19142088.089595
24,16.772000,64,44820823.252235
24,30.000000,6,53000468.146968
24,30.000000,9,50198923.930046
24,30.000000,12,47333257.461656
24,50.000000,25,3925609.215900
24,250.000000,100,28814617.842469
24,1000.000000,400,120464359.880118
