arrival_rate,bp_parameter_L,bp_parameter_H,SRPT_L2_norm_flow_time
24,4.073000,262144,289552.104710
24,4.639000,32768,460346.397241
24,5.649000,4096,1172523.362273
24,7.918000,512,2315787.870765
24,16.772000,64,5387016.299476
24,30.000000,6,6446541.949635
24,30.000000,9,6360530.642442
24,30.000000,12,6100655.935194
