arrival_rate,bp_parameter_L,bp_parameter_H,SRPT_L2_norm_flow_time
24,4.073000,262144,2023391.005797
24,4.639000,32768,4143502.401128
24,5.649000,4096,8772255.669164
24,7.918000,512,19710303.033161
24,16.772000,64,45363647.776702
