arrival_rate,bp_parameter_L,bp_parameter_H,SRPT_L2_norm_flow_time
24,4.073000,262144,607668.565949
24,4.639000,32768,543739.110239
24,5.649000,4096,1071369.293551
24,7.918000,512,2372856.601014
24,16.772000,64,5748814.572673
24,30.000000,6,6344224.673158
24,30.000000,9,5930477.902775
24,30.000000,12,5581821.645800
