arrival_rate,bp_parameter_L,bp_parameter_H,SRPT_L2_norm_flow_time
26,4.073000,262144,123687.956342
26,4.639000,32768,160288.916270
26,5.649000,4096,215012.671452
26,7.918000,512,182314.402292
26,16.772000,64,410643.906510
