arrival_rate,bp_parameter_L,bp_parameter_H,SRPT_L2_norm_flow_time
26,4.073000,262144,299578.173429
26,4.639000,32768,262471.811041
26,5.649000,4096,879307.582058
26,7.918000,512,2105707.419482
26,16.772000,64,4665466.108090
26,30.000000,6,5228881.654830
26,30.000000,9,5081782.391796
26,30.000000,12,4856885.310069
