arrival_rate,bp_parameter_L,bp_parameter_H,SRPT_L2_norm_flow_time
26,4.073000,262144,182881.549816
26,4.639000,32768,418905.034596
26,5.649000,4096,654749.935620
26,7.918000,512,2026369.291716
26,16.772000,64,4742786.194143
26,30.000000,6,5624859.471596
26,30.000000,9,5147372.502652
26,30.000000,12,4791776.902196
