arrival_rate,bp_parameter_L,bp_parameter_H,SRPT_L2_norm_flow_time
26,4.073000,262144,131232.336930
26,4.639000,32768,158450.257258
26,5.649000,4096,222629.586266
26,7.918000,512,297530.503540
26,16.772000,64,301639.180893
