arrival_rate,bp_parameter_L,bp_parameter_H,SRPT_L2_norm_flow_time
26,4.073000,262144,1089892.757752
26,4.639000,32768,3164684.869244
26,5.649000,4096,6208898.284712
26,7.918000,512,15011753.581169
26,16.772000,64,36897068.033906
26,30.000000,6,43409296.513273
26,30.000000,9,41775836.017915
26,30.000000,12,39735307.574911
