arrival_rate,bp_parameter_L,bp_parameter_H,SRPT_L2_norm_flow_time
26,4.073000,262144,339109.622288
26,4.639000,32768,666290.130939
26,5.649000,4096,911420.933761
26,7.918000,512,1928002.952418
26,16.772000,64,4723202.088543
26,30.000000,6,5340059.497267
26,30.000000,9,5235880.507210
26,30.000000,12,4729317.316284
