arrival_rate,bp_parameter_L,bp_parameter_H,SRPT_L2_norm_flow_time
26,4.073000,262144,185860.241612
26,4.639000,32768,122077.030153
26,5.649000,4096,170956.072121
26,7.918000,512,252245.132036
26,16.772000,64,473567.664902
