arrival_rate,bp_parameter_L,bp_parameter_H,SRPT_L2_norm_flow_time
26,4.073000,262144,136566.634717
26,4.639000,32768,154931.879305
26,5.649000,4096,207358.314012
26,7.918000,512,192400.874138
26,16.772000,64,599907.464326
