arrival_rate,bp_parameter_L,bp_parameter_H,SRPT_L2_norm_flow_time
26,4.073000,262144,361168.000361
26,4.639000,32768,738400.311293
26,5.649000,4096,643570.755261
26,7.918000,512,1450098.570134
26,16.772000,64,4887655.204489
26,30.000000,6,5272100.388287
26,30.000000,9,4841535.076971
26,30.000000,12,4978293.080969
