arrival_rate,bp_parameter_L,bp_parameter_H,SRPT_L2_norm_flow_time
28,4.073000,262144,1660559.316682
28,4.639000,32768,2386059.229491
28,5.649000,4096,3158394.777061
28,7.918000,512,8527345.992727
28,16.772000,64,24151424.609875
28,30.000000,6,31611990.625054
28,30.000000,9,30782765.258784
28,30.000000,12,29498445.508586
28,50.000000,25,3520102.023610
28,250.000000,100,28456959.225577
28,1000.000000,400,119435962.050407
