arrival_rate,bp_parameter_L,bp_parameter_H,SRPT_L2_norm_flow_time
28,4.073000,262144,124216.020988
28,4.639000,32768,131252.088338
28,5.649000,4096,192619.612527
28,7.918000,512,264110.692105
28,16.772000,64,532633.875309
