arrival_rate,bp_parameter_L,bp_parameter_H,SRPT_L2_norm_flow_time
28,4.073000,262144,1761325.551557
28,4.639000,32768,2599752.726937
28,5.649000,4096,3394053.913046
28,7.918000,512,10214337.234375
28,16.772000,64,28338486.306816
