arrival_rate,bp_parameter_L,bp_parameter_H,SRPT_L2_norm_flow_time
28,4.073000,262144,303256.895196
28,4.639000,32768,277661.061303
28,5.649000,4096,399933.932623
28,7.918000,512,606759.943216
28,16.772000,64,3266902.201110
28,30.000000,6,3803003.306611
28,30.000000,9,3145892.702579
28,30.000000,12,2818188.016467
