arrival_rate,bp_parameter_L,bp_parameter_H,SRPT_L2_norm_flow_time
28,4.073000,262144,112318.090106
28,4.639000,32768,155520.254237
28,5.649000,4096,217892.921287
28,7.918000,512,252383.837325
28,16.772000,64,364713.675121
