arrival_rate,bp_parameter_L,bp_parameter_H,SRPT_L2_norm_flow_time
28,4.073000,262144,103604.977511
28,4.639000,32768,211058.027744
28,5.649000,4096,435013.925623
28,7.918000,512,1174477.737871
28,16.772000,64,3515918.825450
28,30.000000,6,3905380.017088
28,30.000000,9,3815884.678814
28,30.000000,12,3264126.453002
