arrival_rate,bp_parameter_L,bp_parameter_H,SRPT_L2_norm_flow_time
30,4.073000,262144,484683.819280
30,4.639000,32768,1618199.106971
30,5.649000,4096,1089119.771241
30,7.918000,512,4610531.628796
30,16.772000,64,11436493.443480
30,30.000000,6,11121688.866759
30,30.000000,9,16140818.806676
30,30.000000,12,10132711.454137
