arrival_rate,bp_parameter_L,bp_parameter_H,SRPT_L2_norm_flow_time
30,4.073000,262144,146041.617151
30,4.639000,32768,258774.928129
30,5.649000,4096,295455.557590
30,7.918000,512,718465.135709
30,16.772000,64,1377693.311962
30,30.000000,6,1379850.110491
30,30.000000,9,1539997.144889
30,30.000000,12,2243188.091026
