arrival_rate,bp_parameter_L,bp_parameter_H,SRPT_L2_norm_flow_time
30,4.073000,262144,276516.818872
30,4.639000,32768,1738417.340470
30,5.649000,4096,3123782.343875
30,7.918000,512,2583186.250232
30,16.772000,64,11318494.986208
