arrival_rate,bp_parameter_L,bp_parameter_H,SRPT_L2_norm_flow_time
30,4.073000,262144,785052.104461
30,4.639000,32768,296195.780289
30,5.649000,4096,712403.882377
30,7.918000,512,5089787.483992
30,16.772000,64,12880025.639962
30,30.000000,6,13777082.811649
30,30.000000,9,13249993.397203
30,30.000000,12,11507612.787623
