arrival_rate,bp_parameter_L,bp_parameter_H,SRPT_L2_norm_flow_time
30,4.073000,262144,618464.798407
30,4.639000,32768,1316815.991127
30,5.649000,4096,986550.548823
30,7.918000,512,3938372.467696
30,16.772000,64,11555762.443408
