arrival_rate,bp_parameter_L,bp_parameter_H,SRPT_L2_norm_flow_time
30,4.073000,262144,49734.129448
30,4.639000,32768,113577.369590
30,5.649000,4096,571928.256498
30,7.918000,512,928611.743682
30,16.772000,64,937118.893624
30,30.000000,6,1779466.585523
30,30.000000,9,667998.059496
30,30.000000,12,1436894.075309
