arrival_rate,bp_parameter_L,bp_parameter_H,SRPT_L2_norm_flow_time
30,4.073000,262144,269905.574264
30,4.639000,32768,221867.197424
30,5.649000,4096,275299.773600
30,7.918000,512,259352.093498
30,16.772000,64,1473205.680441
30,30.000000,6,1227615.331237
30,30.000000,9,755581.266611
30,30.000000,12,1184474.416412
