arrival_rate,bp_parameter_L,bp_parameter_H,SRPT_L2_norm_flow_time
32,4.073000,262144,110649.061117
32,4.639000,32768,71233.611210
32,5.649000,4096,101109.916324
32,7.918000,512,130807.610142
32,16.772000,64,100863.340992
32,30.000000,6,86069.426535
32,30.000000,9,117218.395233
32,30.000000,12,73096.949109
