arrival_rate,bp_parameter_L,bp_parameter_H,SRPT_L2_norm_flow_time
32,4.073000,262144,144015.016786
32,4.639000,32768,60302.145053
32,5.649000,4096,88734.523456
32,7.918000,512,75252.572667
32,16.772000,64,93362.074677
32,30.000000,6,97288.333432
32,30.000000,9,112980.691704
32,30.000000,12,75829.790056
