arrival_rate,bp_parameter_L,bp_parameter_H,SRPT_L2_norm_flow_time
32,4.073000,262144,67456.792897
32,4.639000,32768,39965.194057
32,5.649000,4096,260650.651630
32,7.918000,512,103694.455985
32,16.772000,64,137434.436187
32,30.000000,6,77467.494712
32,30.000000,9,70677.182513
32,30.000000,12,113612.896909
