arrival_rate,bp_parameter_L,bp_parameter_H,SRPT_L2_norm_flow_time
32,4.073000,262144,119024.422721
32,4.639000,32768,58057.514785
32,5.649000,4096,281814.893246
32,7.918000,512,56238.471681
32,16.772000,64,127525.247979
32,30.000000,6,226087.842333
32,30.000000,9,92334.387403
32,30.000000,12,60208.742281
