arrival_rate,bp_parameter_L,bp_parameter_H,SRPT_L2_norm_flow_time
32,4.073000,262144,120526.144251
32,4.639000,32768,65691.247240
32,5.649000,4096,94819.699098
32,7.918000,512,137321.244500
32,16.772000,64,75333.829161
32,30.000000,6,138438.008386
32,30.000000,9,43163.713198
32,30.000000,12,89094.946675
