arrival_rate,bp_parameter_L,bp_parameter_H,SRPT_L2_norm_flow_time
32,4.073000,262144,744362.317476
32,4.639000,32768,917735.881618
32,5.649000,4096,424711.317271
32,7.918000,512,746415.465232
32,16.772000,64,225244.050261
32,30.000000,6,325920.743884
32,30.000000,9,169813.571566
32,30.000000,12,213012.637630
32,50.000000,25,3222745.208552
32,250.000000,100,27944507.069145
32,1000.000000,400,119716032.933453
