arrival_rate,bp_parameter_L,bp_parameter_H,SRPT_L2_norm_flow_time
32,4.073000,262144,54079.465696
32,4.639000,32768,160646.315849
32,5.649000,4096,71276.266043
32,7.918000,512,140615.908997
32,16.772000,64,69808.040003
32,30.000000,6,139748.742710
32,30.000000,9,143532.564267
32,30.000000,12,49260.623250
