arrival_rate,bp_parameter_L,bp_parameter_H,SRPT_L2_norm_flow_time
34,4.073000,262144,60501.453503
34,4.639000,32768,129687.729342
34,5.649000,4096,117338.245180
34,7.918000,512,137588.384281
34,16.772000,64,95789.150659
