arrival_rate,bp_parameter_L,bp_parameter_H,SRPT_L2_norm_flow_time
34,4.073000,262144,345867.811263
34,4.639000,32768,472204.762100
34,5.649000,4096,134399.520379
34,7.918000,512,137588.384281
34,16.772000,64,95789.150659
