arrival_rate,bp_parameter_L,bp_parameter_H,SRPT_L2_norm_flow_time
34,4.073000,262144,287687.251004
34,4.639000,32768,77561.102616
34,5.649000,4096,75145.182600
34,7.918000,512,60539.299178
34,16.772000,64,28282.519071
34,30.000000,6,33045.626155
34,30.000000,9,34174.181980
34,30.000000,12,42996.520266
