arrival_rate,bp_parameter_L,bp_parameter_H,SRPT_L2_norm_flow_time
34,4.073000,262144,816385.843847
34,4.639000,32768,199062.725037
34,5.649000,4096,388682.658705
34,7.918000,512,111315.516362
34,16.772000,64,71117.413508
34,30.000000,6,64258.966557
34,30.000000,9,92642.331658
34,30.000000,12,114729.487138
34,50.000000,25,3026824.138793
34,250.000000,100,27726144.339429
34,1000.000000,400,119865982.079560
