arrival_rate,bp_parameter_L,bp_parameter_H,SRPT_L2_norm_flow_time
34,4.073000,262144,862875.440771
34,4.639000,32768,862229.579640
34,5.649000,4096,280763.842065
34,7.918000,512,104771.690523
34,16.772000,64,86956.283948
