arrival_rate,bp_parameter_L,bp_parameter_H,SRPT_L2_norm_flow_time
34,4.073000,262144,-nan
34,4.639000,32768,114039.617813
34,5.649000,4096,145010.934881
34,7.918000,512,117313.344326
34,16.772000,64,91061.106967
