arrival_rate,bp_parameter_L,bp_parameter_H,SRPT_L2_norm_flow_time
34,4.073000,262144,97673.740591
34,4.639000,32768,125492.134762
34,5.649000,4096,173217.695029
34,7.918000,512,104243.379507
34,16.772000,64,75189.819178
