arrival_rate,bp_parameter_L,bp_parameter_H,SRPT_L2_norm_flow_time
34,4.073000,262144,251319.300544
34,4.639000,32768,211248.091454
34,5.649000,4096,165633.915679
34,7.918000,512,118140.872804
34,16.772000,64,112331.318518
34,30.000000,6,89682.780231
34,30.000000,9,81788.476193
34,30.000000,12,64125.135665
34,50.000000,25,2921312.507483
34,250.000000,100,27473825.150190
34,1000.000000,400,118098104.377793
