arrival_rate,bp_parameter_L,bp_parameter_H,SRPT_L2_norm_flow_time
34,4.073000,262144,76918.262935
34,4.639000,32768,61793.988907
34,5.649000,4096,168886.227763
34,7.918000,512,66941.534595
34,16.772000,64,27186.162307
34,30.000000,6,48179.606640
34,30.000000,9,44386.724592
34,30.000000,12,33063.591245
