arrival_rate,bp_parameter_L,bp_parameter_H,SRPT_L2_norm_flow_time
34,4.073000,262144,464720.512059
34,4.639000,32768,348919.605156
34,5.649000,4096,159771.629569
34,7.918000,512,95356.330697
34,16.772000,64,94432.525069
34,30.000000,6,113708.932209
34,30.000000,9,83873.318994
34,30.000000,12,83833.770027
