arrival_rate,bp_parameter_L,bp_parameter_H,SRPT_L2_norm_flow_time
34,4.073000,262144,71691.071808
34,4.639000,32768,149480.557679
34,5.649000,4096,132375.103381
34,7.918000,512,100786.233718
34,16.772000,64,90085.041727
