arrival_rate,bp_parameter_L,bp_parameter_H,SRPT_L2_norm_flow_time
34,4.073000,262144,328966.297485
34,4.639000,32768,371898.580417
34,5.649000,4096,174379.098183
34,7.918000,512,100786.233718
34,16.772000,64,90085.041727
