arrival_rate,bp_parameter_L,bp_parameter_H,SRPT_L2_norm_flow_time
34,4.073000,262144,827947.169974
34,4.639000,32768,252559.901459
34,5.649000,4096,133648.302997
34,7.918000,512,122344.161659
34,16.772000,64,82060.183506
34,30.000000,6,78395.551615
34,30.000000,9,70242.965235
34,30.000000,12,100308.321380
