arrival_rate,bp_parameter_L,bp_parameter_H,SRPT_L2_norm_flow_time
34,4.073000,262144,76103.495971
34,4.639000,32768,87179.693410
34,5.649000,4096,110286.692692
34,7.918000,512,80301.496020
34,16.772000,64,82202.787745
