arrival_rate,bp_parameter_L,bp_parameter_H,SRPT_L2_norm_flow_time
34,4.073000,262144,93938.599058
34,4.639000,32768,131810.294875
34,5.649000,4096,70757.558098
34,7.918000,512,46945.869573
34,16.772000,64,41021.997160
34,30.000000,6,41593.077585
34,30.000000,9,47725.640080
34,30.000000,12,41542.444187
