arrival_rate,bp_parameter_L,bp_parameter_H,SRPT_L2_norm_flow_time
34,4.073000,262144,150562.089050
34,4.639000,32768,185474.144578
34,5.649000,4096,81997.301071
34,7.918000,512,41126.728499
34,16.772000,64,34936.224009
34,30.000000,6,65467.466501
34,30.000000,9,35922.576077
34,30.000000,12,48230.112440
