arrival_rate,bp_parameter_L,bp_parameter_H,SRPT_L2_norm_flow_time
36,4.073000,262144,331043.575694
36,4.639000,32768,343129.087321
36,5.649000,4096,182591.554846
36,7.918000,512,61544.665390
36,16.772000,64,48389.011635
36,30.000000,6,55801.485572
36,30.000000,9,49826.430637
36,30.000000,12,51061.374110
36,50.000000,25,2729337.618919
36,250.000000,100,27518688.503772
36,1000.000000,400,119307036.296738
