arrival_rate,bp_parameter_L,bp_parameter_H,SRPT_L2_norm_flow_time
36,4.073000,262144,174164.934657
36,4.639000,32768,64970.717058
36,5.649000,4096,73402.622099
36,7.918000,512,28016.498229
36,16.772000,64,24224.045533
36,30.000000,6,43990.877429
36,30.000000,9,31486.773064
36,30.000000,12,22440.655293
