arrival_rate,bp_parameter_L,bp_parameter_H,SRPT_L2_norm_flow_time
36,4.073000,262144,818425.307285
36,4.639000,32768,332277.873956
36,5.649000,4096,119807.327844
36,7.918000,512,64090.339701
36,16.772000,64,50561.073930
36,30.000000,6,48330.319542
36,30.000000,9,58069.191892
36,30.000000,12,48808.755762
