arrival_rate,bp_parameter_L,bp_parameter_H,SRPT_L2_norm_flow_time
36,4.073000,262144,56162.356708
36,4.639000,32768,143620.782915
36,5.649000,4096,56151.994809
36,7.918000,512,49045.885648
36,16.772000,64,29890.868572
36,30.000000,6,26000.054308
36,30.000000,9,22320.036873
36,30.000000,12,24097.387804
