arrival_rate,bp_parameter_L,bp_parameter_H,SRPT_L2_norm_flow_time
36,4.073000,262144,126539.450236
36,4.639000,32768,94607.269937
36,5.649000,4096,47410.080352
36,7.918000,512,34510.671712
36,16.772000,64,22305.166688
36,30.000000,6,21479.906424
36,30.000000,9,37235.157540
36,30.000000,12,34664.146679
