arrival_rate,bp_parameter_L,bp_parameter_H,SRPT_L2_norm_flow_time
36,4.073000,262144,1221118.155333
36,4.639000,32768,318253.642644
36,5.649000,4096,179382.924452
36,7.918000,512,71729.912833
36,16.772000,64,49049.901233
36,30.000000,6,51393.351866
36,30.000000,9,57609.062152
36,30.000000,12,51826.779641
