arrival_rate,bp_parameter_L,bp_parameter_H,SRPT_L2_norm_flow_time
36,4.073000,262144,96450.145956
36,4.639000,32768,123768.717934
36,5.649000,4096,107356.703321
36,7.918000,512,72978.746139
36,16.772000,64,46097.960899
