arrival_rate,bp_parameter_L,bp_parameter_H,SRPT_L2_norm_flow_time
36,4.073000,262144,207087.268930
36,4.639000,32768,206329.141536
36,5.649000,4096,135542.024240
36,7.918000,512,72095.583707
36,16.772000,64,57697.074553
