arrival_rate,bp_parameter_L,bp_parameter_H,SRPT_L2_norm_flow_time
36,4.073000,262144,1328492.241774
36,4.639000,32768,201520.193318
36,5.649000,4096,134991.215488
36,7.918000,512,81465.179605
36,16.772000,64,54218.819768
