arrival_rate,bp_parameter_L,bp_parameter_H,SRPT_L2_norm_flow_time
38,4.073000,262144,307256.803985
38,4.639000,32768,163107.084006
38,5.649000,4096,60862.153412
38,7.918000,512,26457.821981
38,16.772000,64,16957.644884
38,30.000000,6,17449.684782
38,30.000000,9,13571.915856
38,30.000000,12,17683.034609
