arrival_rate,bp_parameter_L,bp_parameter_H,SRPT_L2_norm_flow_time
38,4.073000,262144,102937.580334
38,4.639000,32768,84061.621808
38,5.649000,4096,103677.381993
38,7.918000,512,53826.000715
38,16.772000,64,32255.425280
