arrival_rate,bp_parameter_L,bp_parameter_H,SRPT_L2_norm_flow_time
38,4.073000,262144,307953.465509
38,4.639000,32768,106777.481971
38,5.649000,4096,29532.758303
38,7.918000,512,28311.476948
38,16.772000,64,19369.324717
38,30.000000,6,18854.342471
38,30.000000,9,16598.891559
38,30.000000,12,17427.511383
