arrival_rate,bp_parameter_L,bp_parameter_H,SRPT_L2_norm_flow_time
38,4.073000,262144,163694.036544
38,4.639000,32768,46407.186286
38,5.649000,4096,37398.291699
38,7.918000,512,23759.139357
38,16.772000,64,20084.143771
38,30.000000,6,16565.950742
38,30.000000,9,14995.954221
38,30.000000,12,16912.146582
