arrival_rate,bp_parameter_L,bp_parameter_H,SRPT_L2_norm_flow_time
38,4.073000,262144,168988.014448
38,4.639000,32768,61058.237642
38,5.649000,4096,53849.490072
38,7.918000,512,49793.330286
38,16.772000,64,15542.137176
38,30.000000,6,16430.005356
38,30.000000,9,19053.544290
38,30.000000,12,16286.417408
