arrival_rate,bp_parameter_L,bp_parameter_H,SRPT_L2_norm_flow_time
38,4.073000,262144,544398.315386
38,4.639000,32768,378601.405256
38,5.649000,4096,100883.098198
38,7.918000,512,53852.383726
38,16.772000,64,37090.894071
38,30.000000,6,32852.049205
38,30.000000,9,37311.187679
38,30.000000,12,38537.377350
