arrival_rate,bp_parameter_L,bp_parameter_H,SRPT_L2_norm_flow_time
38,4.073000,262144,60360.644960
38,4.639000,32768,90586.655082
38,5.649000,4096,104574.115727
38,7.918000,512,51401.877592
38,16.772000,64,32142.695173
