arrival_rate,bp_parameter_L,bp_parameter_H,SRPT_L2_norm_flow_time
40,4.073000,262144,64843.543133
40,4.639000,32768,40324.999330
40,5.649000,4096,42750.003263
40,7.918000,512,22775.645918
40,16.772000,64,15301.479210
40,30.000000,6,13052.393995
40,30.000000,9,15405.963261
40,30.000000,12,14795.377217
