arrival_rate,bp_parameter_L,bp_parameter_H,SRPT_L2_norm_flow_time
40,4.073000,262144,395446.059687
40,4.639000,32768,185314.448179
40,5.649000,4096,104267.823733
40,7.918000,512,49412.876844
40,16.772000,64,25018.988729
40,30.000000,6,27853.078986
40,30.000000,9,27878.376172
40,30.000000,12,26827.414486
