arrival_rate,bp_parameter_L,bp_parameter_H,SRPT_L2_norm_flow_time
40,4.073000,262144,324852.451398
40,4.639000,32768,88918.092793
40,5.649000,4096,46690.873916
40,7.918000,512,26984.756697
40,16.772000,64,14414.442688
40,30.000000,6,12657.075097
40,30.000000,9,13312.163799
40,30.000000,12,16324.494418
