arrival_rate,bp_parameter_L,bp_parameter_H,SRPT_L2_norm_flow_time
40,4.073000,262144,433290.622684
40,4.639000,32768,145471.456702
40,5.649000,4096,35407.364234
40,7.918000,512,21181.121713
40,16.772000,64,14511.015884
40,30.000000,6,13788.839581
40,30.000000,9,14465.052852
40,30.000000,12,15060.255742
