arrival_rate,bp_parameter_L,bp_parameter_H,SRPT_L2_norm_flow_time
40,4.073000,262144,295924.957513
40,4.639000,32768,71255.226412
40,5.649000,4096,32994.999409
40,7.918000,512,32141.321908
40,16.772000,64,11843.201214
40,30.000000,6,12711.337892
40,30.000000,9,12125.322552
40,30.000000,12,13507.832728
