arrival_rate,bp_parameter_L,bp_parameter_H,SRPT_L2_norm_flow_time
40,4.073000,262144,719922.583953
40,4.639000,32768,242961.489101
40,5.649000,4096,84618.584885
40,7.918000,512,40861.540683
40,16.772000,64,26062.112904
40,30.000000,6,27307.006775
40,30.000000,9,26839.050095
40,30.000000,12,27294.785125
