arrival_rate,bp_parameter_L,bp_parameter_H,Dynamic_BAL_njobs100_mode1_L2_norm_flow_time,Dynamic_BAL_njobs100_mode2_L2_norm_flow_time,Dynamic_BAL_njobs100_mode3_L2_norm_flow_time,Dynamic_BAL_njobs100_mode4_L2_norm_flow_time,Dynamic_BAL_njobs100_mode5_L2_norm_flow_time,Dynamic_BAL_njobs100_mode6_L2_norm_flow_time
20,4.073000,262144,3766477.212789,3766477.212789,3766477.212789,3766477.212789,3766477.212789,3766477.212789
20,5.649000,4096,13298189.092821,13327993.938217,13327993.938217,13327993.938217,13327993.938217,13327993.938217
20,4.639000,32768,8446167.078766,7714770.358146,7714770.358146,7714770.358146,7714770.358146,7714770.358146
20,30.000000,6,49037000.346380,49037000.346380,49037000.346380,49037000.346380,49037000.346380,49037000.346380
20,7.918000,512,25123612.241380,25096276.610441,25096276.610441,25096276.610441,25096276.610441,25096276.610441
20,30.000000,12,48472506.548969,48474274.466836,48474274.466836,48474274.466836,48474274.466836,48452793.149138
20,30.000000,9,49671555.460526,49671555.460526,49671555.460526,49671555.460526,49671555.460526,49671555.460526
20,16.772000,64,48661814.347121,48703780.884267,48703780.884267,48703780.884267,48703780.884267,48678011.339216
