arrival_rate,bp_parameter_L,bp_parameter_H,Dynamic_BAL_njobs100_mode1_L2_norm_flow_time,Dynamic_BAL_njobs100_mode2_L2_norm_flow_time,Dynamic_BAL_njobs100_mode3_L2_norm_flow_time,Dynamic_BAL_njobs100_mode4_L2_norm_flow_time,Dynamic_BAL_njobs100_mode5_L2_norm_flow_time,Dynamic_BAL_njobs100_mode6_L2_norm_flow_time
20,4.073000,262144,545864.726220,545864.726220,545864.726220,545864.726220,545864.726220,545864.726220
20,4.639000,32768,1002390.720056,1002390.720056,1002390.720056,1002390.720056,1002390.720056,1002390.720056
20,5.649000,4096,1974674.655993,1974674.655993,1974674.655993,1974674.655993,1974674.655993,1974674.655993
20,7.918000,512,3098755.772135,3098755.772135,3098755.772135,3098755.772135,3098755.772135,3098755.772135
20,30.000000,12,6074886.737163,6074886.737163,6074886.737163,6074886.737163,6074886.737163,6064261.187717
20,16.772000,64,5742172.782384,5748853.957011,5748853.957011,5748853.957011,5748853.957011,5738629.426274
20,30.000000,9,6188554.312578,6188554.312578,6188554.312578,6188554.312578,6188554.312578,6188554.312578
20,30.000000,6,6016211.147753,6016211.147753,6016211.147753,6016211.147753,6016211.147753,6016211.147753
