arrival_rate,bp_parameter_L,bp_parameter_H,Dynamic_BAL_njobs100_mode1_L2_norm_flow_time,Dynamic_BAL_njobs100_mode2_L2_norm_flow_time,Dynamic_BAL_njobs100_mode3_L2_norm_flow_time,Dynamic_BAL_njobs100_mode4_L2_norm_flow_time,Dynamic_BAL_njobs100_mode5_L2_norm_flow_time,Dynamic_BAL_njobs100_mode6_L2_norm_flow_time
20,5.649000,4096,1603833.227521,1604934.996022,1604934.996022,1604934.996022,1604934.996022,1604934.996022
20,4.639000,32768,861509.094572,861509.094572,861509.094572,861509.094572,861509.094572,861509.094572
20,4.073000,262144,878665.059693,561951.670192,561951.670192,561951.670192,561951.670192,561951.670192
20,7.918000,512,2908481.523729,2908481.523729,2908481.523729,2908481.523729,2908481.523729,2908481.523729
20,30.000000,9,6079559.153812,6079559.153812,6079559.153812,6079559.153812,6079559.153812,6079559.153812
20,16.772000,64,6146272.598300,6175092.569957,6175092.569957,6175092.569957,6175092.569957,6160825.185459
20,30.000000,12,6062403.511511,6062403.511511,6062403.511511,6062403.511511,6062403.511511,6049125.544470
20,30.000000,6,6164208.743121,6164208.743121,6164208.743121,6164208.743121,6164208.743121,6164208.743121
