arrival_rate,bp_parameter_L,bp_parameter_H,Dynamic_BAL_njobs100_mode1_L2_norm_flow_time,Dynamic_BAL_njobs100_mode2_L2_norm_flow_time,Dynamic_BAL_njobs100_mode3_L2_norm_flow_time,Dynamic_BAL_njobs100_mode4_L2_norm_flow_time,Dynamic_BAL_njobs100_mode5_L2_norm_flow_time,Dynamic_BAL_njobs100_mode6_L2_norm_flow_time
20,4.073000,262144,4240843.638047,4240843.638047,4240843.638047,4240843.638047,4240843.638047,4240843.638047
20,5.649000,4096,12953055.063549,12965039.923342,12953055.063549,12953055.063549,12953055.063549,12953055.063549
20,4.639000,32768,8214284.294511,8278508.794750,8278508.794750,8278508.794750,8278508.794750,8278508.794750
20,7.918000,512,24660407.529658,24645524.851631,24645524.851631,24645524.851631,24645524.851631,24645524.851631
20,30.000000,12,48401719.745947,48700454.722519,48700454.722519,48700454.722519,48700454.722519,48679833.084345
20,16.772000,64,47958217.894453,48000315.585654,48000315.585654,48000315.585654,48000315.585654,47976401.380091
20,30.000000,6,48984935.298322,48984935.298322,48984935.298322,48984935.298322,48984935.298322,48984935.298322
20,30.000000,9,48094125.399308,48094125.399308,48094125.399308,48094125.399308,48094125.399308,48094125.399308
