arrival_rate,bp_parameter_L,bp_parameter_H,Dynamic_BAL_njobs100_mode1_L2_norm_flow_time,Dynamic_BAL_njobs100_mode2_L2_norm_flow_time,Dynamic_BAL_njobs100_mode3_L2_norm_flow_time,Dynamic_BAL_njobs100_mode4_L2_norm_flow_time,Dynamic_BAL_njobs100_mode5_L2_norm_flow_time,Dynamic_BAL_njobs100_mode6_L2_norm_flow_time
20,4.073000,262144,5217438.303493,5162914.524776,5166462.612626,5166462.612626,5166462.612626,5162914.524776
20,5.649000,4096,13251669.328547,13249357.249685,13263200.573386,13263200.573386,13263200.573386,13263200.573386
20,4.639000,32768,7808860.689706,7871829.274892,7871829.274892,7871829.274892,7871829.274892,7871829.274892
20,7.918000,512,25939661.256879,25806898.842183,25806898.842183,25806898.842183,25806898.842183,25806898.842183
20,16.772000,64,47751393.505008,47838166.264953,47838166.264953,47838166.264953,47838166.264953,47813039.261122
20,30.000000,6,47944168.066778,47944168.066778,47944168.066778,47944168.066778,47944168.066778,47944168.066778
20,30.000000,12,48477059.263750,48477059.263750,48477059.263750,48477059.263750,48477059.263750,48454627.308545
20,30.000000,9,47902074.754329,47902074.754329,47902074.754329,47902074.754329,47902074.754329,47902074.754329
