arrival_rate,bp_parameter_L,bp_parameter_H,Dynamic_BAL_njobs100_mode1_L2_norm_flow_time,Dynamic_BAL_njobs100_mode2_L2_norm_flow_time,Dynamic_BAL_njobs100_mode3_L2_norm_flow_time,Dynamic_BAL_njobs100_mode4_L2_norm_flow_time,Dynamic_BAL_njobs100_mode5_L2_norm_flow_time,Dynamic_BAL_njobs100_mode6_L2_norm_flow_time
20,5.649000,4096,1665282.090810,1665282.090810,1665282.090810,1665282.090810,1665282.090810,1665282.090810
20,4.073000,262144,566506.177259,566506.177259,566506.177259,566506.177259,566506.177259,566506.177259
20,4.639000,32768,877848.505377,877848.505377,877848.505377,877848.505377,877848.505377,877848.505377
20,7.918000,512,3172919.213442,3172919.213442,3172919.213442,3172919.213442,3172919.213442,3172919.213442
20,30.000000,6,6048177.739161,6048177.739161,6048177.739161,6048177.739161,6048177.739161,6048177.739161
20,16.772000,64,6332162.632122,6332162.632122,6332162.632122,6332162.632122,6332162.632122,6319065.886536
20,30.000000,12,6035033.781923,6035033.781923,6035033.781923,6035033.781923,6035033.781923,6024076.770884
20,30.000000,9,6310715.787073,6310715.787073,6310715.787073,6310715.787073,6310715.787073,6310715.787073
