arrival_rate,bp_parameter_L,bp_parameter_H,Dynamic_BAL_njobs100_mode1_L2_norm_flow_time,Dynamic_BAL_njobs100_mode2_L2_norm_flow_time,Dynamic_BAL_njobs100_mode3_L2_norm_flow_time,Dynamic_BAL_njobs100_mode4_L2_norm_flow_time,Dynamic_BAL_njobs100_mode5_L2_norm_flow_time,Dynamic_BAL_njobs100_mode6_L2_norm_flow_time,Dynamic_BAL_njobs100_mode7_L2_norm_flow_time
20,4.639000,32768,6628417.038511,6649486.241313,6649486.241313,6649486.241313,6649486.241313,6649486.241313,6649486.241313
20,4.073000,262144,5078227.230830,5067551.871927,5067551.871927,5067551.871927,5067551.871927,5067551.871927,5067551.871927
20,5.649000,4096,12325805.915679,12352956.576442,12352956.576442,12352956.576442,12352956.576442,12352956.576442,12352956.576442
20,7.918000,512,29679880.907899,29665751.721228,29659323.406890,29659323.406890,29659323.406890,29659323.406890,29659323.406890
20,16.772000,64,48581195.024945,48586389.269706,48586389.269706,48586389.269706,48586389.269706,47299599.518793,47318757.708192
