arrival_rate,bp_parameter_L,bp_parameter_H,Dynamic_BAL_njobs100_mode1_L2_norm_flow_time,Dynamic_BAL_njobs100_mode2_L2_norm_flow_time,Dynamic_BAL_njobs100_mode3_L2_norm_flow_time,Dynamic_BAL_njobs100_mode4_L2_norm_flow_time,Dynamic_BAL_njobs100_mode5_L2_norm_flow_time,Dynamic_BAL_njobs100_mode6_L2_norm_flow_time,Dynamic_BAL_njobs100_mode7_L2_norm_flow_time
20,4.073000,262144,4669896.593227,4669896.593227,4669896.593227,4669896.593227,4669896.593227,4669896.593227,4669896.593227
20,5.649000,4096,13157020.345193,13111548.512464,13111548.512464,13111548.512464,13111548.512464,13111548.512464,13111548.512464
20,4.639000,32768,8598259.287461,8601411.885324,8598259.287461,8598259.287461,8598259.287461,8598259.287461,8598259.287461
20,7.918000,512,31368449.305854,31391263.243628,31368449.305854,31368449.305854,31368449.305854,31368449.305854,31368449.305854
20,16.772000,64,47416745.311613,47426802.106376,47426802.106376,47426802.106376,47426802.106376,46146929.325601,46169433.261764
