arrival_rate,bp_parameter_L,bp_parameter_H,Dynamic_BAL_njobs100_mode1_L2_norm_flow_time,Dynamic_BAL_njobs100_mode2_L2_norm_flow_time,Dynamic_BAL_njobs100_mode3_L2_norm_flow_time,Dynamic_BAL_njobs100_mode4_L2_norm_flow_time,Dynamic_BAL_njobs100_mode5_L2_norm_flow_time,Dynamic_BAL_njobs100_mode6_L2_norm_flow_time
22,5.649000,4096,1376861.497599,1376861.497599,1376861.497599,1376861.497599,1376861.497599,1376861.497599
22,4.639000,32768,989390.874520,971095.243731,971095.243731,971095.243731,971095.243731,971095.243731
22,4.073000,262144,1115894.756616,347232.240355,347232.240355,347232.240355,347232.240355,347232.240355
22,7.918000,512,2685178.583733,2685543.719078,2685543.719078,2685543.719078,2685543.719078,2685543.719078
22,30.000000,12,5066274.979328,5066274.979328,5066274.979328,5066274.979328,5066274.979328,5059229.739522
22,30.000000,9,4968676.851210,4968676.851210,4968676.851210,4968676.851210,4968676.851210,4968676.851210
22,16.772000,64,4839216.721506,4845801.284416,4845801.284416,4845801.284416,4845801.284416,4835929.953078
22,30.000000,6,5093766.602454,5093766.602454,5093766.602454,5093766.602454,5093766.602454,5093766.602454
