arrival_rate,bp_parameter_L,bp_parameter_H,Dynamic_BAL_njobs100_mode1_L2_norm_flow_time,Dynamic_BAL_njobs100_mode2_L2_norm_flow_time,Dynamic_BAL_njobs100_mode3_L2_norm_flow_time,Dynamic_BAL_njobs100_mode4_L2_norm_flow_time,Dynamic_BAL_njobs100_mode5_L2_norm_flow_time,Dynamic_BAL_njobs100_mode6_L2_norm_flow_time
22,4.073000,262144,426081.489231,426081.489231,426081.489231,426081.489231,426081.489231,426081.489231
22,7.918000,512,2466075.656042,2466075.656042,2466075.656042,2466075.656042,2466075.656042,2466075.656042
22,5.649000,4096,1491626.915319,1491626.915319,1491626.915319,1491626.915319,1491626.915319,1491626.915319
22,4.639000,32768,604706.345796,604706.345796,604706.345796,604706.345796,604706.345796,604706.345796
22,30.000000,6,4807440.150007,4807440.150007,4807440.150007,4807440.150007,4807440.150007,4807440.150007
22,16.772000,64,4734488.269011,4734488.269011,4734488.269011,4734488.269011,4734488.269011,4725072.575807
22,30.000000,12,4772970.943472,4772970.943472,4772970.943472,4772970.943472,4772970.943472,4772970.943472
22,30.000000,9,5168327.376269,5168327.376269,5168327.376269,5168327.376269,5168327.376269,5168327.376269
