arrival_rate,bp_parameter_L,bp_parameter_H,Dynamic_BAL_njobs100_mode1_L2_norm_flow_time,Dynamic_BAL_njobs100_mode2_L2_norm_flow_time,Dynamic_BAL_njobs100_mode3_L2_norm_flow_time,Dynamic_BAL_njobs100_mode4_L2_norm_flow_time,Dynamic_BAL_njobs100_mode5_L2_norm_flow_time,Dynamic_BAL_njobs100_mode6_L2_norm_flow_time
22,4.639000,32768,297171.972364,297171.972364,297171.972364,297171.972364,297171.972364,297171.972364
22,4.073000,262144,539688.752191,515623.204780,515623.204780,515623.204780,515623.204780,515623.204780
22,5.649000,4096,1444947.894783,1444947.894783,1444947.894783,1444947.894783,1444947.894783,1444947.894783
22,7.918000,512,2773861.455890,2421969.848318,2405185.564545,2405185.564545,2405185.564545,2405185.564545
22,30.000000,9,4731734.873166,4731734.873166,4731734.873166,4731734.873166,4731734.873166,4731734.873166
22,30.000000,6,4883951.774204,4883951.774204,4883951.774204,4883951.774204,4883951.774204,4883951.774204
22,16.772000,64,5161018.536486,5161018.536486,5161018.536486,5161018.536486,5161018.536486,5145647.741784
22,30.000000,12,4981419.901572,4981419.901572,4981419.901572,4981419.901572,4981419.901572,4979255.980487
