arrival_rate,bp_parameter_L,bp_parameter_H,Dynamic_BAL_njobs100_mode1_L2_norm_flow_time,Dynamic_BAL_njobs100_mode2_L2_norm_flow_time,Dynamic_BAL_njobs100_mode3_L2_norm_flow_time,Dynamic_BAL_njobs100_mode4_L2_norm_flow_time,Dynamic_BAL_njobs100_mode5_L2_norm_flow_time,Dynamic_BAL_njobs100_mode6_L2_norm_flow_time
22,4.639000,32768,863058.887115,770986.092449,770986.092449,770986.092449,770986.092449,770986.092449
22,5.649000,4096,1463655.632327,1463655.632327,1463655.632327,1463655.632327,1463655.632327,1463655.632327
22,4.073000,262144,1366973.401228,410748.509649,410748.509649,410748.509649,410748.509649,410748.509649
22,7.918000,512,2381782.567720,2386199.270067,2386199.270067,2386199.270067,2386199.270067,2386199.270067
22,16.772000,64,4751802.580967,4757145.237781,4757145.237781,4757145.237781,4757145.237781,4746906.840499
22,30.000000,12,4923341.191426,4923341.191426,4923341.191426,4923341.191426,4923341.191426,4923341.191426
22,30.000000,9,4881641.185266,4881641.185266,4881641.185266,4881641.185266,4881641.185266,4881641.185266
22,30.000000,6,4882036.650354,4882036.650354,4882036.650354,4882036.650354,4882036.650354,4882036.650354
