arrival_rate,bp_parameter_L,bp_parameter_H,Dynamic_BAL_njobs100_mode1_L2_norm_flow_time,Dynamic_BAL_njobs100_mode2_L2_norm_flow_time,Dynamic_BAL_njobs100_mode3_L2_norm_flow_time,Dynamic_BAL_njobs100_mode4_L2_norm_flow_time,Dynamic_BAL_njobs100_mode5_L2_norm_flow_time,Dynamic_BAL_njobs100_mode6_L2_norm_flow_time
22,4.073000,262144,2503075.904602,2503075.904602,2503075.904602,2503075.904602,2503075.904602,2503075.904602
22,4.639000,32768,6124717.962756,6084496.669689,6084496.669689,6084496.669689,6084496.669689,6084496.669689
22,5.649000,4096,10656536.458852,10632529.846049,10615151.359878,10632529.846049,10632529.846049,10632529.846049
22,7.918000,512,20695144.987834,20625332.349529,20610852.102714,20610852.102714,20610852.102714,20610852.102714
22,30.000000,9,39065675.315306,39065675.315306,39065675.315306,39065675.315306,39065675.315306,39065675.315306
22,30.000000,12,39040448.389267,39040448.389267,39040448.389267,39040448.389267,39040448.389267,39027628.252876
22,30.000000,6,38844572.711903,38844572.711903,38844572.711903,38844572.711903,38844572.711903,38844572.711903
22,16.772000,64,39237214.173161,39237214.173161,39237214.173161,39237214.173161,39237214.173161,39219697.789341
