arrival_rate,bp_parameter_L,bp_parameter_H,Dynamic_BAL_njobs100_mode1_L2_norm_flow_time,Dynamic_BAL_njobs100_mode2_L2_norm_flow_time,Dynamic_BAL_njobs100_mode3_L2_norm_flow_time,Dynamic_BAL_njobs100_mode4_L2_norm_flow_time,Dynamic_BAL_njobs100_mode5_L2_norm_flow_time,Dynamic_BAL_njobs100_mode6_L2_norm_flow_time
22,4.639000,32768,626739.580305,628534.857495,628534.857495,628534.857495,628534.857495,628534.857495
22,4.073000,262144,376063.750005,376063.750005,376063.750005,376063.750005,376063.750005,376063.750005
22,7.918000,512,2549225.550210,2536236.585723,2536236.585723,2536236.585723,2536236.585723,2536236.585723
22,5.649000,4096,1590497.682071,1565746.549895,1544137.975510,1544137.975510,1544137.975510,1544137.975510
22,16.772000,64,4908519.205053,4908519.205053,4908519.205053,4908519.205053,4908519.205053,4898466.719526
22,30.000000,12,4977441.912533,4977441.912533,4977441.912533,4977441.912533,4977441.912533,4971417.418723
22,30.000000,9,4803323.437473,4803323.437473,4803323.437473,4803323.437473,4803323.437473,4803323.437473
22,30.000000,6,5138060.596213,5138060.596213,5138060.596213,5138060.596213,5138060.596213,5138060.596213
