arrival_rate,bp_parameter_L,bp_parameter_H,Dynamic_BAL_njobs100_mode1_L2_norm_flow_time,Dynamic_BAL_njobs100_mode2_L2_norm_flow_time,Dynamic_BAL_njobs100_mode3_L2_norm_flow_time,Dynamic_BAL_njobs100_mode4_L2_norm_flow_time,Dynamic_BAL_njobs100_mode5_L2_norm_flow_time,Dynamic_BAL_njobs100_mode6_L2_norm_flow_time
22,4.073000,262144,424280.904125,424280.904125,424280.904125,424280.904125,424280.904125,424280.904125
22,5.649000,4096,1295739.008184,1295739.008184,1295739.008184,1295739.008184,1295739.008184,1295739.008184
22,7.918000,512,2470544.348674,2468290.963582,2468290.963582,2470544.348674,2470544.348674,2468290.963582
22,4.639000,32768,1006815.699245,1006815.699245,1006815.699245,1006815.699245,1006815.699245,1006815.699245
22,30.000000,12,5045893.015030,5045893.015030,5045893.015030,5045893.015030,5045893.015030,5041605.183104
22,30.000000,9,4863666.610645,4863666.610645,4863666.610645,4863666.610645,4863666.610645,4863666.610645
22,30.000000,6,4877220.104601,4877220.104601,4877220.104601,4877220.104601,4877220.104601,4877220.104601
22,16.772000,64,4837838.075453,4837838.075453,4837838.075453,4837838.075453,4837838.075453,4825231.124720
