arrival_rate,bp_parameter_L,bp_parameter_H,Dynamic_BAL_njobs100_mode1_L2_norm_flow_time,Dynamic_BAL_njobs100_mode2_L2_norm_flow_time,Dynamic_BAL_njobs100_mode3_L2_norm_flow_time,Dynamic_BAL_njobs100_mode4_L2_norm_flow_time,Dynamic_BAL_njobs100_mode5_L2_norm_flow_time,Dynamic_BAL_njobs100_mode6_L2_norm_flow_time
22,4.639000,32768,5734884.752257,5734884.752257,5734884.752257,5734884.752257,5734884.752257,5734884.752257
22,7.918000,512,19022240.584818,19026199.690400,19018936.795139,19026199.690400,19026199.690400,19026199.690400
22,4.073000,262144,3049359.275496,3041350.584250,3041350.584250,3041350.584250,3041350.584250,3041350.584250
22,5.649000,4096,11433346.951411,11440100.806883,11378932.150463,11378932.150463,11378932.150463,11378932.150463
22,30.000000,9,39496843.669655,39496843.669655,39496843.669655,39496843.669655,39496843.669655,39496843.669655
22,30.000000,12,38637523.238040,38637523.238040,38637523.238040,38637523.238040,38637523.238040,38624630.443638
22,16.772000,64,40286277.584425,40288540.062370,40288540.062370,40288540.062370,40288540.062370,40268561.112355
22,30.000000,6,38499575.290678,38499575.290678,38499575.290678,38499575.290678,38499575.290678,38499575.290678
