arrival_rate,bp_parameter_L,bp_parameter_H,Dynamic_BAL_njobs100_mode1_L2_norm_flow_time,Dynamic_BAL_njobs100_mode2_L2_norm_flow_time,Dynamic_BAL_njobs100_mode3_L2_norm_flow_time,Dynamic_BAL_njobs100_mode4_L2_norm_flow_time,Dynamic_BAL_njobs100_mode5_L2_norm_flow_time,Dynamic_BAL_njobs100_mode6_L2_norm_flow_time,Dynamic_BAL_njobs100_mode7_L2_norm_flow_time
22,4.073000,262144,2921400.338946,2921400.338946,2921400.338946,2921400.338946,2921400.338946,2921400.338946,2921400.338946
22,4.639000,32768,6607061.683561,6607061.683561,6607061.683561,6607061.683561,6607061.683561,6607061.683561,6607061.683561
22,5.649000,4096,10095790.648994,10091104.307415,10028452.327818,10028452.327818,10028452.327818,10028452.327818,10028452.327818
22,7.918000,512,25715353.027266,25705089.003610,25705089.003610,25705089.003610,25705089.003610,25705089.003610,25705089.003610
22,16.772000,64,38622250.112242,38626040.973434,38626040.973434,38626040.973434,38626040.973434,37473420.166879,37514801.607118
