arrival_rate,bp_parameter_L,bp_parameter_H,Dynamic_BAL_njobs100_mode1_L2_norm_flow_time,Dynamic_BAL_njobs100_mode2_L2_norm_flow_time,Dynamic_BAL_njobs100_mode3_L2_norm_flow_time,Dynamic_BAL_njobs100_mode4_L2_norm_flow_time,Dynamic_BAL_njobs100_mode5_L2_norm_flow_time,Dynamic_BAL_njobs100_mode6_L2_norm_flow_time
22,5.649000,4096,1346808.882480,1330269.169339,1346808.882480,1346808.882480,1346808.882480,1346808.882480
22,4.073000,262144,714851.452357,714851.452357,714851.452357,714851.452357,714851.452357,714851.452357
22,7.918000,512,2616434.458583,2619893.224549,2616434.458583,2616434.458583,2616434.458583,2616434.458583
22,4.639000,32768,1030557.222140,1030557.222140,1030557.222140,1030557.222140,1030557.222140,1030557.222140
22,16.772000,64,4723703.334936,4724475.874207,4724475.874207,4724475.874207,4724475.874207,4715386.427581
22,30.000000,12,4893936.034709,4893936.034709,4893936.034709,4893936.034709,4893936.034709,4890176.450364
22,30.000000,9,4946092.811096,4946092.811096,4946092.811096,4946092.811096,4946092.811096,4946092.811096
22,30.000000,6,5074786.883826,5074786.883826,5074786.883826,5074786.883826,5074786.883826,5074786.883826
