arrival_rate,bp_parameter_L,bp_parameter_H,Dynamic_BAL_njobs100_mode1_L2_norm_flow_time,Dynamic_BAL_njobs100_mode2_L2_norm_flow_time,Dynamic_BAL_njobs100_mode3_L2_norm_flow_time,Dynamic_BAL_njobs100_mode4_L2_norm_flow_time,Dynamic_BAL_njobs100_mode5_L2_norm_flow_time,Dynamic_BAL_njobs100_mode6_L2_norm_flow_time
24,4.639000,32768,542894.733734,542894.733734,542894.733734,542894.733734,542894.733734,542894.733734
24,7.918000,512,1963336.618217,1963336.618217,1963336.618217,1963336.618217,1963336.618217,1963336.618217
24,5.649000,4096,1076050.633133,1066753.348756,1066753.348756,1066753.348756,1076050.633133,1066753.348756
24,4.073000,262144,601812.089664,601812.089664,601812.089664,601812.089664,601812.089664,601812.089664
24,30.000000,12,3469096.143314,3469096.143314,3469096.143314,3469096.143314,3469096.143314,3469096.143314
24,30.000000,9,3521115.588202,3521115.588202,3521115.588202,3521115.588202,3521115.588202,3521115.588202
24,16.772000,64,3875542.865298,3875542.865298,3875542.865298,3875542.865298,3875542.865298,3872893.025063
24,30.000000,6,3606498.806422,3606498.806422,3606498.806422,3606498.806422,3606498.806422,3606498.806422
