arrival_rate,bp_parameter_L,bp_parameter_H,Dynamic_BAL_njobs100_mode1_L2_norm_flow_time,Dynamic_BAL_njobs100_mode2_L2_norm_flow_time,Dynamic_BAL_njobs100_mode3_L2_norm_flow_time,Dynamic_BAL_njobs100_mode4_L2_norm_flow_time,Dynamic_BAL_njobs100_mode5_L2_norm_flow_time,Dynamic_BAL_njobs100_mode6_L2_norm_flow_time,Dynamic_BAL_njobs100_mode7_L2_norm_flow_time
24,4.073000,262144,2121053.980890,2121053.980890,2121053.980890,2121053.980890,2121053.980890,2121053.980890,2121053.980890
24,5.649000,4096,8875096.383090,8875096.383090,8875096.383090,8875096.383090,8875096.383090,8875096.383090,8875096.383090
24,4.639000,32768,4257992.417308,4230817.938042,4230817.938042,4230817.938042,4230817.938042,4230817.938042,4230817.938042
24,7.918000,512,16634046.825270,16634046.825270,16634046.825270,16634046.825270,16634046.825270,16634046.825270,16634046.825270
24,16.772000,64,29698020.153652,29698660.073167,29698660.073167,29698660.073167,29698660.073167,28702247.566691,28770058.139390
