arrival_rate,bp_parameter_L,bp_parameter_H,Dynamic_BAL_njobs100_mode1_L2_norm_flow_time,Dynamic_BAL_njobs100_mode2_L2_norm_flow_time,Dynamic_BAL_njobs100_mode3_L2_norm_flow_time,Dynamic_BAL_njobs100_mode4_L2_norm_flow_time,Dynamic_BAL_njobs100_mode5_L2_norm_flow_time,Dynamic_BAL_njobs100_mode6_L2_norm_flow_time,Dynamic_BAL_njobs100_mode7_L2_norm_flow_time
24,4.073000,262144,2143849.822978,2143849.822978,2143849.822978,2143849.822978,2143849.822978,2143849.822978,2143849.822978
24,4.639000,32768,3449804.883992,3524728.713090,3524728.713090,3524728.713090,3524728.713090,3524728.713090,3524728.713090
24,5.649000,4096,7743868.897116,7771145.147834,7771145.147834,7771145.147834,7771145.147834,7771145.147834,7771145.147834
24,7.918000,512,17892454.558729,17886119.332245,17886119.332245,17886119.332245,17886119.332245,17886119.332245,17886119.332245
24,16.772000,64,30147521.398940,30147521.398940,30147521.398940,30147521.398940,30147521.398940,29129606.211969,29199847.332468
