arrival_rate,bp_parameter_L,bp_parameter_H,Dynamic_BAL_njobs100_mode1_L2_norm_flow_time,Dynamic_BAL_njobs100_mode2_L2_norm_flow_time,Dynamic_BAL_njobs100_mode3_L2_norm_flow_time,Dynamic_BAL_njobs100_mode4_L2_norm_flow_time,Dynamic_BAL_njobs100_mode5_L2_norm_flow_time,Dynamic_BAL_njobs100_mode6_L2_norm_flow_time
24,4.639000,32768,480238.279246,470531.714855,470531.714855,470531.714855,470531.714855,470531.714855
24,5.649000,4096,872823.107906,872823.107906,872823.107906,872823.107906,872823.107906,872823.107906
24,7.918000,512,2176458.553472,2165673.458247,2176458.553472,2176458.553472,2176458.553472,2176458.553472
24,4.073000,262144,489324.042041,489324.042041,489324.042041,489324.042041,489324.042041,489324.042041
24,30.000000,9,3796940.586583,3796940.586583,3796940.586583,3796940.586583,3796940.586583,3796940.586583
24,16.772000,64,3746873.514180,3746873.514180,3746873.514180,3746873.514180,3746873.514180,3746873.514180
24,30.000000,12,3844631.599002,3844631.599002,3844631.599002,3844631.599002,3844631.599002,3844631.599002
24,30.000000,6,3725357.162846,3725357.162846,3725357.162846,3725357.162846,3725357.162846,3725357.162846
