arrival_rate,bp_parameter_L,bp_parameter_H,Dynamic_BAL_njobs100_mode1_L2_norm_flow_time,Dynamic_BAL_njobs100_mode2_L2_norm_flow_time,Dynamic_BAL_njobs100_mode3_L2_norm_flow_time,Dynamic_BAL_njobs100_mode4_L2_norm_flow_time,Dynamic_BAL_njobs100_mode5_L2_norm_flow_time,Dynamic_BAL_njobs100_mode6_L2_norm_flow_time
24,4.639000,32768,444453.891094,444453.891094,444453.891094,444453.891094,444453.891094,444453.891094
24,5.649000,4096,1077722.426107,1077722.426107,1077722.426107,1077722.426107,1077722.426107,1077722.426107
24,4.073000,262144,449514.330725,311381.480259,311381.480259,311381.480259,319167.553620,311381.480259
24,7.918000,512,1931057.093816,1931057.093816,1931057.093816,1931057.093816,1931057.093816,1931057.093816
24,16.772000,64,3708424.813048,3708424.813048,3708424.813048,3708424.813048,3708424.813048,3708424.813048
24,30.000000,6,3571415.435763,3571415.435763,3571415.435763,3571415.435763,3571415.435763,3571415.435763
24,30.000000,9,3392245.545101,3392245.545101,3392245.545101,3392245.545101,3392245.545101,3392245.545101
24,30.000000,12,3773590.030598,3773590.030598,3773590.030598,3773590.030598,3773590.030598,3773590.030598
