arrival_rate,bp_parameter_L,bp_parameter_H,Dynamic_BAL_njobs100_mode1_L2_norm_flow_time,Dynamic_BAL_njobs100_mode2_L2_norm_flow_time,Dynamic_BAL_njobs100_mode3_L2_norm_flow_time,Dynamic_BAL_njobs100_mode4_L2_norm_flow_time,Dynamic_BAL_njobs100_mode5_L2_norm_flow_time,Dynamic_BAL_njobs100_mode6_L2_norm_flow_time
24,4.639000,32768,423992.875294,423992.875294,423992.875294,423992.875294,423992.875294,423992.875294
24,5.649000,4096,961902.549256,961902.549256,961902.549256,961902.549256,961902.549256,961902.549256
24,4.073000,262144,296334.899585,296334.899585,296334.899585,296334.899585,296334.899585,296334.899585
24,7.918000,512,1944381.398159,1956825.170132,1956825.170132,1956825.170132,1956825.170132,1956825.170132
24,16.772000,64,3753939.346620,3758112.504232,3758112.504232,3758112.504232,3758112.504232,3752092.052026
24,30.000000,12,3827190.239168,3827190.239168,3827190.239168,3827190.239168,3827190.239168,3827190.239168
24,30.000000,9,3764319.599966,3764319.599966,3764319.599966,3764319.599966,3764319.599966,3764319.599966
24,30.000000,6,4076141.366295,4076141.366295,4076141.366295,4076141.366295,4076141.366295,4076141.366295
