arrival_rate,bp_parameter_L,bp_parameter_H,Dynamic_BAL_njobs100_mode1_L2_norm_flow_time,Dynamic_BAL_njobs100_mode2_L2_norm_flow_time,Dynamic_BAL_njobs100_mode3_L2_norm_flow_time,Dynamic_BAL_njobs100_mode4_L2_norm_flow_time,Dynamic_BAL_njobs100_mode5_L2_norm_flow_time,Dynamic_BAL_njobs100_mode6_L2_norm_flow_time
24,5.649000,4096,748245.204410,779134.453768,779134.453768,779134.453768,779134.453768,779134.453768
24,4.639000,32768,756936.408283,620659.226524,620659.226524,620659.226524,620659.226524,620659.226524
24,7.918000,512,2143935.722349,2155429.107464,2155429.107464,2155429.107464,2155429.107464,2155429.107464
24,4.073000,262144,2903750.764401,502986.499682,502986.499682,502986.499682,502986.499682,502986.499682
24,16.772000,64,3786663.780027,3786663.780027,3786663.780027,3786663.780027,3786663.780027,3786663.780027
24,30.000000,12,3346576.912257,3346576.912257,3346576.912257,3346576.912257,3346576.912257,3346576.912257
24,30.000000,9,3790397.233288,3790397.233288,3790397.233288,3790397.233288,3790397.233288,3790397.233288
24,30.000000,6,3338942.417653,3338942.417653,3338942.417653,3338942.417653,3338942.417653,3338942.417653
