arrival_rate,bp_parameter_L,bp_parameter_H,Dynamic_BAL_njobs100_mode1_L2_norm_flow_time,Dynamic_BAL_njobs100_mode2_L2_norm_flow_time,Dynamic_BAL_njobs100_mode3_L2_norm_flow_time,Dynamic_BAL_njobs100_mode4_L2_norm_flow_time,Dynamic_BAL_njobs100_mode5_L2_norm_flow_time,Dynamic_BAL_njobs100_mode6_L2_norm_flow_time,Dynamic_BAL_njobs100_mode7_L2_norm_flow_time
24,4.639000,32768,4295818.639020,4151170.294892,4151170.294892,4151170.294892,4151170.294892,4151170.294892,4151170.294892
24,5.649000,4096,8878112.549008,8866528.410606,8893152.085355,8893152.085355,8893152.085355,8866528.410606,8866528.410606
24,4.073000,262144,2882479.373231,2882479.373231,2882479.373231,2882479.373231,2882479.373231,2882479.373231,2882479.373231
24,7.918000,512,16686979.614214,16697648.944843,16706799.582703,16706799.582703,16706799.582703,16706799.582703,16706799.582703
24,16.772000,64,29907214.510290,29910980.041927,29910980.041927,29910980.041927,29910980.041927,28906639.060218,28956216.665273
