arrival_rate,bp_parameter_L,bp_parameter_H,Dynamic_BAL_njobs100_mode1_L2_norm_flow_time,Dynamic_BAL_njobs100_mode2_L2_norm_flow_time,Dynamic_BAL_njobs100_mode3_L2_norm_flow_time,Dynamic_BAL_njobs100_mode4_L2_norm_flow_time,Dynamic_BAL_njobs100_mode5_L2_norm_flow_time,Dynamic_BAL_njobs100_mode6_L2_norm_flow_time
26,7.918000,512,1635937.297017,1695541.508178,1695541.508178,1695541.508178,1695541.508178,1695541.508178
26,5.649000,4096,950979.376766,916850.062683,916850.062683,916850.062683,916850.062683,916850.062683
26,4.639000,32768,667576.015135,667576.015135,667576.015135,667576.015135,667576.015135,667576.015135
26,4.073000,262144,347552.560992,347552.560992,347552.560992,347552.560992,347552.560992,347552.560992
26,30.000000,12,2543282.745042,2546536.518088,2546536.518088,2546536.518088,2546536.518088,2546536.518088
26,30.000000,9,2685457.694271,2685457.694271,2685457.694271,2685457.694271,2685457.694271,2685457.694271
26,30.000000,6,2604541.280433,2604541.280433,2604541.280433,2604541.280433,2604541.280433,2604541.280433
26,16.772000,64,2749452.124814,2749452.124814,2749452.124814,2749452.124814,2749452.124814,2749452.124814
