arrival_rate,bp_parameter_L,bp_parameter_H,Dynamic_BAL_njobs100_mode1_L2_norm_flow_time,Dynamic_BAL_njobs100_mode2_L2_norm_flow_time,Dynamic_BAL_njobs100_mode3_L2_norm_flow_time,Dynamic_BAL_njobs100_mode4_L2_norm_flow_time,Dynamic_BAL_njobs100_mode5_L2_norm_flow_time,Dynamic_BAL_njobs100_mode6_L2_norm_flow_time,Dynamic_BAL_njobs100_mode7_L2_norm_flow_time
26,5.649000,4096,6109453.454878,5985928.470492,5985928.470492,5985928.470492,5985928.470492,5985928.470492,5985928.470492
26,4.073000,262144,2049047.645293,1671075.945115,1671075.945115,1671075.945115,1671075.945115,1671075.945115,1671075.945115
26,4.639000,32768,2966419.150609,2966419.150609,2966419.150609,2966419.150609,2966419.150609,2966419.150609,2966419.150609
26,7.918000,512,12162553.266760,12187133.875679,12187133.875679,12181637.031986,12181637.031986,12187133.875679,12187133.875679
26,16.772000,64,19779496.223819,19781138.174129,19781138.174129,19781138.174129,19781138.174129,18953945.115153,19153643.641626
