arrival_rate,bp_parameter_L,bp_parameter_H,Dynamic_BAL_njobs100_mode1_L2_norm_flow_time,Dynamic_BAL_njobs100_mode2_L2_norm_flow_time,Dynamic_BAL_njobs100_mode3_L2_norm_flow_time,Dynamic_BAL_njobs100_mode4_L2_norm_flow_time,Dynamic_BAL_njobs100_mode5_L2_norm_flow_time,Dynamic_BAL_njobs100_mode6_L2_norm_flow_time,Dynamic_BAL_njobs100_mode7_L2_norm_flow_time
26,4.639000,32768,2358154.687905,2358154.687905,2358154.687905,2358154.687905,2358154.687905,2358154.687905,2358154.687905
26,5.649000,4096,6233077.527157,6233077.527157,6233077.527157,6233077.527157,6233077.527157,6233077.527157,6233077.527157
26,7.918000,512,12460282.614294,12485968.691861,12485968.691861,12480294.038008,12480294.038008,12485968.691861,12485968.691861
26,16.772000,64,19845678.734158,19848564.197031,19848564.197031,19848564.197031,19848564.197031,19026799.671995,19163747.779491
26,4.073000,262144,21138815.587257,2106340.377326,2106340.377326,2106340.377326,2106340.377326,2106340.377326,2106340.377326
