arrival_rate,bp_parameter_L,bp_parameter_H,Dynamic_BAL_njobs100_mode1_L2_norm_flow_time,Dynamic_BAL_njobs100_mode2_L2_norm_flow_time,Dynamic_BAL_njobs100_mode3_L2_norm_flow_time,Dynamic_BAL_njobs100_mode4_L2_norm_flow_time,Dynamic_BAL_njobs100_mode5_L2_norm_flow_time,Dynamic_BAL_njobs100_mode6_L2_norm_flow_time,Dynamic_BAL_njobs100_mode7_L2_norm_flow_time
26,4.639000,32768,1796937.579439,1806013.909206,1806013.909206,1806013.909206,1806013.909206,1806013.909206,1806013.909206
26,5.649000,4096,5285511.876423,5285511.876423,5285511.876423,5285511.876423,5285511.876423,5285511.876423,5285511.876423
26,4.073000,262144,1988814.295786,1988814.295786,1988814.295786,1988814.295786,1988814.295786,1988814.295786,1988814.295786
26,7.918000,512,10605915.858007,10644529.671317,10644529.671317,10644529.671317,10644529.671317,10644529.671317,10644529.671317
26,16.772000,64,22285640.882492,22285640.882492,22285640.882492,22285640.882492,22285640.882492,21408688.530635,21552589.894559
