arrival_rate,bp_parameter_L,bp_parameter_H,Dynamic_BAL_njobs100_mode1_L2_norm_flow_time,Dynamic_BAL_njobs100_mode2_L2_norm_flow_time,Dynamic_BAL_njobs100_mode3_L2_norm_flow_time,Dynamic_BAL_njobs100_mode4_L2_norm_flow_time,Dynamic_BAL_njobs100_mode5_L2_norm_flow_time,Dynamic_BAL_njobs100_mode6_L2_norm_flow_time
28,5.649000,4096,449753.648243,449753.648243,449753.648243,449753.648243,449753.648243,449753.648243
28,4.639000,32768,154274.047882,154274.047882,154274.047882,154274.047882,154274.047882,154274.047882
28,4.073000,262144,197404.715714,197404.715714,197404.715714,197404.715714,197404.715714,197404.715714
28,7.918000,512,960329.418377,913152.818801,877015.570810,877224.245520,871980.142312,970992.194901
28,16.772000,64,1349642.573954,1351814.628907,1351814.628907,1351814.628907,1351814.628907,1351814.628907
28,30.000000,9,1538169.281525,1538169.281525,1538169.281525,1538169.281525,1538169.281525,1538169.281525
28,30.000000,12,1428960.124592,1428960.124592,1428960.124592,1428960.124592,1428960.124592,1428960.124592
28,30.000000,6,1454835.943029,1454835.943029,1454835.943029,1454835.943029,1454835.943029,1454835.943029
