arrival_rate,bp_parameter_L,bp_parameter_H,Dynamic_BAL_njobs100_mode1_L2_norm_flow_time,Dynamic_BAL_njobs100_mode2_L2_norm_flow_time,Dynamic_BAL_njobs100_mode3_L2_norm_flow_time,Dynamic_BAL_njobs100_mode4_L2_norm_flow_time,Dynamic_BAL_njobs100_mode5_L2_norm_flow_time,Dynamic_BAL_njobs100_mode6_L2_norm_flow_time,Dynamic_BAL_njobs100_mode7_L2_norm_flow_time
28,4.073000,262144,728670.357048,736530.280180,736530.280180,736530.280180,736530.280180,736530.280180,736530.280180
28,5.649000,4096,3163255.073734,3205021.805799,3205021.805799,3205021.805799,3205021.805799,3205021.805799,3205021.805799
28,7.918000,512,8589539.513215,8601674.622236,8599492.837696,8628253.039965,8611308.692242,8636301.806515,8636301.806515
28,4.639000,32768,2773263.654794,2312150.079650,2312150.079650,2312150.079650,2312150.079650,2312150.079650,2312150.079650
28,16.772000,64,12260302.110260,12260302.110260,12260302.110260,12260302.110260,12260302.110260,11699232.929388,12260302.110260
