arrival_rate,bp_parameter_L,bp_parameter_H,Dynamic_BAL_njobs100_mode1_L2_norm_flow_time,Dynamic_BAL_njobs100_mode2_L2_norm_flow_time,Dynamic_BAL_njobs100_mode3_L2_norm_flow_time,Dynamic_BAL_njobs100_mode4_L2_norm_flow_time,Dynamic_BAL_njobs100_mode5_L2_norm_flow_time,Dynamic_BAL_njobs100_mode6_L2_norm_flow_time
28,4.639000,32768,166479.418292,166479.418292,166479.418292,166479.418292,166479.418292,166479.418292
28,5.649000,4096,526139.192582,558117.754958,558117.754958,558117.754958,558117.754958,558117.754958
28,16.772000,64,1122951.954526,1122951.954526,1122951.954526,1122951.954526,1122951.954526,1122951.954526
28,7.918000,512,1101572.613148,1101572.613148,1101572.613148,1101572.613148,1101572.613148,1101572.613148
28,4.073000,262144,255050.819250,255050.819250,255050.819250,255050.819250,255050.819250,255050.819250
28,30.000000,6,1515626.827098,1515626.827098,1515626.827098,1515626.827098,1515626.827098,1515626.827098
28,30.000000,9,1564218.774885,1564218.774885,1564218.774885,1564218.774885,1564218.774885,1564218.774885
28,30.000000,12,1619741.458463,1621848.875360,1621848.875360,1621848.875360,1621848.875360,1621848.875360
