arrival_rate,bp_parameter_L,bp_parameter_H,Dynamic_BAL_njobs100_mode1_L2_norm_flow_time,Dynamic_BAL_njobs100_mode2_L2_norm_flow_time,Dynamic_BAL_njobs100_mode3_L2_norm_flow_time,Dynamic_BAL_njobs100_mode4_L2_norm_flow_time,Dynamic_BAL_njobs100_mode5_L2_norm_flow_time,Dynamic_BAL_njobs100_mode6_L2_norm_flow_time
28,4.073000,262144,82495.821609,82495.821609,82495.821609,82495.821609,82495.821609,82495.821609
28,4.639000,32768,203140.766322,203140.766322,203140.766322,203140.766322,203140.766322,203140.766322
28,5.649000,4096,481530.518775,481530.518775,481530.518775,481530.518775,481530.518775,481530.518775
28,7.918000,512,1099259.757799,1147523.524793,1147523.524793,1147523.524793,1147523.524793,1147523.524793
28,30.000000,12,1399635.087575,1399635.087575,1399635.087575,1399635.087575,1399635.087575,1399635.087575
28,16.772000,64,1533693.736717,1533693.736717,1533693.736717,1533693.736717,1533693.736717,1533693.736717
28,30.000000,6,1353696.352965,1353696.352965,1353696.352965,1353696.352965,1353696.352965,1353696.352965
28,30.000000,9,1497294.063685,1497294.063685,1497294.063685,1497294.063685,1497294.063685,1497294.063685
