arrival_rate,bp_parameter_L,bp_parameter_H,Dynamic_BAL_njobs100_mode1_L2_norm_flow_time,Dynamic_BAL_njobs100_mode2_L2_norm_flow_time,Dynamic_BAL_njobs100_mode3_L2_norm_flow_time,Dynamic_BAL_njobs100_mode4_L2_norm_flow_time,Dynamic_BAL_njobs100_mode5_L2_norm_flow_time,Dynamic_BAL_njobs100_mode6_L2_norm_flow_time
30,4.639000,32768,116066.840984,116066.840984,116066.840984,116066.840984,116066.840984,116066.840984
30,30.000000,6,167969.837441,167969.837441,167969.837441,167969.837441,167969.837441,167969.837441
30,30.000000,12,207004.496806,206927.380716,206927.380716,206927.380716,207004.496806,206927.380716
30,16.772000,64,354324.060106,354324.060106,354324.060106,354324.060106,354324.060106,354324.060106
30,4.073000,262144,169064.642776,169064.642776,169064.642776,169064.642776,169064.642776,169064.642776
30,7.918000,512,1078598.454187,1078598.454187,1078598.454187,1078598.454187,1078598.454187,1078598.454187
30,5.649000,4096,385771.064708,416071.465836,416071.465836,416071.465836,416071.465836,416071.465836
30,30.000000,9,529592.180837,529592.180837,529592.180837,529592.180837,529592.180837,529592.180837
