arrival_rate,bp_parameter_L,bp_parameter_H,Dynamic_BAL_njobs100_mode1_L2_norm_flow_time,Dynamic_BAL_njobs100_mode2_L2_norm_flow_time,Dynamic_BAL_njobs100_mode3_L2_norm_flow_time,Dynamic_BAL_njobs100_mode4_L2_norm_flow_time,Dynamic_BAL_njobs100_mode5_L2_norm_flow_time,Dynamic_BAL_njobs100_mode6_L2_norm_flow_time
30,4.639000,32768,326058.529738,326058.529738,326058.529738,326058.529738,326058.529738,326058.529738
30,5.649000,4096,623182.491043,623182.491043,623182.491043,623182.491043,623182.491043,623182.491043
30,7.918000,512,3948790.309102,4111554.230669,4103543.071701,4103543.071701,4103543.071701,3610831.286291
30,30.000000,12,2558607.343512,2558724.739429,2558724.739429,2558724.739429,2558724.739429,2558724.739429
30,30.000000,6,2826114.833432,2826114.833432,2826114.833432,2826114.833432,2826114.833432,2826114.833432
30,16.772000,64,3088239.951058,3088239.951058,3088239.951058,3088239.951058,3088239.951058,3088239.951058
30,4.073000,262144,802945.307315,802944.749830,802944.749830,802944.749830,802944.749830,802944.749830
30,30.000000,9,2792052.191120,2792052.191120,2792052.191120,2792052.191120,2792052.191120,2792052.191120
