arrival_rate,bp_parameter_L,bp_parameter_H,Dynamic_BAL_njobs100_mode1_L2_norm_flow_time,Dynamic_BAL_njobs100_mode2_L2_norm_flow_time,Dynamic_BAL_njobs100_mode3_L2_norm_flow_time,Dynamic_BAL_njobs100_mode4_L2_norm_flow_time,Dynamic_BAL_njobs100_mode5_L2_norm_flow_time,Dynamic_BAL_njobs100_mode6_L2_norm_flow_time
30,5.649000,4096,1163843.324141,1201051.818095,1201051.818095,1201051.818095,1201051.818095,1201051.818095
30,7.918000,512,4308762.800579,4488204.552828,4549788.740066,4549788.740066,4549788.740066,4373206.783662
30,30.000000,12,3021872.031759,3023909.521462,3023909.521462,3023909.521462,3023909.521462,3023909.521462
30,16.772000,64,4146893.835664,4146893.835664,4146893.835664,4146893.835664,4146893.835664,4146893.835664
30,30.000000,9,1850688.458724,1850688.458724,1850688.458724,1850688.458724,1850688.458724,1850688.458724
30,4.073000,262144,753202.174753,753202.174753,753202.174753,753202.174753,753202.174753,753202.174753
30,4.639000,32768,1179449.061039,1060589.695824,1060589.695824,1060589.798734,1060589.798734,1060589.695824
30,30.000000,6,4211628.839982,4211628.839982,4211628.839982,4211628.839982,4211628.839982,4211628.839982
