arrival_rate,bp_parameter_L,bp_parameter_H,Dynamic_BAL_njobs100_mode1_L2_norm_flow_time,Dynamic_BAL_njobs100_mode2_L2_norm_flow_time,Dynamic_BAL_njobs100_mode3_L2_norm_flow_time,Dynamic_BAL_njobs100_mode4_L2_norm_flow_time,Dynamic_BAL_njobs100_mode5_L2_norm_flow_time,Dynamic_BAL_njobs100_mode6_L2_norm_flow_time,Dynamic_BAL_njobs100_mode7_L2_norm_flow_time
30,5.649000,4096,1154092.701740,1154092.701740,1154092.701740,1154092.701740,1154092.701740,1154092.701740,1154092.701740
30,7.918000,512,2177866.566791,2202409.294486,2278365.003762,2278365.003762,2278365.003762,1536791.637036,1517725.185194
30,4.073000,262144,795678.138594,522321.380946,522321.380946,522321.380946,522321.380946,522321.380946,522321.380946
30,4.639000,32768,974852.576824,967872.013132,967872.013132,967872.013132,967872.013132,967872.013132,967872.013132
30,16.772000,64,1477056.812837,1477002.460865,1477002.460865,1477002.460865,1477002.460865,1477002.460865,1477002.460865
