arrival_rate,bp_parameter_L,bp_parameter_H,Dynamic_BAL_njobs100_mode1_L2_norm_flow_time,Dynamic_BAL_njobs100_mode2_L2_norm_flow_time,Dynamic_BAL_njobs100_mode3_L2_norm_flow_time,Dynamic_BAL_njobs100_mode4_L2_norm_flow_time,Dynamic_BAL_njobs100_mode5_L2_norm_flow_time,Dynamic_BAL_njobs100_mode6_L2_norm_flow_time
32,7.918000,512,85798.365194,85664.745695,85664.745695,85664.745695,85664.745695,85664.745695
32,16.772000,64,51415.225663,51368.714662,51368.714662,51368.714662,51368.714662,51368.714662
32,4.073000,262144,149401.016017,149401.016017,149401.016017,149401.016017,149401.016017,149401.016017
32,30.000000,12,43997.749477,43764.893351,43764.893351,43764.893351,43764.893351,43764.893351
32,30.000000,6,31227.696265,31227.696265,31227.696265,31227.696265,31227.696265,31227.696265
32,30.000000,9,75882.044042,75882.044042,75882.044042,75882.044042,75882.044042,75882.044042
32,5.649000,4096,252521.646684,252521.646684,252521.646684,252521.646684,252521.646684,252521.646684
32,4.639000,32768,298959.887411,298959.887411,298959.887411,298959.887411,298959.887411,298959.887411
