arrival_rate,bp_parameter_L,bp_parameter_H,Dynamic_BAL_njobs100_mode1_L2_norm_flow_time,Dynamic_BAL_njobs100_mode2_L2_norm_flow_time,Dynamic_BAL_njobs100_mode3_L2_norm_flow_time,Dynamic_BAL_njobs100_mode4_L2_norm_flow_time,Dynamic_BAL_njobs100_mode5_L2_norm_flow_time,Dynamic_BAL_njobs100_mode6_L2_norm_flow_time
32,30.000000,9,42450.782231,42450.782231,42450.782231,42450.782231,42450.782231,42450.782231
32,4.639000,32768,62148.252839,62148.252839,62148.252839,62148.252839,62148.252839,62148.252839
32,7.918000,512,59729.488396,59459.129534,59459.129534,59459.129534,59266.259566,59459.129534
32,4.073000,262144,56932.177352,56929.217736,56929.217736,56929.217736,56929.217736,56929.217736
32,30.000000,6,60665.654105,60665.654105,60665.654105,60665.654105,60665.654105,60665.654105
32,16.772000,64,24865.901733,24846.309344,24770.101917,24789.754537,24789.754537,24770.101917
32,5.649000,4096,86278.366518,86278.366518,86278.366518,86278.366518,86278.366518,86278.366518
32,30.000000,12,46195.635432,46195.635432,46195.635432,46195.635432,46195.635432,46195.635432
