arrival_rate,bp_parameter_L,bp_parameter_H,Dynamic_BAL_njobs100_mode1_L2_norm_flow_time,Dynamic_BAL_njobs100_mode2_L2_norm_flow_time,Dynamic_BAL_njobs100_mode3_L2_norm_flow_time,Dynamic_BAL_njobs100_mode4_L2_norm_flow_time,Dynamic_BAL_njobs100_mode5_L2_norm_flow_time,Dynamic_BAL_njobs100_mode6_L2_norm_flow_time,Dynamic_BAL_njobs100_mode7_L2_norm_flow_time
32,7.918000,512,211509.938790,211560.859981,211483.493382,210136.769605,211483.493382,211483.493382,211483.493382
32,5.649000,4096,202116.488427,205350.847115,205350.847115,205350.847115,205350.847115,205350.847115,205350.847115
32,16.772000,64,151934.125354,151934.125354,151934.125354,151934.125354,151934.125354,151934.125354,151934.125354
32,4.639000,32768,562487.592854,547193.883812,547193.883812,547193.883812,547193.883812,547193.883812,547193.883812
32,4.073000,262144,793394.045658,793394.045658,793394.045658,793394.045658,793394.045658,793394.045658,793394.045658
