arrival_rate,bp_parameter_L,bp_parameter_H,Dynamic_BAL_njobs100_mode1_L2_norm_flow_time,Dynamic_BAL_njobs100_mode2_L2_norm_flow_time,Dynamic_BAL_njobs100_mode3_L2_norm_flow_time,Dynamic_BAL_njobs100_mode4_L2_norm_flow_time,Dynamic_BAL_njobs100_mode5_L2_norm_flow_time,Dynamic_BAL_njobs100_mode6_L2_norm_flow_time,Dynamic_BAL_njobs100_mode7_L2_norm_flow_time
32,7.918000,512,279562.250517,310904.228418,310871.398138,310871.398138,310871.398138,302481.686346,291510.276989
32,16.772000,64,120505.290817,120502.782063,120502.782063,120502.782063,120502.782063,120502.782063,120502.782063
32,5.649000,4096,212427.825254,212427.825254,212427.825254,212427.825254,212427.825254,212427.825254,212427.825254
32,4.073000,262144,154871.563242,154852.120951,154852.120951,154852.120951,154852.120951,154852.120951,154852.120951
32,4.639000,32768,299737.590689,299737.533739,299737.533739,299737.533739,299737.533739,299737.533739,299737.533739
