arrival_rate,bp_parameter_L,bp_parameter_H,Dynamic_BAL_njobs100_mode1_L2_norm_flow_time,Dynamic_BAL_njobs100_mode2_L2_norm_flow_time,Dynamic_BAL_njobs100_mode3_L2_norm_flow_time,Dynamic_BAL_njobs100_mode4_L2_norm_flow_time,Dynamic_BAL_njobs100_mode5_L2_norm_flow_time,Dynamic_BAL_njobs100_mode6_L2_norm_flow_time
32,7.918000,512,201046.910673,201128.773228,200988.640323,200988.640323,200988.640323,200988.640323
32,30.000000,6,107476.512820,107476.512820,107476.512820,107476.512820,107476.512820,107476.512820
32,30.000000,12,143655.444860,143650.403038,143650.403038,143650.403038,143650.403038,143650.403038
32,16.772000,64,145073.916246,145004.799086,145004.799086,145004.799086,145004.799086,145004.799086
32,30.000000,9,132919.973334,132919.973334,132919.973334,132919.973334,132919.973334,132919.973334
32,5.649000,4096,315462.871793,315448.585554,315448.585554,315448.585554,315448.585554,315448.585554
32,4.639000,32768,384666.309970,378352.206001,378352.206001,378352.206001,378352.206001,378352.206001
32,4.073000,262144,1187315.586395,353023.099632,353022.212991,353022.212991,353022.212991,353022.212991
