arrival_rate,bp_parameter_L,bp_parameter_H,Dynamic_BAL_njobs100_mode1_L2_norm_flow_time,Dynamic_BAL_njobs100_mode2_L2_norm_flow_time,Dynamic_BAL_njobs100_mode3_L2_norm_flow_time,Dynamic_BAL_njobs100_mode4_L2_norm_flow_time,Dynamic_BAL_njobs100_mode5_L2_norm_flow_time,Dynamic_BAL_njobs100_mode6_L2_norm_flow_time
34,30.000000,9,26470.613291,26470.613291,26470.613291,26470.613291,26470.613291,26470.613291
34,4.073000,262144,305462.978537,305462.311171,305462.311171,305462.978537,305462.978537,305462.311171
34,7.918000,512,44104.179643,44104.179643,44104.179643,44104.179643,44104.179643,44104.179643
34,16.772000,64,22371.096062,22327.334861,22327.334861,22327.334861,22327.334861,22327.334861
34,30.000000,6,19068.410815,19068.410815,19068.410815,19068.410815,19068.410815,19068.410815
34,30.000000,12,27587.877718,27587.877718,27587.877718,27587.877718,27587.877718,27587.877718
34,5.649000,4096,124689.518850,124689.518850,124689.518850,124689.518850,124689.518850,124689.518850
34,4.639000,32768,124967.415021,124967.415021,124967.415021,124967.415021,124967.415021,124967.415021
