arrival_rate,bp_parameter_L,bp_parameter_H,Dynamic_BAL_njobs100_mode1_L2_norm_flow_time,Dynamic_BAL_njobs100_mode2_L2_norm_flow_time,Dynamic_BAL_njobs100_mode3_L2_norm_flow_time,Dynamic_BAL_njobs100_mode4_L2_norm_flow_time,Dynamic_BAL_njobs100_mode5_L2_norm_flow_time,Dynamic_BAL_njobs100_mode6_L2_norm_flow_time
34,7.918000,512,75927.799665,75961.436124,75889.689886,75889.689886,75889.689886,75889.689886
34,30.000000,6,44305.821107,44305.821107,44305.821107,44305.821107,44305.821107,44305.821107
34,5.649000,4096,156966.458446,156966.458446,156966.458446,156966.458446,156966.458446,156966.458446
34,30.000000,9,42010.686997,42010.686997,42010.686997,42010.686997,42010.686997,42010.686997
34,4.639000,32768,334425.811870,334410.233505,334410.233505,334410.233505,334410.233505,334410.233505
34,16.772000,64,51498.665915,51387.583160,51387.583160,51387.583160,51387.583160,51387.583160
34,30.000000,12,58629.978219,58602.581428,58602.325781,58602.325781,58602.325781,58602.325781
34,4.073000,262144,401616.812739,401556.512644,401556.512644,401556.512644,401556.512644,401556.512644
