arrival_rate,bp_parameter_L,bp_parameter_H,Dynamic_BAL_njobs100_mode1_L2_norm_flow_time,Dynamic_BAL_njobs100_mode2_L2_norm_flow_time,Dynamic_BAL_njobs100_mode3_L2_norm_flow_time,Dynamic_BAL_njobs100_mode4_L2_norm_flow_time,Dynamic_BAL_njobs100_mode5_L2_norm_flow_time,Dynamic_BAL_njobs100_mode6_L2_norm_flow_time
34,30.000000,6,45421.449867,45421.449867,45421.449867,45421.449867,45421.449867,45421.449867
34,30.000000,9,48089.219894,48089.219894,48089.219894,48089.219894,48089.219894,48089.219894
34,16.772000,64,51643.837406,51560.307030,51560.307030,51560.307030,51560.307030,51560.307030
34,30.000000,12,48547.971008,48240.954665,48240.954665,48240.954665,48240.954665,48240.954665
34,7.918000,512,95543.955361,95471.788608,95471.788608,95842.920505,95471.788608,95471.788608
34,5.649000,4096,175628.738076,174940.309077,174940.309077,174940.309077,174940.309077,174940.309077
34,4.639000,32768,347850.631641,347808.352354,347808.352354,347808.352354,347808.352354,347808.352354
34,4.073000,262144,389828.435444,389828.423381,389828.423381,389828.423381,389828.423381,389828.423381
