arrival_rate,bp_parameter_L,bp_parameter_H,Dynamic_BAL_njobs100_mode1_L2_norm_flow_time,Dynamic_BAL_njobs100_mode2_L2_norm_flow_time,Dynamic_BAL_njobs100_mode3_L2_norm_flow_time,Dynamic_BAL_njobs100_mode4_L2_norm_flow_time,Dynamic_BAL_njobs100_mode5_L2_norm_flow_time,Dynamic_BAL_njobs100_mode6_L2_norm_flow_time
34,30.000000,12,46164.936662,46158.037090,46158.037090,46158.037090,46158.037090,46158.037090
34,30.000000,9,50799.863041,50799.863041,50799.863041,50799.863041,50799.863041,50799.863041
34,7.918000,512,90132.910593,90097.134938,90097.134938,90097.134938,90097.134938,90097.134938
34,16.772000,64,52174.660248,52122.049346,52122.049346,52122.049346,52122.049346,52122.049346
34,30.000000,6,46069.620011,46069.620011,46069.620011,46069.620011,46069.620011,46069.620011
34,5.649000,4096,184442.513871,184217.969856,184217.969856,184217.969856,184217.969856,184217.969856
34,4.639000,32768,426028.056265,426026.660821,426026.660821,426026.660821,426026.660821,426026.660821
34,4.073000,262144,560984.148783,542506.389186,542506.389186,542506.389186,542506.389186,542506.389186
