arrival_rate,bp_parameter_L,bp_parameter_H,Dynamic_BAL_njobs100_mode1_L2_norm_flow_time,Dynamic_BAL_njobs100_mode2_L2_norm_flow_time,Dynamic_BAL_njobs100_mode3_L2_norm_flow_time,Dynamic_BAL_njobs100_mode4_L2_norm_flow_time,Dynamic_BAL_njobs100_mode5_L2_norm_flow_time,Dynamic_BAL_njobs100_mode6_L2_norm_flow_time,Dynamic_BAL_njobs100_mode7_L2_norm_flow_time
34,16.772000,64,51184.957302,51064.915842,51004.747848,51004.747848,51004.747848,51004.747848,51004.747848
34,7.918000,512,137461.723505,137584.166549,137584.166549,137584.166549,137584.166549,137584.166549,137584.166549
34,5.649000,4096,134392.177477,134392.177477,134392.177477,134392.177477,134392.177477,134392.177477,134392.177477
34,4.073000,262144,345922.302704,345823.319494,345823.319494,345823.319494,345823.319494,345823.319494,345823.319494
34,4.639000,32768,471951.608011,471951.608011,471951.608011,471951.608011,471951.608011,471951.608011,471951.608011
