arrival_rate,bp_parameter_L,bp_parameter_H,Dynamic_BAL_njobs100_mode1_L2_norm_flow_time,Dynamic_BAL_njobs100_mode2_L2_norm_flow_time,Dynamic_BAL_njobs100_mode3_L2_norm_flow_time,Dynamic_BAL_njobs100_mode4_L2_norm_flow_time,Dynamic_BAL_njobs100_mode5_L2_norm_flow_time,Dynamic_BAL_njobs100_mode6_L2_norm_flow_time
34,30.000000,12,27942.533690,27942.533690,27942.533690,27942.533690,27942.533690,27942.533690
34,4.073000,262144,78337.025486,78337.025486,78337.025486,78337.025486,78337.025486,78337.025486
34,30.000000,9,25420.907163,25420.907163,25420.907163,25420.907163,25420.907163,25420.907163
34,30.000000,6,20980.361031,20980.361031,20980.361031,20980.361031,20980.361031,20980.361031
34,7.918000,512,37548.347980,37548.347980,37548.347980,37548.347980,37548.347980,37548.347980
34,16.772000,64,25210.384547,25159.317340,25159.317340,25159.317340,25159.317340,25159.317340
34,4.639000,32768,149095.181492,149095.181492,149095.181492,149095.181492,149095.181492,149095.181492
34,5.649000,4096,137193.007916,137193.007916,137193.007916,137193.007916,137193.007916,137193.007916
