arrival_rate,bp_parameter_L,bp_parameter_H,Dynamic_BAL_njobs100_mode1_L2_norm_flow_time,Dynamic_BAL_njobs100_mode2_L2_norm_flow_time,Dynamic_BAL_njobs100_mode3_L2_norm_flow_time,Dynamic_BAL_njobs100_mode4_L2_norm_flow_time,Dynamic_BAL_njobs100_mode5_L2_norm_flow_time,Dynamic_BAL_njobs100_mode6_L2_norm_flow_time,Dynamic_BAL_njobs100_mode7_L2_norm_flow_time
34,7.918000,512,104825.934606,104771.690523,104771.690523,104771.690523,104771.690523,104771.690523,104771.690523
34,16.772000,64,49665.293556,49615.060385,49615.060385,49615.060385,49615.060385,49615.060385,49615.060385
34,5.649000,4096,280695.255200,280695.255200,280695.255200,280695.255200,280695.255200,280695.255200,280695.255200
34,4.639000,32768,862834.455171,861810.908631,861810.908631,861810.908631,861810.908631,861810.908631,861810.908631
34,4.073000,262144,3202423.825225,862606.090580,862606.090580,862606.090580,862606.090580,862606.090580,862606.090580
