arrival_rate,bp_parameter_L,bp_parameter_H,Dynamic_BAL_njobs100_mode1_L2_norm_flow_time,Dynamic_BAL_njobs100_mode2_L2_norm_flow_time,Dynamic_BAL_njobs100_mode3_L2_norm_flow_time,Dynamic_BAL_njobs100_mode4_L2_norm_flow_time,Dynamic_BAL_njobs100_mode5_L2_norm_flow_time,Dynamic_BAL_njobs100_mode6_L2_norm_flow_time
36,16.772000,64,39315.652901,39090.175633,39090.175633,39090.175633,39108.563436,39090.175633
36,30.000000,9,30709.935363,30700.464508,30700.464508,30700.464508,30700.464508,30700.464508
36,30.000000,12,32089.781987,32074.778440,32074.778440,32074.778440,32074.778440,32074.778440
36,30.000000,6,32727.000840,32727.000840,32727.000840,32727.000840,32727.000840,32727.000840
36,7.918000,512,79413.891020,79341.427306,79341.427306,79341.427306,79341.427306,79341.427306
36,5.649000,4096,158102.471954,158040.337854,158040.337854,158040.337854,158040.337854,158040.337854
36,4.073000,262144,297187.513128,297187.513128,297187.513128,297187.513128,297187.513128,297187.513128
36,4.639000,32768,270150.302858,268496.680778,268496.680778,268496.680778,268742.782949,268496.680778
