arrival_rate,bp_parameter_L,bp_parameter_H,Dynamic_BAL_njobs100_mode1_L2_norm_flow_time,Dynamic_BAL_njobs100_mode2_L2_norm_flow_time,Dynamic_BAL_njobs100_mode3_L2_norm_flow_time,Dynamic_BAL_njobs100_mode4_L2_norm_flow_time,Dynamic_BAL_njobs100_mode5_L2_norm_flow_time,Dynamic_BAL_njobs100_mode6_L2_norm_flow_time
36,30.000000,6,32131.010379,32131.010379,32131.010379,32131.010379,32131.010379,32131.010379
36,30.000000,12,35422.072892,35002.257227,35002.257227,35002.257227,35002.257227,35002.257227
36,30.000000,9,35131.866717,35106.688636,35106.688636,35106.688636,35106.688636,35106.688636
36,7.918000,512,67272.212257,66864.718664,66856.738643,66856.738643,66856.738643,66856.738643
36,16.772000,64,34364.298421,33959.570271,33959.570271,33959.769007,33959.769007,33959.570271
36,5.649000,4096,191817.858394,191817.858394,191817.858394,191817.858394,191817.858394,191817.858394
36,4.639000,32768,353485.398963,353485.398963,353485.398963,353485.398963,353485.398963,353485.398963
36,4.073000,262144,1240620.448715,1240371.190403,1240371.190403,1240371.190403,1240371.190403,1240371.190403
