arrival_rate,bp_parameter_L,bp_parameter_H,Dynamic_BAL_njobs100_mode1_L2_norm_flow_time,Dynamic_BAL_njobs100_mode2_L2_norm_flow_time,Dynamic_BAL_njobs100_mode3_L2_norm_flow_time,Dynamic_BAL_njobs100_mode4_L2_norm_flow_time,Dynamic_BAL_njobs100_mode5_L2_norm_flow_time,Dynamic_BAL_njobs100_mode6_L2_norm_flow_time,Dynamic_BAL_njobs100_mode7_L2_norm_flow_time
36,5.649000,4096,120884.678185,119897.596694,119897.596694,119897.596694,119897.596694,119897.596694,119897.596694
36,7.918000,512,70088.180052,70041.821714,70041.821714,70041.821714,70046.174985,70041.821714,70041.821714
36,16.772000,64,31459.830244,31168.782732,31159.545680,31159.545680,31159.545680,31159.545680,31159.545680
36,4.639000,32768,297368.876482,291308.443051,291308.443051,291308.443051,291308.443051,291308.443051,291308.443051
36,4.073000,262144,1471900.634706,669800.825359,669800.825359,669800.825359,669800.825359,669800.825359,669800.825359
