arrival_rate,bp_parameter_L,bp_parameter_H,Dynamic_BAL_njobs100_mode1_L2_norm_flow_time,Dynamic_BAL_njobs100_mode2_L2_norm_flow_time,Dynamic_BAL_njobs100_mode3_L2_norm_flow_time,Dynamic_BAL_njobs100_mode4_L2_norm_flow_time,Dynamic_BAL_njobs100_mode5_L2_norm_flow_time,Dynamic_BAL_njobs100_mode6_L2_norm_flow_time
36,5.649000,4096,65203.749371,65203.749371,65203.749371,65203.749371,65203.749371,65203.749371
36,7.918000,512,45305.233108,45305.233108,45305.233108,45305.233108,45305.233108,45305.233108
36,30.000000,12,16318.891200,16315.984647,16315.984647,16315.984647,16315.984647,16315.984647
36,4.073000,262144,81184.166190,81184.166190,81184.166190,81184.166190,81184.166190,81184.166190
36,30.000000,6,16422.558083,16422.558083,16422.558083,16422.558083,16422.558083,16422.558083
36,16.772000,64,19523.169568,19519.711909,19519.711909,19519.711909,19519.711909,19519.711909
36,4.639000,32768,169046.862523,169046.862523,169046.862523,169046.862523,169046.862523,169046.862523
36,30.000000,9,15150.746054,15150.746054,15150.746054,15150.746054,15150.746054,15150.746054
