arrival_rate,bp_parameter_L,bp_parameter_H,Dynamic_BAL_njobs100_mode1_L2_norm_flow_time,Dynamic_BAL_njobs100_mode2_L2_norm_flow_time,Dynamic_BAL_njobs100_mode3_L2_norm_flow_time,Dynamic_BAL_njobs100_mode4_L2_norm_flow_time,Dynamic_BAL_njobs100_mode5_L2_norm_flow_time,Dynamic_BAL_njobs100_mode6_L2_norm_flow_time,Dynamic_BAL_njobs100_mode7_L2_norm_flow_time
38,16.772000,64,27605.490179,27300.657794,27300.657794,27300.657794,27300.657794,27300.657794,27300.657794
38,7.918000,512,46532.103703,46532.163812,46518.838399,46518.838399,46518.838399,46518.838399,46518.838399
38,5.649000,4096,101946.470861,101727.731824,101727.731824,101727.731824,101727.731824,101727.731824,101727.731824
38,4.639000,32768,235280.980058,234354.956688,234354.956688,234354.956688,234354.956688,234354.956688,234354.956688
38,4.073000,262144,276952.637290,276946.748459,276946.748459,276946.748459,276952.637290,276946.748459,276946.748459
