arrival_rate,bp_parameter_L,bp_parameter_H,Dynamic_BAL_njobs100_mode1_L2_norm_flow_time,Dynamic_BAL_njobs100_mode2_L2_norm_flow_time,Dynamic_BAL_njobs100_mode3_L2_norm_flow_time,Dynamic_BAL_njobs100_mode4_L2_norm_flow_time,Dynamic_BAL_njobs100_mode5_L2_norm_flow_time,Dynamic_BAL_njobs100_mode6_L2_norm_flow_time
38,16.772000,64,14469.102045,14452.405890,14452.405890,14452.405890,14452.405890,14452.405890
38,30.000000,12,12927.756998,12924.550824,12856.224679,12856.224679,12856.224679,12856.224679
38,30.000000,6,12616.890306,12616.890306,12616.890306,12616.890306,12616.890306,12616.890306
38,5.649000,4096,72737.873127,72733.529703,72733.529703,72733.529703,72733.529703,72733.529703
38,30.000000,9,12984.559946,12984.559946,12984.559946,12984.559946,12984.559946,12984.559946
38,7.918000,512,21056.956380,20619.220136,20619.220136,20619.220136,20619.220136,20619.220136
38,4.073000,262144,177864.850963,177864.850963,177864.850963,177864.850963,177864.850963,177864.850963
38,4.639000,32768,221149.236883,221149.236883,221149.236883,221149.236883,221149.236883,221149.236883
