arrival_rate,bp_parameter_L,bp_parameter_H,Dynamic_BAL_njobs100_mode1_L2_norm_flow_time,Dynamic_BAL_njobs100_mode2_L2_norm_flow_time,Dynamic_BAL_njobs100_mode3_L2_norm_flow_time,Dynamic_BAL_njobs100_mode4_L2_norm_flow_time,Dynamic_BAL_njobs100_mode5_L2_norm_flow_time,Dynamic_BAL_njobs100_mode6_L2_norm_flow_time
38,30.000000,6,13153.231770,13153.231770,13153.231770,13153.231770,13153.231770,13153.231770
38,5.649000,4096,86569.668389,86569.668389,86569.668389,86569.668389,86569.668389,86569.668389
38,4.073000,262144,118076.768032,118076.379899,118076.379899,118076.379899,118076.379899,118076.379899
38,30.000000,12,14353.259874,14353.259874,14353.259874,14353.259874,14353.259874,14353.259874
38,7.918000,512,26135.749674,26135.749674,26135.749674,26135.749674,26135.749674,26135.749674
38,16.772000,64,13945.358332,13987.196931,13921.260144,13921.260144,13920.926514,13921.260144
38,30.000000,9,11165.923876,11165.923876,11165.923876,11165.923876,11165.923876,11165.923876
38,4.639000,32768,75169.246750,75167.280661,75167.280661,75167.280661,75167.280661,75167.280661
