arrival_rate,bp_parameter_L,bp_parameter_H,Dynamic_BAL_njobs100_mode1_L2_norm_flow_time,Dynamic_BAL_njobs100_mode2_L2_norm_flow_time,Dynamic_BAL_njobs100_mode3_L2_norm_flow_time,Dynamic_BAL_njobs100_mode4_L2_norm_flow_time,Dynamic_BAL_njobs100_mode5_L2_norm_flow_time,Dynamic_BAL_njobs100_mode6_L2_norm_flow_time
38,30.000000,12,27786.399767,27754.893406,27744.209936,27744.209936,27744.728616,27744.209936
38,16.772000,64,27907.384722,27832.308259,27831.551214,27831.551214,27831.551214,27831.551214
38,30.000000,6,23332.565204,23332.565204,23332.565204,23332.565204,23332.565204,23332.565204
38,30.000000,9,26755.487138,26755.487138,26755.487138,26755.487138,26755.487138,26755.487138
38,7.918000,512,51765.348458,51720.672695,51720.672695,51720.672695,51722.088357,51720.672695
38,5.649000,4096,135040.898035,135040.898035,135040.898035,135040.898035,135040.898035,135040.898035
38,4.639000,32768,418897.998818,418897.821394,418897.821394,418897.821394,418897.821394,418897.821394
38,4.073000,262144,569856.220650,569801.050712,569801.050712,569801.050712,569801.050712,569801.050712
