arrival_rate,bp_parameter_L,bp_parameter_H,Dynamic_BAL_njobs100_mode1_L2_norm_flow_time,Dynamic_BAL_njobs100_mode2_L2_norm_flow_time,Dynamic_BAL_njobs100_mode3_L2_norm_flow_time,Dynamic_BAL_njobs100_mode4_L2_norm_flow_time,Dynamic_BAL_njobs100_mode5_L2_norm_flow_time,Dynamic_BAL_njobs100_mode6_L2_norm_flow_time,Dynamic_BAL_njobs100_mode7_L2_norm_flow_time
40,7.918000,512,42500.921072,42448.068778,42448.068778,42448.068778,42448.068778,42448.068778,42448.068778
40,5.649000,4096,92005.064828,91625.986587,91625.986587,91625.986587,91625.986587,91625.986587,91625.986587
40,16.772000,64,22317.942289,22175.071048,22175.071048,22175.071048,22175.071048,22175.071048,22175.071048
40,4.639000,32768,125302.080557,125054.811347,125054.811347,125054.811347,125054.811347,125054.811347,125054.811347
40,4.073000,262144,93506.562422,93501.573703,93501.573703,93501.573703,93501.573703,93501.573703,93501.573703
