arrival_rate,bp_parameter_L,bp_parameter_H,Dynamic_BAL_njobs100_mode1_L2_norm_flow_time,Dynamic_BAL_njobs100_mode2_L2_norm_flow_time,Dynamic_BAL_njobs100_mode3_L2_norm_flow_time,Dynamic_BAL_njobs100_mode4_L2_norm_flow_time,Dynamic_BAL_njobs100_mode5_L2_norm_flow_time,Dynamic_BAL_njobs100_mode6_L2_norm_flow_time
40,7.918000,512,43352.441154,43332.758394,43303.965500,43303.965500,43318.789884,43303.965500
40,16.772000,64,23025.163604,22760.517964,22760.517964,22760.517964,22765.306960,22760.517964
40,30.000000,6,20729.999831,20729.999831,20729.999831,20729.999831,20729.999831,20729.999831
40,30.000000,12,23503.654758,23248.019722,23245.488078,23192.407120,23192.407120,23192.407120
40,30.000000,9,20581.034595,20554.661393,20506.141348,20523.293644,20523.293644,20497.514240
40,5.649000,4096,121544.920211,117536.819236,117536.819236,117536.819236,117536.819236,117536.819236
40,4.639000,32768,219770.551983,219770.061212,219770.061212,219770.061212,219770.061212,219770.061212
40,4.073000,262144,330226.311296,308686.351224,308686.351224,308686.351224,308686.351224,308686.351224
