arrival_rate,bp_parameter_L,bp_parameter_H,Dynamic_BAL_njobs100_mode1_L2_norm_flow_time,Dynamic_BAL_njobs100_mode2_L2_norm_flow_time,Dynamic_BAL_njobs100_mode3_L2_norm_flow_time,Dynamic_BAL_njobs100_mode4_L2_norm_flow_time,Dynamic_BAL_njobs100_mode5_L2_norm_flow_time,Dynamic_BAL_njobs100_mode6_L2_norm_flow_time,Dynamic_BAL_njobs100_mode7_L2_norm_flow_time
40,16.772000,64,22492.943760,22181.657648,22040.279354,22040.279354,22040.822920,22040.279354,22040.279354
40,7.918000,512,39365.581769,39365.581769,39365.581769,39365.581769,39365.581769,39365.581769,39365.581769
40,5.649000,4096,86233.114225,86200.493595,86200.493595,86200.493595,86200.493595,86200.493595,86200.493595
40,4.639000,32768,190105.972891,188500.548851,188500.548851,188500.548851,188500.548851,188500.548851,188500.548851
40,4.073000,262144,918414.298747,174664.210839,174664.061109,174664.061109,174664.061109,174664.061109,174664.061109
