arrival_rate,bp_parameter_L,bp_parameter_H,Dynamic_BAL_njobs100_mode1_L2_norm_flow_time,Dynamic_BAL_njobs100_mode2_L2_norm_flow_time,Dynamic_BAL_njobs100_mode3_L2_norm_flow_time,Dynamic_BAL_njobs100_mode4_L2_norm_flow_time,Dynamic_BAL_njobs100_mode5_L2_norm_flow_time,Dynamic_BAL_njobs100_mode6_L2_norm_flow_time
40,16.772000,64,22695.348114,22560.954878,22531.368844,22531.368844,22531.368844,22531.368844
40,30.000000,9,21029.150125,21016.747512,21016.747512,21016.747512,21016.747512,21016.747512
40,5.649000,4096,130635.471201,130570.927009,130570.927009,130570.927009,130570.927009,130570.927009
40,30.000000,6,20589.028559,20589.028559,20589.028559,20589.028559,20589.028559,20589.028559
40,7.918000,512,41738.708006,41300.978330,41300.978330,41300.978330,41300.978330,41300.978330
40,30.000000,12,22971.556543,22846.404903,22725.907837,22725.907837,22725.907837,22725.907837
40,4.639000,32768,209201.446615,209189.739536,209189.739536,209189.739536,209189.739536,209189.739536
40,4.073000,262144,242777.394129,242733.767257,242733.767257,242733.767257,242733.767257,242733.767257
