arrival_rate,bp_parameter_L,bp_parameter_H,SETF_L2_norm_flow_time
20,8.500000,262144,105807222.288649
20,9.800000,32768,137339299.712669
20,12.400000,4096,174583018.688933
20,18.900000,512,229845046.176591
20,56.300000,64,284343568.906290
20,60.000000,12,280209979.568636
20,60.000000,18,275207479.239581
20,60.000000,24,266532316.857730
20,100.000000,50,14373878.485290
20,500.000000,200,73935722.054588
20,2000.000000,800,295082314.806774
