arrival_rate,bp_parameter_L,bp_parameter_H,SETF_L2_norm_flow_time
20,8.500000,262144,101137349.731162
20,9.800000,32768,139175245.566497
20,12.400000,4096,172165536.079078
20,18.900000,512,229982154.779708
20,56.300000,64,284236086.657565
20,60.000000,12,280430922.488823
20,60.000000,18,274453460.796782
20,60.000000,24,268892469.502463
20,100.000000,50,14543985.201736
20,500.000000,200,73521073.968164
20,2000.000000,800,291171152.772803
