arrival_rate,bp_parameter_L,bp_parameter_H,SETF_L2_norm_flow_time
20,8.500000,262144,13010522.565682
20,9.800000,32768,14841723.537566
20,12.400000,4096,21687078.731937
20,18.900000,512,28840877.715303
20,56.300000,64,35574296.593337
20,60.000000,12,34961219.424870
20,60.000000,18,34221848.698757
20,60.000000,24,33297929.163142
