arrival_rate,bp_parameter_L,bp_parameter_H,SETF_L2_norm_flow_time
20,8.500000,262144,12323882.382381
20,9.800000,32768,16809132.186910
20,12.400000,4096,21441294.617359
20,18.900000,512,28770533.317994
20,56.300000,64,35371227.690537
20,60.000000,12,35225934.353208
20,60.000000,18,34476043.953663
20,60.000000,24,33219733.318167
