arrival_rate,bp_parameter_L,bp_parameter_H,SETF_L2_norm_flow_time
20,8.500000,262144,11919569.769599
20,9.800000,32768,16354465.101114
20,12.400000,4096,22471361.844014
20,18.900000,512,28986043.248641
20,56.300000,64,35665169.577044
20,60.000000,12,35301550.159110
20,60.000000,18,34300142.417264
20,60.000000,24,33513484.360047
