arrival_rate,bp_parameter_L,bp_parameter_H,SETF_L2_norm_flow_time
20,8.500000,262144,13752762.104724
20,9.800000,32768,14961735.028589
20,12.400000,4096,21745547.869003
20,18.900000,512,28010415.370414
20,56.300000,64,35474567.203986
20,60.000000,12,35152740.941466
20,60.000000,18,34372717.917715
20,60.000000,24,33153573.466072
