arrival_rate,bp_parameter_L,bp_parameter_H,SETF_L2_norm_flow_time
22,8.500000,262144,11203256.445305
22,9.800000,32768,14259688.216675
22,12.400000,4096,20792168.326343
22,18.900000,512,27773477.779070
22,56.300000,64,35013566.982693
22,60.000000,12,34846315.287662
22,60.000000,18,33828677.788353
22,60.000000,24,33400867.788708
