arrival_rate,bp_parameter_L,bp_parameter_H,SETF_L2_norm_flow_time
22,8.500000,262144,12081580.729306
22,9.800000,32768,15606144.671579
22,12.400000,4096,20489485.739890
22,18.900000,512,28011667.796943
22,56.300000,64,35138889.092482
22,60.000000,12,34539927.756318
22,60.000000,18,33985160.085513
22,60.000000,24,33229442.924009
