arrival_rate,bp_parameter_L,bp_parameter_H,SETF_L2_norm_flow_time
22,8.500000,262144,9591605.109099
22,9.800000,32768,14091510.833938
22,12.400000,4096,21403908.123818
22,18.900000,512,27284605.400085
22,56.300000,64,35095471.761611
22,60.000000,12,34480180.342515
22,60.000000,18,33926245.594117
22,60.000000,24,32702254.849083
