arrival_rate,bp_parameter_L,bp_parameter_H,SETF_L2_norm_flow_time
22,8.500000,262144,88517365.971843
22,9.800000,32768,114689309.020465
22,12.400000,4096,159339510.371177
22,18.900000,512,217858164.072196
22,56.300000,64,280867515.006556
22,60.000000,12,277216674.169868
22,60.000000,18,271574155.951159
22,60.000000,24,262771706.300853
22,100.000000,50,14171959.697013
22,500.000000,200,73235307.541334
22,2000.000000,800,294794176.249539
