arrival_rate,bp_parameter_L,bp_parameter_H,SETF_L2_norm_flow_time
22,8.500000,262144,99909385.588967
22,9.800000,32768,126509115.034525
22,12.400000,4096,161399065.972039
22,18.900000,512,218872231.144659
22,56.300000,64,280780145.690679
