arrival_rate,bp_parameter_L,bp_parameter_H,SETF_L2_norm_flow_time
22,8.500000,262144,99899761.984681
22,9.800000,32768,117071484.027438
22,12.400000,4096,156174609.720184
22,18.900000,512,221203013.068621
22,56.300000,64,280333999.224409
22,60.000000,12,277082799.454915
22,60.000000,18,270999193.711687
22,60.000000,24,262254913.513615
22,100.000000,50,14428359.389732
22,500.000000,200,73936320.736425
22,2000.000000,800,289144331.255039
