arrival_rate,bp_parameter_L,bp_parameter_H,SETF_L2_norm_flow_time
22,8.500000,262144,92493173.872716
22,9.800000,32768,119768993.967423
22,12.400000,4096,161183457.500074
22,18.900000,512,221420457.672411
22,56.300000,64,280274119.059343
