arrival_rate,bp_parameter_L,bp_parameter_H,SETF_L2_norm_flow_time
22,8.500000,262144,94630605.978892
22,9.800000,32768,118938052.985541
22,12.400000,4096,156325468.617833
22,18.900000,512,220708954.071806
22,56.300000,64,280425250.668789
22,60.000000,12,277267242.401065
22,60.000000,18,270227656.985247
22,60.000000,24,263502309.171915
22,100.000000,50,14156339.146296
22,500.000000,200,74019361.621675
22,2000.000000,800,292343641.265468
