arrival_rate,bp_parameter_L,bp_parameter_H,SETF_L2_norm_flow_time
22,8.500000,262144,112110527.498350
22,9.800000,32768,116419594.814757
22,12.400000,4096,160266393.311041
22,18.900000,512,215137593.823148
22,56.300000,64,280607655.105429
