arrival_rate,bp_parameter_L,bp_parameter_H,SETF_L2_norm_flow_time
22,8.500000,262144,13451239.088214
22,9.800000,32768,13961043.143606
22,12.400000,4096,19240003.185648
22,18.900000,512,27936092.120348
22,56.300000,64,35134873.399753
22,60.000000,12,34587468.311608
22,60.000000,18,33652691.628606
22,60.000000,24,33009446.780101
