arrival_rate,bp_parameter_L,bp_parameter_H,SETF_L2_norm_flow_time
24,8.500000,262144,8790295.737637
24,9.800000,32768,12768277.071515
24,12.400000,4096,18712491.419542
24,18.900000,512,26216244.790652
24,56.300000,64,34591153.015090
24,60.000000,12,34334591.099810
24,60.000000,18,33447119.137938
24,60.000000,24,32372141.290304
