arrival_rate,bp_parameter_L,bp_parameter_H,SETF_L2_norm_flow_time
24,8.500000,262144,8956497.046019
24,9.800000,32768,17003496.277944
24,12.400000,4096,18781957.458619
24,18.900000,512,26237894.206864
24,56.300000,64,34682602.851314
24,60.000000,12,33824895.044012
24,60.000000,18,33686120.271800
24,60.000000,24,32325659.603447
