arrival_rate,bp_parameter_L,bp_parameter_H,SETF_L2_norm_flow_time
24,8.500000,262144,12460451.522013
24,9.800000,32768,12625094.262810
24,12.400000,4096,18244863.769882
24,18.900000,512,26696371.718872
24,56.300000,64,34800368.430162
24,60.000000,12,34094770.092332
24,60.000000,18,33354695.046685
24,60.000000,24,32436434.794205
