arrival_rate,bp_parameter_L,bp_parameter_H,SETF_L2_norm_flow_time
24,8.500000,262144,76150581.696218
24,9.800000,32768,114292060.717284
24,12.400000,4096,151107995.726893
24,18.900000,512,210379409.436284
24,56.300000,64,277650846.679439
