arrival_rate,bp_parameter_L,bp_parameter_H,SETF_L2_norm_flow_time
24,8.500000,262144,9383062.699827
24,9.800000,32768,12855866.696747
24,12.400000,4096,18525521.740356
24,18.900000,512,26038838.137779
24,56.300000,64,34716943.836299
24,60.000000,12,34316752.205129
24,60.000000,18,33366431.586165
24,60.000000,24,32442575.543905
