arrival_rate,bp_parameter_L,bp_parameter_H,SETF_L2_norm_flow_time
24,8.500000,262144,75442102.340907
24,9.800000,32768,109019177.979003
24,12.400000,4096,146055579.682002
24,18.900000,512,212527533.982229
24,56.300000,64,277459452.794158
24,60.000000,12,273163355.984428
24,60.000000,18,267203145.420812
24,60.000000,24,259485796.773101
24,100.000000,50,14234577.208033
24,500.000000,200,73493862.514367
24,2000.000000,800,296327869.636434
