arrival_rate,bp_parameter_L,bp_parameter_H,SETF_L2_norm_flow_time
26,8.500000,262144,73101254.311261
26,9.800000,32768,99082934.854295
26,12.400000,4096,129060353.540988
26,18.900000,512,203551504.289553
26,56.300000,64,272783606.288439
