arrival_rate,bp_parameter_L,bp_parameter_H,SETF_L2_norm_flow_time
26,8.500000,262144,7960442.880812
26,9.800000,32768,11621178.388121
26,12.400000,4096,16737257.607576
26,18.900000,512,24866417.698616
26,56.300000,64,34226207.845848
26,60.000000,12,33707107.813743
26,60.000000,18,33128197.461495
26,60.000000,24,31711673.048828
