arrival_rate,bp_parameter_L,bp_parameter_H,SETF_L2_norm_flow_time
26,8.500000,262144,8489644.172155
26,9.800000,32768,12056559.934662
26,12.400000,4096,16864631.378655
26,18.900000,512,25315155.020724
26,56.300000,64,34348457.115097
26,60.000000,12,33765608.210834
26,60.000000,18,32979283.083742
26,60.000000,24,32075652.492032
