arrival_rate,bp_parameter_L,bp_parameter_H,SETF_L2_norm_flow_time
26,8.500000,262144,8077762.219425
26,9.800000,32768,12263892.421135
26,12.400000,4096,16758008.160663
26,18.900000,512,26047914.013785
26,56.300000,64,34306077.161946
26,60.000000,12,33448935.172105
26,60.000000,18,32922615.719584
26,60.000000,24,31932516.697192
