arrival_rate,bp_parameter_L,bp_parameter_H,SETF_L2_norm_flow_time
26,8.500000,262144,11136991.695121
26,9.800000,32768,11593503.148230
26,12.400000,4096,17495173.613570
26,18.900000,512,25892972.161304
26,56.300000,64,34136757.368791
26,60.000000,12,33742009.994566
26,60.000000,18,32609947.101483
26,60.000000,24,31932492.160458
