arrival_rate,bp_parameter_L,bp_parameter_H,SETF_L2_norm_flow_time
28,8.500000,262144,64219870.518274
28,9.800000,32768,78692767.502245
28,12.400000,4096,124422749.006616
28,18.900000,512,192406244.261493
28,56.300000,64,269599714.364715
