arrival_rate,bp_parameter_L,bp_parameter_H,SETF_L2_norm_flow_time
28,8.500000,262144,70474474.108345
28,9.800000,32768,80908909.609400
28,12.400000,4096,120755430.834260
28,18.900000,512,194351603.457628
28,56.300000,64,268976071.856401
28,60.000000,12,264793898.899495
28,60.000000,18,258136946.401104
28,60.000000,24,249717169.239553
28,100.000000,50,13843894.349088
28,500.000000,200,73419739.692113
28,2000.000000,800,289505917.685899
