arrival_rate,bp_parameter_L,bp_parameter_H,SETF_L2_norm_flow_time
28,8.500000,262144,65984498.029071
28,9.800000,32768,89816800.430766
28,12.400000,4096,123626643.858004
28,18.900000,512,193720815.534963
28,56.300000,64,268750477.938559
