arrival_rate,bp_parameter_L,bp_parameter_H,SETF_L2_norm_flow_time
28,8.500000,262144,6283605.659599
28,9.800000,32768,9371579.968601
28,12.400000,4096,15130081.029671
28,18.900000,512,23827942.901746
28,56.300000,64,33619294.089590
28,60.000000,12,32969020.882868
28,60.000000,18,32186162.888299
28,60.000000,24,31211755.028784
