arrival_rate,bp_parameter_L,bp_parameter_H,SETF_L2_norm_flow_time
28,8.500000,262144,60186095.178121
28,9.800000,32768,83661231.831286
28,12.400000,4096,120315178.372632
28,18.900000,512,192233966.507807
28,56.300000,64,269508287.825980
