arrival_rate,bp_parameter_L,bp_parameter_H,SETF_L2_norm_flow_time
28,8.500000,262144,7282193.509975
28,9.800000,32768,9965609.220780
28,12.400000,4096,15164432.113379
28,18.900000,512,24161535.024263
28,56.300000,64,33583240.223617
28,60.000000,12,32999290.091800
28,60.000000,18,32191331.846067
28,60.000000,24,31138090.346975
