arrival_rate,bp_parameter_L,bp_parameter_H,SETF_L2_norm_flow_time
28,8.500000,262144,57169671.755988
28,9.800000,32768,84027416.220380
28,12.400000,4096,123367508.152762
28,18.900000,512,191493463.959845
28,56.300000,64,268404366.906198
