arrival_rate,bp_parameter_L,bp_parameter_H,SETF_L2_norm_flow_time
28,8.500000,262144,71502030.317671
28,9.800000,32768,82844788.933952
28,12.400000,4096,125728777.689259
28,18.900000,512,191056541.705388
28,56.300000,64,268915791.982483
28,60.000000,12,264086697.739005
28,60.000000,18,256527577.669121
28,60.000000,24,247898375.257271
28,100.000000,50,14127428.688016
28,500.000000,200,74221067.040047
28,2000.000000,800,296521524.358976
