arrival_rate,bp_parameter_L,bp_parameter_H,SETF_L2_norm_flow_time
30,8.500000,262144,54161740.146428
30,9.800000,32768,76654478.016392
30,12.400000,4096,111820131.635597
30,18.900000,512,184944004.086082
30,56.300000,64,263204827.044399
30,60.000000,12,258397558.529423
30,60.000000,18,253926398.907956
30,60.000000,24,244942978.088183
30,100.000000,50,14130442.609274
30,500.000000,200,74635852.917253
30,2000.000000,800,295333744.990180
