arrival_rate,bp_parameter_L,bp_parameter_H,SETF_L2_norm_flow_time
30,8.500000,262144,9665989.536759
30,9.800000,32768,9195631.034004
30,12.400000,4096,14683041.009838
30,18.900000,512,23030443.945945
30,56.300000,64,32937949.264623
30,60.000000,12,32621153.344463
30,60.000000,18,31266655.009462
30,60.000000,24,30782284.972407
