arrival_rate,bp_parameter_L,bp_parameter_H,SETF_L2_norm_flow_time
30,8.500000,262144,6922439.973026
30,9.800000,32768,8610830.669991
30,12.400000,4096,13454983.020210
30,18.900000,512,22929873.898120
30,56.300000,64,32987782.748179
30,60.000000,12,32616790.040111
30,60.000000,18,31765724.683852
30,60.000000,24,30510654.508167
