arrival_rate,bp_parameter_L,bp_parameter_H,SETF_L2_norm_flow_time
32,8.500000,262144,46552626.024079
32,9.800000,32768,60971820.329138
32,12.400000,4096,100523065.042083
32,18.900000,512,173033323.437138
32,56.300000,64,259132254.427689
32,60.000000,12,254675383.394496
32,60.000000,18,245906931.047427
32,60.000000,24,240791936.154206
32,100.000000,50,13860694.121314
32,500.000000,200,73114791.769618
32,2000.000000,800,293025609.674105
