arrival_rate,bp_parameter_L,bp_parameter_H,SETF_L2_norm_flow_time
32,8.500000,262144,47673750.553547
32,9.800000,32768,62827649.267295
32,12.400000,4096,99992435.145510
32,18.900000,512,174450420.544252
32,56.300000,64,259097243.759788
