arrival_rate,bp_parameter_L,bp_parameter_H,SETF_L2_norm_flow_time
32,8.500000,262144,42755945.363476
32,9.800000,32768,68601405.275329
32,12.400000,4096,98360203.599315
32,18.900000,512,176145474.480909
32,56.300000,64,261068127.879173
