arrival_rate,bp_parameter_L,bp_parameter_H,SETF_L2_norm_flow_time
32,8.500000,262144,5192301.943560
32,9.800000,32768,8399442.697292
32,12.400000,4096,12717700.065542
32,18.900000,512,21730912.600978
32,56.300000,64,32385140.602797
32,60.000000,12,31720741.738939
32,60.000000,18,31176285.821367
32,60.000000,24,30189417.582052
