arrival_rate,bp_parameter_L,bp_parameter_H,SETF_L2_norm_flow_time
32,8.500000,262144,5963105.470979
32,9.800000,32768,7547537.252205
32,12.400000,4096,11600778.081777
32,18.900000,512,20703319.011548
32,56.300000,64,32546472.899270
32,60.000000,12,31710751.772365
32,60.000000,18,30713170.948291
32,60.000000,24,30255505.308603
