arrival_rate,bp_parameter_L,bp_parameter_H,SETF_L2_norm_flow_time
32,8.500000,262144,5116120.972336
32,9.800000,32768,6534611.184204
32,12.400000,4096,12275342.246880
32,18.900000,512,22450850.263288
32,56.300000,64,32265421.737124
32,60.000000,12,31677892.978656
32,60.000000,18,30853248.849514
32,60.000000,24,29991239.074467
