arrival_rate,bp_parameter_L,bp_parameter_H,SETF_L2_norm_flow_time
32,8.500000,262144,6620073.037759
32,9.800000,32768,7820714.450141
32,12.400000,4096,12630050.743635
32,18.900000,512,22662474.337110
32,56.300000,64,32470931.010147
32,60.000000,12,31721890.098160
32,60.000000,18,30970110.825489
32,60.000000,24,29883381.537386
