arrival_rate,bp_parameter_L,bp_parameter_H,SETF_L2_norm_flow_time
32,8.500000,262144,40137473.212282
32,9.800000,32768,65898936.936296
32,12.400000,4096,96957083.880073
32,18.900000,512,174889207.077231
32,56.300000,64,258044615.507690
32,60.000000,12,255077420.689765
32,60.000000,18,247282818.196213
32,60.000000,24,240270723.562368
32,100.000000,50,13905509.868238
32,500.000000,200,74648035.695010
32,2000.000000,800,295046127.914592
