arrival_rate,bp_parameter_L,bp_parameter_H,SETF_L2_norm_flow_time
34,8.500000,262144,35703685.792655
34,9.800000,32768,53008736.627867
34,12.400000,4096,90726694.306088
34,18.900000,512,168321014.452079
34,56.300000,64,253132587.824149
34,60.000000,12,249206226.633159
34,60.000000,18,241799568.075926
34,60.000000,24,232449303.732332
34,100.000000,50,13661082.852099
34,500.000000,200,74231951.276896
34,2000.000000,800,294336293.510710
