arrival_rate,bp_parameter_L,bp_parameter_H,SETF_L2_norm_flow_time
34,8.500000,262144,37814813.875592
34,9.800000,32768,55737810.599702
34,12.400000,4096,91557556.045124
34,18.900000,512,166483512.720553
34,56.300000,64,252852278.919659
34,60.000000,12,248150915.896234
34,60.000000,18,241480713.521020
34,60.000000,24,234015871.965672
34,100.000000,50,13895865.560081
34,500.000000,200,73486835.466263
34,2000.000000,800,298964402.411242
