arrival_rate,bp_parameter_L,bp_parameter_H,SETF_L2_norm_flow_time
34,8.500000,262144,37629979.367142
34,9.800000,32768,58527122.917050
34,12.400000,4096,90753767.624367
34,18.900000,512,165553652.923236
34,56.300000,64,252987167.184830
