arrival_rate,bp_parameter_L,bp_parameter_H,SETF_L2_norm_flow_time
34,8.500000,262144,39895867.330557
34,9.800000,32768,55630731.962886
34,12.400000,4096,91242677.848580
34,18.900000,512,164307988.087607
34,56.300000,64,253609490.029875
