arrival_rate,bp_parameter_L,bp_parameter_H,SETF_L2_norm_flow_time
34,8.500000,262144,39901742.157039
34,9.800000,32768,55929871.634968
34,12.400000,4096,88614276.842270
34,18.900000,512,167254820.302838
34,56.300000,64,254279447.239812
