arrival_rate,bp_parameter_L,bp_parameter_H,SETF_L2_norm_flow_time
34,8.500000,262144,5443463.492018
34,9.800000,32768,6445769.828134
34,12.400000,4096,10956196.790868
34,18.900000,512,20523537.615519
34,56.300000,64,32077613.568596
34,60.000000,12,31420768.303598
34,60.000000,18,30032876.617671
34,60.000000,24,29225996.173488
