arrival_rate,bp_parameter_L,bp_parameter_H,SETF_L2_norm_flow_time
34,8.500000,262144,4071065.732631
34,9.800000,32768,5280500.837664
34,12.400000,4096,10803225.931677
34,18.900000,512,20773186.495604
34,56.300000,64,31923751.894722
34,60.000000,12,31137573.604893
34,60.000000,18,30301424.830562
34,60.000000,24,29109140.406698
