arrival_rate,bp_parameter_L,bp_parameter_H,SETF_L2_norm_flow_time
36,8.500000,262144,5318974.759503
36,9.800000,32768,6049662.000926
36,12.400000,4096,10344996.641217
36,18.900000,512,18990771.320971
36,56.300000,64,31055954.456540
36,60.000000,12,30359164.920118
36,60.000000,18,29320460.409574
36,60.000000,24,28477102.131543
