arrival_rate,bp_parameter_L,bp_parameter_H,SETF_L2_norm_flow_time
36,8.500000,262144,3034252.481252
36,9.800000,32768,7411480.562782
36,12.400000,4096,9746265.765307
36,18.900000,512,19625745.271577
36,56.300000,64,31152412.113229
36,60.000000,12,30267044.869111
36,60.000000,18,29615375.889106
36,60.000000,24,28391077.397009
