arrival_rate,bp_parameter_L,bp_parameter_H,SETF_L2_norm_flow_time
36,8.500000,262144,27976265.540605
36,9.800000,32768,46724648.592605
36,12.400000,4096,84066267.561955
36,18.900000,512,148141357.391951
36,56.300000,64,248995974.457476
36,60.000000,12,242985561.914852
36,60.000000,18,234351170.020015
36,60.000000,24,228672484.844679
36,100.000000,50,13447881.123460
36,500.000000,200,74154254.418027
36,2000.000000,800,294185861.043692
