arrival_rate,bp_parameter_L,bp_parameter_H,SETF_L2_norm_flow_time
36,8.500000,262144,34716482.219743
36,9.800000,32768,48229593.953193
36,12.400000,4096,80308038.377219
36,18.900000,512,153212797.779391
36,56.300000,64,247693351.447975
