arrival_rate,bp_parameter_L,bp_parameter_H,SETF_L2_norm_flow_time
38,8.500000,262144,2833495.057440
38,9.800000,32768,4155368.903962
38,12.400000,4096,8598159.570432
38,18.900000,512,17767161.152299
38,56.300000,64,30266318.939479
38,60.000000,12,29517943.650107
38,60.000000,18,28586651.029522
38,60.000000,24,27548098.656616
