arrival_rate,bp_parameter_L,bp_parameter_H,SETF_L2_norm_flow_time
38,8.500000,262144,4341819.011852
38,9.800000,32768,4754155.611871
38,12.400000,4096,9966898.878257
38,18.900000,512,17384898.398536
38,56.300000,64,30413572.254961
38,60.000000,12,29942131.263923
38,60.000000,18,28504625.324734
38,60.000000,24,28102955.887952
