arrival_rate,bp_parameter_L,bp_parameter_H,SETF_L2_norm_flow_time
38,8.500000,262144,25206527.418537
38,9.800000,32768,38663287.838665
38,12.400000,4096,77706971.697133
38,18.900000,512,140952319.358895
38,56.300000,64,243375112.618286
