arrival_rate,bp_parameter_L,bp_parameter_H,SETF_L2_norm_flow_time
38,8.500000,262144,2907310.082153
38,9.800000,32768,5450316.099414
38,12.400000,4096,9190069.132870
38,18.900000,512,17512331.352471
38,56.300000,64,30855483.554498
38,60.000000,12,30011462.291030
38,60.000000,18,28509232.009753
38,60.000000,24,27837011.545931
