arrival_rate,bp_parameter_L,bp_parameter_H,SETF_L2_norm_flow_time
38,8.500000,262144,3464193.699924
38,9.800000,32768,5064592.052384
38,12.400000,4096,8538253.076056
38,18.900000,512,18340336.465924
38,56.300000,64,30422523.456440
38,60.000000,12,29381144.253113
38,60.000000,18,29188041.304728
38,60.000000,24,28121447.416676
