arrival_rate,bp_parameter_L,bp_parameter_H,SETF_L2_norm_flow_time
40,8.500000,262144,4883749.595233
40,9.800000,32768,5187530.254596
40,12.400000,4096,8332005.725083
40,18.900000,512,16650343.517719
40,56.300000,64,29822581.885127
40,60.000000,12,28877738.375695
40,60.000000,18,28388303.306277
40,60.000000,24,27405894.553055
