arrival_rate,bp_parameter_L,bp_parameter_H,SETF_L2_norm_flow_time
40,8.500000,262144,3677661.369163
40,9.800000,32768,5208227.106438
40,12.400000,4096,9444789.900937
40,18.900000,512,16462727.150129
40,56.300000,64,29334866.610443
40,60.000000,12,28893790.248337
40,60.000000,18,27925931.932213
40,60.000000,24,27056987.922884
