arrival_rate,bp_parameter_L,bp_parameter_H,SETF_L2_norm_flow_time
40,8.500000,262144,22247195.889616
40,9.800000,32768,31335052.327566
40,12.400000,4096,64955325.535663
40,18.900000,512,135992542.869727
40,56.300000,64,236224155.813300
