arrival_rate,bp_parameter_L,bp_parameter_H,SETF_L2_norm_flow_time
40,8.500000,262144,3265385.223428
40,9.800000,32768,5112576.298761
40,12.400000,4096,7310007.411930
40,18.900000,512,16273318.572501
40,56.300000,64,30003910.726177
40,60.000000,12,28886340.685773
40,60.000000,18,27990211.266139
40,60.000000,24,27159035.681884
