arrival_rate,bp_parameter_L,bp_parameter_H,SETF_L2_norm_flow_time
40,8.500000,262144,22676219.531295
40,9.800000,32768,36090394.706941
40,12.400000,4096,67101248.776190
40,18.900000,512,134328636.960711
40,56.300000,64,237774181.453500
