arrival_rate,bp_parameter_L,bp_parameter_H,Dynamic_njobs1_mode1_L2_norm_flow_time
32,16.772000,64,9367.665451
32,7.918000,512,9156.398200
32,5.649000,4096,12815.971598
32,4.073000,262144,21468.586167
32,4.639000,32768,9343.091565
