arrival_rate,bp_parameter_L,bp_parameter_H,Dynamic_njobs1_mode1_L2_norm_flow_time
40,4.073000,262144,10338.513868
40,16.772000,64,4177.271837
40,7.918000,512,8454.118641
40,4.639000,32768,18620.772326
40,5.649000,4096,9924.367587
