arrival_rate,bp_parameter_L,bp_parameter_H,MLFQ_L2_norm_flow_time
20,4.073000,262144,866594.343218
20,4.639000,32768,1209731.312465
20,5.649000,4096,3005280.423399
20,7.918000,512,5382677.772737
20,16.772000,64,9777573.728448
20,30.000000,6,10913762.117221
20,30.000000,9,10409543.098568
20,30.000000,12,10491545.579229
