arrival_rate,bp_parameter_L,bp_parameter_H,MLFQ_L2_norm_flow_time
22,4.073000,262144,3213589.810962
22,4.639000,32768,9512316.877543
22,5.649000,4096,16312699.012490
22,7.918000,512,35057894.647899
22,16.772000,64,64099701.754555
22,30.000000,6,69225567.773680
22,30.000000,9,70131146.019645
22,30.000000,12,67122792.333291
