arrival_rate,bp_parameter_L,bp_parameter_H,MLFQ_L2_norm_flow_time
22,4.073000,262144,817810.480408
22,4.639000,32768,1434645.679273
22,5.649000,4096,2016687.616096
22,7.918000,512,4615486.398574
22,16.772000,64,8403996.984034
22,30.000000,6,8474055.051036
22,30.000000,9,8571708.101519
22,30.000000,12,8263814.785734
