arrival_rate,bp_parameter_L,bp_parameter_H,MLFQ_L2_norm_flow_time
22,4.073000,262144,794933.794834
22,4.639000,32768,443152.347277
22,5.649000,4096,2222554.849797
22,7.918000,512,4142264.799061
22,16.772000,64,8607677.991286
22,30.000000,6,8805552.879137
22,30.000000,9,8268965.970533
22,30.000000,12,8397770.661731
