arrival_rate,bp_parameter_L,bp_parameter_H,MLFQ_L2_norm_flow_time
22,4.073000,262144,3955676.323796
22,4.639000,32768,9214924.013752
22,5.649000,4096,16813639.694792
22,7.918000,512,34589332.863359
22,16.772000,64,65725525.647949
22,30.000000,6,69891303.764044
22,30.000000,9,68205835.657499
22,30.000000,12,65974930.333158
