arrival_rate,bp_parameter_L,bp_parameter_H,MLFQ_L2_norm_flow_time
24,4.073000,262144,3234191.313724
24,4.639000,32768,4371885.616011
24,5.649000,4096,14371744.494407
24,7.918000,512,27643513.916321
24,16.772000,64,50943588.931577
24,30.000000,6,54362392.971441
24,30.000000,9,52543096.585921
24,30.000000,12,50150918.327122
