arrival_rate,bp_parameter_L,bp_parameter_H,MLFQ_L2_norm_flow_time
24,4.073000,262144,2505520.391891
24,4.639000,32768,3009349.247585
24,5.649000,4096,14461830.658225
24,7.918000,512,28220300.426521
24,16.772000,64,51479981.894705
24,30.000000,6,54665209.132350
24,30.000000,9,53350108.484314
24,30.000000,12,52574692.226105
