arrival_rate,bp_parameter_L,bp_parameter_H,MLFQ_L2_norm_flow_time
30,4.073000,262144,164198.116597
30,4.639000,32768,321500.894251
30,5.649000,4096,432645.359915
30,7.918000,512,777134.128505
30,16.772000,64,807214.931659
30,30.000000,6,553175.680595
30,30.000000,9,700763.930136
30,30.000000,12,1221130.783124
