arrival_rate,bp_parameter_L,bp_parameter_H,MLFQ_L2_norm_flow_time
32,4.073000,262144,112029.032429
32,4.639000,32768,159558.029820
32,5.649000,4096,149040.646479
32,7.918000,512,233207.246819
32,16.772000,64,97165.505618
32,30.000000,6,90966.188361
32,30.000000,9,69837.091076
32,30.000000,12,123000.779054
