arrival_rate,bp_parameter_L,bp_parameter_H,MLFQ_L2_norm_flow_time
34,4.073000,262144,119977.965798
34,4.639000,32768,69797.042710
34,5.649000,4096,187519.487326
34,7.918000,512,96869.124503
34,16.772000,64,36456.891872
34,30.000000,6,51770.162208
34,30.000000,9,37634.937837
34,30.000000,12,36286.527155
