arrival_rate,bp_parameter_L,bp_parameter_H,MLFQ_L2_norm_flow_time
34,4.073000,262144,443011.901275
34,4.639000,32768,242462.126774
34,5.649000,4096,309398.186336
34,7.918000,512,129195.593094
34,16.772000,64,85431.708832
34,30.000000,6,73869.386724
34,30.000000,9,75269.486354
34,30.000000,12,80684.371002
