arrival_rate,bp_parameter_L,bp_parameter_H,MLFQ_L2_norm_flow_time
34,4.073000,262144,538336.335696
34,4.639000,32768,442373.206688
34,5.649000,4096,277712.967204
34,7.918000,512,140676.342819
34,16.772000,64,82055.867676
34,30.000000,6,71404.773188
34,30.000000,9,82940.344393
34,30.000000,12,92990.188068
