arrival_rate,bp_parameter_L,bp_parameter_H,MLFQ_L2_norm_flow_time
36,4.073000,262144,53128.189937
36,4.639000,32768,191218.429049
36,5.649000,4096,133184.073894
36,7.918000,512,33110.680497
36,16.772000,64,26387.490180
36,30.000000,6,29878.682200
36,30.000000,9,25140.414456
36,30.000000,12,34284.451549
