arrival_rate,bp_parameter_L,bp_parameter_H,MLFQ_L2_norm_flow_time
38,4.073000,262144,464958.858064
38,4.639000,32768,240496.200820
38,5.649000,4096,111889.920958
38,7.918000,512,68101.386704
38,16.772000,64,43179.973807
38,30.000000,6,42040.454339
38,30.000000,9,41831.739122
38,30.000000,12,39242.018335
