arrival_rate,bp_parameter_L,bp_parameter_H,MLFQ_L2_norm_flow_time
38,4.073000,262144,147574.078459
38,4.639000,32768,146365.443261
38,5.649000,4096,87645.535887
38,7.918000,512,43028.394706
38,16.772000,64,21860.812153
38,30.000000,6,21546.567592
38,30.000000,9,18749.946507
38,30.000000,12,23113.820281
