arrival_rate,bp_parameter_L,bp_parameter_H,MLFQ_L2_norm_flow_time
38,4.073000,262144,106739.623149
38,4.639000,32768,72199.835630
38,5.649000,4096,47024.779712
38,7.918000,512,39070.657366
38,16.772000,64,22541.162082
38,30.000000,6,19683.755460
38,30.000000,9,23246.559509
38,30.000000,12,18184.233968
