arrival_rate,bp_parameter_L,bp_parameter_H,MLFQ_L2_norm_flow_time
40,4.073000,262144,298286.749002
40,4.639000,32768,94912.434538
40,5.649000,4096,41868.373207
40,7.918000,512,44094.518662
40,16.772000,64,15491.323281
40,30.000000,6,15870.586820
40,30.000000,9,15600.321503
40,30.000000,12,16971.148193
