arrival_rate,bp_parameter_L,bp_parameter_H,MLFQ_L2_norm_flow_time
40,4.073000,262144,43184.819914
40,4.639000,32768,147352.104586
40,5.649000,4096,61392.679718
40,7.918000,512,32899.507246
40,16.772000,64,17192.505809
40,30.000000,6,17026.583920
40,30.000000,9,14791.462369
40,30.000000,12,16062.973479
