arrival_rate,bp_parameter_L,bp_parameter_H,SJF_L2_norm_flow_time
20,13.000000,262144,82699001.759580
20,15.300000,32768,103661422.268029
20,19.700000,4096,143171007.536262
20,32.300000,512,223626758.508738
20,90.000000,18,320664200.497701
20,90.000000,27,304662755.557829
20,90.000000,36,292173379.197282
20,300.000000,150,34179819.332411
20,1500.000000,600,182921165.281246
20,8000.000000,3000,994715683.638605
