arrival_rate,bp_parameter_L,bp_parameter_H,SJF_L2_norm_flow_time
20,13.000000,262144,10372736.310355
20,15.300000,32768,13329562.299034
20,19.700000,4096,18014708.907905
20,32.300000,512,27879713.516328
20,90.000000,18,39947928.238072
20,90.000000,27,38029465.827694
20,90.000000,36,36524049.949283
