arrival_rate,bp_parameter_L,bp_parameter_H,SJF_L2_norm_flow_time
20,13.000000,262144,83387892.765190
20,15.300000,32768,102874350.693881
20,19.700000,4096,141181885.366113
20,32.300000,512,222831405.720029
