arrival_rate,bp_parameter_L,bp_parameter_H,SJF_L2_norm_flow_time
20,13.000000,262144,10542361.317048
20,15.300000,32768,12657586.107125
20,19.700000,4096,17898899.677108
20,32.300000,512,28281272.454191
20,90.000000,18,40264886.243180
20,90.000000,27,38038010.685908
20,90.000000,36,36754810.390217
