arrival_rate,bp_parameter_L,bp_parameter_H,SJF_L2_norm_flow_time
20,13.000000,262144,82756351.595162
20,15.300000,32768,102257722.463740
20,19.700000,4096,144320789.001231
20,32.300000,512,223711012.346246
20,90.000000,18,320341641.214861
20,90.000000,27,306601717.436216
20,90.000000,36,291550227.487778
20,300.000000,150,34229738.475952
20,1500.000000,600,183443164.146388
20,8000.000000,3000,988235452.335558
