arrival_rate,bp_parameter_L,bp_parameter_H,SJF_L2_norm_flow_time
20,13.000000,262144,10226579.452874
20,15.300000,32768,13298196.540473
20,19.700000,4096,18247853.423336
20,32.300000,512,27957773.568191
20,90.000000,18,39888349.393335
20,90.000000,27,38629724.222432
20,90.000000,36,36855004.937430
