arrival_rate,bp_parameter_L,bp_parameter_H,SJF_L2_norm_flow_time
20,13.000000,262144,10405771.732511
20,15.300000,32768,13053626.142150
20,19.700000,4096,17758553.979709
20,32.300000,512,28376947.505422
20,90.000000,18,40164767.008700
20,90.000000,27,38097985.589430
20,90.000000,36,36573918.843743
