arrival_rate,bp_parameter_L,bp_parameter_H,SJF_L2_norm_flow_time
22,13.000000,262144,79384731.359698
22,15.300000,32768,99928031.695123
22,19.700000,4096,137361778.072140
22,32.300000,512,217514861.220385
22,90.000000,18,313663237.930696
22,90.000000,27,299566178.734473
22,90.000000,36,286263296.626901
22,300.000000,150,33432522.257947
22,1500.000000,600,181259146.441729
22,8000.000000,3000,994144029.294856
