arrival_rate,bp_parameter_L,bp_parameter_H,SJF_L2_norm_flow_time
22,13.000000,262144,79268914.494689
22,15.300000,32768,98327116.094057
22,19.700000,4096,137165541.677996
22,32.300000,512,218551250.637040
22,90.000000,18,314899290.334774
22,90.000000,27,299981049.402333
22,90.000000,36,286648285.938253
22,300.000000,150,33215877.906057
22,1500.000000,600,182216227.586126
22,8000.000000,3000,993660740.880513
