arrival_rate,bp_parameter_L,bp_parameter_H,SJF_L2_norm_flow_time
22,13.000000,262144,9946527.343363
22,15.300000,32768,12260873.145120
22,19.700000,4096,17084601.973294
22,32.300000,512,27469334.994178
22,90.000000,18,39210374.908898
22,90.000000,27,37359945.147405
22,90.000000,36,35783377.887998
