arrival_rate,bp_parameter_L,bp_parameter_H,SJF_L2_norm_flow_time
22,13.000000,262144,9323492.384038
22,15.300000,32768,12662155.377200
22,19.700000,4096,17186401.409585
22,32.300000,512,27711568.412479
22,90.000000,18,39059730.639020
22,90.000000,27,37644411.238610
22,90.000000,36,36049260.614780
