arrival_rate,bp_parameter_L,bp_parameter_H,SJF_L2_norm_flow_time
22,13.000000,262144,9501100.517076
22,15.300000,32768,12233592.218351
22,19.700000,4096,16811763.088303
22,32.300000,512,26710856.279479
22,90.000000,18,39324907.535203
22,90.000000,27,37365781.776297
22,90.000000,36,36117264.672736
