arrival_rate,bp_parameter_L,bp_parameter_H,SJF_L2_norm_flow_time
22,13.000000,262144,76313418.073574
22,15.300000,32768,101547261.707398
22,19.700000,4096,139162799.402932
22,32.300000,512,217273278.562602
