arrival_rate,bp_parameter_L,bp_parameter_H,SJF_L2_norm_flow_time
22,13.000000,262144,79150069.521515
22,15.300000,32768,99570249.199949
22,19.700000,4096,136546260.636174
22,32.300000,512,218029626.819026
