arrival_rate,bp_parameter_L,bp_parameter_H,SJF_L2_norm_flow_time
22,13.000000,262144,9773989.354417
22,15.300000,32768,12383294.363400
22,19.700000,4096,16797909.360801
22,32.300000,512,26869935.483986
22,90.000000,18,39217696.073430
22,90.000000,27,37606987.178163
22,90.000000,36,35679148.448575
