arrival_rate,bp_parameter_L,bp_parameter_H,SJF_L2_norm_flow_time
22,13.000000,262144,78733275.351908
22,15.300000,32768,101802763.770964
22,19.700000,4096,138594209.662956
22,32.300000,512,218583483.713273
22,90.000000,18,314755657.750343
22,90.000000,27,300874429.869287
22,90.000000,36,287463970.204843
22,300.000000,150,33338996.902805
22,1500.000000,600,181860197.859971
22,8000.000000,3000,995188612.703777
