arrival_rate,bp_parameter_L,bp_parameter_H,SJF_L2_norm_flow_time
22,13.000000,262144,9632480.112219
22,15.300000,32768,12660615.392113
22,19.700000,4096,16729563.192064
22,32.300000,512,26822910.565192
22,90.000000,18,39250504.347429
22,90.000000,27,37507790.056852
22,90.000000,36,35694539.015855
