arrival_rate,bp_parameter_L,bp_parameter_H,SJF_L2_norm_flow_time
22,13.000000,262144,9612514.037582
22,15.300000,32768,13176602.094918
22,19.700000,4096,17839027.664361
22,32.300000,512,26831328.493272
22,90.000000,18,39385181.263688
22,90.000000,27,37473217.844624
22,90.000000,36,35614086.447121
