arrival_rate,bp_parameter_L,bp_parameter_H,SJF_L2_norm_flow_time
24,13.000000,262144,74025043.602145
24,15.300000,32768,93674089.929021
24,19.700000,4096,133547642.450604
24,32.300000,512,211633377.232110
