arrival_rate,bp_parameter_L,bp_parameter_H,SJF_L2_norm_flow_time
24,13.000000,262144,9263711.754863
24,15.300000,32768,11823690.280925
24,19.700000,4096,16248666.355274
24,32.300000,512,26335554.080063
24,90.000000,18,38527064.921781
24,90.000000,27,36852087.475914
24,90.000000,36,35524292.189291
