arrival_rate,bp_parameter_L,bp_parameter_H,SJF_L2_norm_flow_time
24,13.000000,262144,9636456.512227
24,15.300000,32768,12250192.492552
24,19.700000,4096,16364149.345693
24,32.300000,512,26605901.785698
24,90.000000,18,38483508.477892
24,90.000000,27,36998079.967575
24,90.000000,36,34768829.252048
