arrival_rate,bp_parameter_L,bp_parameter_H,SJF_L2_norm_flow_time
24,13.000000,262144,73073188.843213
24,15.300000,32768,94871171.298580
24,19.700000,4096,132980824.578701
24,32.300000,512,213333356.946470
