arrival_rate,bp_parameter_L,bp_parameter_H,SJF_L2_norm_flow_time
24,13.000000,262144,72218212.906336
24,15.300000,32768,94607180.338557
24,19.700000,4096,132591664.679995
24,32.300000,512,212314087.040121
24,90.000000,18,309250832.302135
24,90.000000,27,294710812.514518
24,90.000000,36,283183065.959646
24,300.000000,150,32844482.928071
24,1500.000000,600,183394641.794107
24,8000.000000,3000,985159850.779769
