arrival_rate,bp_parameter_L,bp_parameter_H,SJF_L2_norm_flow_time
24,13.000000,262144,75231681.741253
24,15.300000,32768,94921605.530049
24,19.700000,4096,130502978.075526
24,32.300000,512,212306213.213206
24,90.000000,18,308580834.196178
24,90.000000,27,294959074.020495
24,90.000000,36,282289408.310150
24,300.000000,150,33463585.524397
24,1500.000000,600,180146197.729800
24,8000.000000,3000,984102874.283686
