arrival_rate,bp_parameter_L,bp_parameter_H,SJF_L2_norm_flow_time
24,13.000000,262144,9163357.730217
24,15.300000,32768,12155153.320744
24,19.700000,4096,16608454.657014
24,32.300000,512,26641911.086923
24,90.000000,18,38706503.077933
24,90.000000,27,36578170.181352
24,90.000000,36,35316018.793518
