arrival_rate,bp_parameter_L,bp_parameter_H,SJF_L2_norm_flow_time
26,13.000000,262144,69965635.249188
26,15.300000,32768,91054511.789438
26,19.700000,4096,127798707.314917
26,32.300000,512,207691012.312809
26,90.000000,18,302248641.965652
26,90.000000,27,286744930.245844
26,90.000000,36,275087267.163281
26,300.000000,150,33649805.342444
26,1500.000000,600,181682069.789513
26,8000.000000,3000,995774134.008024
