arrival_rate,bp_parameter_L,bp_parameter_H,SJF_L2_norm_flow_time
26,13.000000,262144,70943272.778039
26,15.300000,32768,89068464.787510
26,19.700000,4096,130392899.162235
26,32.300000,512,205902204.916072
