arrival_rate,bp_parameter_L,bp_parameter_H,SJF_L2_norm_flow_time
28,13.000000,262144,64845309.302567
28,15.300000,32768,85210700.744615
28,19.700000,4096,125741167.548314
28,32.300000,512,203081092.172701
28,90.000000,18,297555122.794920
28,90.000000,27,281841243.014381
28,90.000000,36,271402745.114511
28,300.000000,150,33234942.378882
28,1500.000000,600,182965016.463428
28,8000.000000,3000,985434644.023128
