arrival_rate,bp_parameter_L,bp_parameter_H,SJF_L2_norm_flow_time
28,13.000000,262144,7737384.473667
28,15.300000,32768,10693323.652054
28,19.700000,4096,15796444.044739
28,32.300000,512,25720273.627774
28,90.000000,18,36807242.963246
28,90.000000,27,35165150.235049
28,90.000000,36,33799877.951596
