arrival_rate,bp_parameter_L,bp_parameter_H,SJF_L2_norm_flow_time
28,13.000000,262144,65614437.387838
28,15.300000,32768,86536503.546359
28,19.700000,4096,123216982.861364
28,32.300000,512,203067490.560654
28,90.000000,18,296770835.960193
28,90.000000,27,283405431.005895
28,90.000000,36,269846127.857987
28,300.000000,150,33406306.637774
28,1500.000000,600,184982394.335400
28,8000.000000,3000,1000052889.742015
