arrival_rate,bp_parameter_L,bp_parameter_H,SJF_L2_norm_flow_time
28,13.000000,262144,64717640.164988
28,15.300000,32768,88473753.317206
28,19.700000,4096,123954342.610396
28,32.300000,512,204634330.708840
28,90.000000,18,296838125.355299
28,90.000000,27,283838164.404539
28,90.000000,36,268411772.860435
28,300.000000,150,33066668.764028
28,1500.000000,600,184649704.685091
28,8000.000000,3000,987274033.506948
