arrival_rate,bp_parameter_L,bp_parameter_H,SJF_L2_norm_flow_time
28,13.000000,262144,8240620.683270
28,15.300000,32768,11507047.487397
28,19.700000,4096,16280584.654196
28,32.300000,512,24992416.150037
28,90.000000,18,37112355.750476
28,90.000000,27,35055738.422671
28,90.000000,36,33638963.194750
