arrival_rate,bp_parameter_L,bp_parameter_H,SJF_L2_norm_flow_time
30,13.000000,262144,6994124.977118
30,15.300000,32768,10224795.941858
30,19.700000,4096,14957232.979174
30,32.300000,512,24350398.844836
30,90.000000,18,36171547.783187
30,90.000000,27,34659176.541295
30,90.000000,36,33351168.492638
