arrival_rate,bp_parameter_L,bp_parameter_H,SJF_L2_norm_flow_time
30,13.000000,262144,60964734.623547
30,15.300000,32768,82986808.586455
30,19.700000,4096,119858210.656309
30,32.300000,512,196236935.417179
