arrival_rate,bp_parameter_L,bp_parameter_H,SJF_L2_norm_flow_time
30,13.000000,262144,60846985.401146
30,15.300000,32768,81841539.605949
30,19.700000,4096,119039410.862112
30,32.300000,512,199597174.972943
