arrival_rate,bp_parameter_L,bp_parameter_H,SJF_L2_norm_flow_time
30,13.000000,262144,62904269.343284
30,15.300000,32768,81236605.575789
30,19.700000,4096,119404804.940608
30,32.300000,512,196104352.716312
