arrival_rate,bp_parameter_L,bp_parameter_H,SJF_L2_norm_flow_time
30,13.000000,262144,7686377.667007
30,15.300000,32768,10351306.480353
30,19.700000,4096,15193314.832431
30,32.300000,512,24549492.848233
30,90.000000,18,36594606.316534
30,90.000000,27,34855567.339977
30,90.000000,36,33235706.496023
