arrival_rate,bp_parameter_L,bp_parameter_H,SJF_L2_norm_flow_time
30,13.000000,262144,7682426.679528
30,15.300000,32768,9975486.049121
30,19.700000,4096,14724083.738962
30,32.300000,512,25011393.995204
30,90.000000,18,36366147.746014
30,90.000000,27,34436020.385531
30,90.000000,36,33058032.247957
