arrival_rate,bp_parameter_L,bp_parameter_H,SJF_L2_norm_flow_time
30,13.000000,262144,62693502.405952
30,15.300000,32768,83169707.076199
30,19.700000,4096,118299582.080763
30,32.300000,512,196741609.954449
30,90.000000,18,291547719.204365
30,90.000000,27,277807079.146434
30,90.000000,36,263463500.932064
30,300.000000,150,32683503.020200
30,1500.000000,600,180330072.560794
30,8000.000000,3000,993833450.157573
