arrival_rate,bp_parameter_L,bp_parameter_H,SJF_L2_norm_flow_time
30,13.000000,262144,61759211.865771
30,15.300000,32768,81847605.478677
30,19.700000,4096,119749102.068454
30,32.300000,512,197878127.470833
30,90.000000,18,290041920.478460
30,90.000000,27,277658099.526018
30,90.000000,36,266023151.389371
30,300.000000,150,32637805.419417
30,1500.000000,600,183874980.436390
30,8000.000000,3000,999501156.823095
