arrival_rate,bp_parameter_L,bp_parameter_H,SJF_L2_norm_flow_time
32,13.000000,262144,7059065.819029
32,15.300000,32768,10092807.744804
32,19.700000,4096,14560221.912381
32,32.300000,512,24205471.325054
32,90.000000,18,35507645.465481
32,90.000000,27,33776428.714913
32,90.000000,36,32407719.258990
