arrival_rate,bp_parameter_L,bp_parameter_H,SJF_L2_norm_flow_time
32,13.000000,262144,7303498.246221
32,15.300000,32768,9635280.647197
32,19.700000,4096,14660638.177387
32,32.300000,512,23961235.209505
32,90.000000,18,35800635.025117
32,90.000000,27,33940239.680028
32,90.000000,36,32441998.654230
