arrival_rate,bp_parameter_L,bp_parameter_H,SJF_L2_norm_flow_time
32,13.000000,262144,57680111.817086
32,15.300000,32768,78514440.736016
32,19.700000,4096,115101504.809050
32,32.300000,512,189135284.543669
32,90.000000,18,284896167.009873
32,90.000000,27,273616735.635021
32,90.000000,36,259860925.600522
32,300.000000,150,33433124.645281
32,1500.000000,600,179818324.990115
32,8000.000000,3000,992194034.639287
