arrival_rate,bp_parameter_L,bp_parameter_H,SJF_L2_norm_flow_time
32,13.000000,262144,59389872.054871
32,15.300000,32768,75987052.410689
32,19.700000,4096,113872058.963911
32,32.300000,512,193298933.182983
