arrival_rate,bp_parameter_L,bp_parameter_H,SJF_L2_norm_flow_time
32,13.000000,262144,6906977.408863
32,15.300000,32768,9451822.021038
32,19.700000,4096,13981894.331731
32,32.300000,512,24086536.215217
32,90.000000,18,35452281.708009
32,90.000000,27,34035573.886039
32,90.000000,36,32418512.784474
