arrival_rate,bp_parameter_L,bp_parameter_H,SJF_L2_norm_flow_time
34,13.000000,262144,52234814.711097
34,15.300000,32768,74430116.494536
34,19.700000,4096,112464229.939310
34,32.300000,512,187465520.328528
34,90.000000,18,280749240.610339
34,90.000000,27,267307872.344534
34,90.000000,36,252918593.922965
34,300.000000,150,32918030.771025
34,1500.000000,600,179507557.035986
34,8000.000000,3000,1002663194.340921
