arrival_rate,bp_parameter_L,bp_parameter_H,SJF_L2_norm_flow_time
34,13.000000,262144,53551614.192760
34,15.300000,32768,73820786.610183
34,19.700000,4096,108508887.951125
34,32.300000,512,189718332.662674
34,90.000000,18,280093404.481140
34,90.000000,27,266156593.642774
34,90.000000,36,255431751.949640
34,300.000000,150,32738022.934529
34,1500.000000,600,179910139.774447
34,8000.000000,3000,994452664.751560
