arrival_rate,bp_parameter_L,bp_parameter_H,SJF_L2_norm_flow_time
34,13.000000,262144,6647622.359403
34,15.300000,32768,9526481.961301
34,19.700000,4096,13657973.160276
34,32.300000,512,23865984.578506
34,90.000000,18,34881627.390173
34,90.000000,27,33300699.204052
34,90.000000,36,31658481.120936
