arrival_rate,bp_parameter_L,bp_parameter_H,SJF_L2_norm_flow_time
34,13.000000,262144,6733806.879764
34,15.300000,32768,9410170.956015
34,19.700000,4096,13838373.600340
34,32.300000,512,23445067.909015
34,90.000000,18,34708200.508789
34,90.000000,27,33457101.741570
34,90.000000,36,31935731.046056
