arrival_rate,bp_parameter_L,bp_parameter_H,SJF_L2_norm_flow_time
34,13.000000,262144,54121515.399082
34,15.300000,32768,72252231.916174
34,19.700000,4096,109453383.700044
34,32.300000,512,184966211.289683
34,90.000000,18,281019597.917283
34,90.000000,27,267818463.594617
34,90.000000,36,253925368.111968
34,300.000000,150,32408328.207309
34,1500.000000,600,181458898.071072
34,8000.000000,3000,984564390.526787
