arrival_rate,bp_parameter_L,bp_parameter_H,SJF_L2_norm_flow_time
34,13.000000,262144,52372521.619132
34,15.300000,32768,74281971.137302
34,19.700000,4096,108024668.930274
34,32.300000,512,188441215.803480
34,90.000000,18,280266357.348929
34,90.000000,27,266879470.750304
34,90.000000,36,255181933.352385
34,300.000000,150,32796874.541220
34,1500.000000,600,180345654.062380
34,8000.000000,3000,981978393.589145
