arrival_rate,bp_parameter_L,bp_parameter_H,SJF_L2_norm_flow_time
34,13.000000,262144,53778040.768810
34,15.300000,32768,74583043.371816
34,19.700000,4096,110647841.394905
34,32.300000,512,185912954.049397
