arrival_rate,bp_parameter_L,bp_parameter_H,SJF_L2_norm_flow_time
36,13.000000,262144,50813027.201630
36,15.300000,32768,69433357.297011
36,19.700000,4096,107341051.898659
36,32.300000,512,179865986.507409
