arrival_rate,bp_parameter_L,bp_parameter_H,SJF_L2_norm_flow_time
36,13.000000,262144,50175894.407376
36,15.300000,32768,70266841.051961
36,19.700000,4096,107010049.900296
36,32.300000,512,183214920.233889
36,90.000000,18,273468451.280047
36,90.000000,27,259331021.594818
36,90.000000,36,250234954.498515
36,300.000000,150,32338088.391142
36,1500.000000,600,184427120.108858
36,8000.000000,3000,991741062.773411
