arrival_rate,bp_parameter_L,bp_parameter_H,SJF_L2_norm_flow_time
36,13.000000,262144,6325812.733308
36,15.300000,32768,8298616.803849
36,19.700000,4096,13544133.982462
36,32.300000,512,22545019.312275
36,90.000000,18,34084712.821907
36,90.000000,27,32891123.859650
36,90.000000,36,30979849.748773
