arrival_rate,bp_parameter_L,bp_parameter_H,SJF_L2_norm_flow_time
36,13.000000,262144,6431906.129169
36,15.300000,32768,8747213.223721
36,19.700000,4096,13200568.822424
36,32.300000,512,22877273.402557
36,90.000000,18,34452670.419549
36,90.000000,27,32439571.476919
36,90.000000,36,31131847.126217
