arrival_rate,bp_parameter_L,bp_parameter_H,SJF_L2_norm_flow_time
36,13.000000,262144,51031448.520216
36,15.300000,32768,68405799.007832
36,19.700000,4096,105300029.174788
36,32.300000,512,181490639.151789
36,90.000000,18,273695727.687427
36,90.000000,27,261894025.465294
36,90.000000,36,247794664.455770
36,300.000000,150,32020712.643388
36,1500.000000,600,181026271.369866
36,8000.000000,3000,986517532.257621
