arrival_rate,bp_parameter_L,bp_parameter_H,SJF_L2_norm_flow_time
36,13.000000,262144,47756784.935676
36,15.300000,32768,70083816.882639
36,19.700000,4096,107600456.373654
36,32.300000,512,184006441.421912
