arrival_rate,bp_parameter_L,bp_parameter_H,SJF_L2_norm_flow_time
36,13.000000,262144,49431383.458014
36,15.300000,32768,72854314.984279
36,19.700000,4096,106035688.595565
36,32.300000,512,184918768.113636
36,90.000000,18,272921788.775942
36,90.000000,27,260450597.158623
36,90.000000,36,248501771.095542
36,300.000000,150,31575105.566165
36,1500.000000,600,179284736.110375
36,8000.000000,3000,990126169.443599
