arrival_rate,bp_parameter_L,bp_parameter_H,SJF_L2_norm_flow_time
38,13.000000,262144,45849046.849288
38,15.300000,32768,64871268.360955
38,19.700000,4096,102818443.475266
38,32.300000,512,176549635.759623
38,90.000000,18,268670383.771309
38,90.000000,27,254807973.193390
38,90.000000,36,243516061.672227
38,300.000000,150,32380465.851484
38,1500.000000,600,182101917.560555
38,8000.000000,3000,989285019.015972
