arrival_rate,bp_parameter_L,bp_parameter_H,SJF_L2_norm_flow_time
38,13.000000,262144,5516165.153552
38,15.300000,32768,8457757.862553
38,19.700000,4096,12690246.983250
38,32.300000,512,21496220.875948
38,90.000000,18,33826653.660657
38,90.000000,27,32087498.809475
38,90.000000,36,30427688.213176
