arrival_rate,bp_parameter_L,bp_parameter_H,SJF_L2_norm_flow_time
38,13.000000,262144,6092400.683415
38,15.300000,32768,8420590.069523
38,19.700000,4096,12819320.402265
38,32.300000,512,21960891.846340
38,90.000000,18,33499489.457953
38,90.000000,27,31900822.737057
38,90.000000,36,30403724.578486
