arrival_rate,bp_parameter_L,bp_parameter_H,SJF_L2_norm_flow_time
38,13.000000,262144,45494960.535744
38,15.300000,32768,65999752.812371
38,19.700000,4096,101385141.183848
38,32.300000,512,177109918.752198
38,90.000000,18,267077059.613349
38,90.000000,27,255533256.170080
38,90.000000,36,244481850.039553
38,300.000000,150,31494076.267603
38,1500.000000,600,180838071.610266
38,8000.000000,3000,991198611.632919
