arrival_rate,bp_parameter_L,bp_parameter_H,SJF_L2_norm_flow_time
38,13.000000,262144,5755916.099855
38,15.300000,32768,8075300.593748
38,19.700000,4096,13156281.713893
38,32.300000,512,21692209.402164
38,90.000000,18,34081999.823128
38,90.000000,27,31733991.841512
38,90.000000,36,30835719.003437
