arrival_rate,bp_parameter_L,bp_parameter_H,SJF_L2_norm_flow_time
38,13.000000,262144,45421746.463428
38,15.300000,32768,66598495.112020
38,19.700000,4096,99840414.074385
38,32.300000,512,181127070.303644
