arrival_rate,bp_parameter_L,bp_parameter_H,SJF_L2_norm_flow_time
38,13.000000,262144,5516825.167059
38,15.300000,32768,7424143.513825
38,19.700000,4096,12329128.529702
38,32.300000,512,22505324.651611
38,90.000000,18,33445563.657739
38,90.000000,27,31957731.010590
38,90.000000,36,30362190.474407
