arrival_rate,bp_parameter_L,bp_parameter_H,SJF_L2_norm_flow_time
40,13.000000,262144,40589339.514042
40,15.300000,32768,62353468.337133
40,19.700000,4096,96970890.304102
40,32.300000,512,174480805.219609
40,90.000000,18,262248908.893010
40,90.000000,27,248716149.017738
40,90.000000,36,237434187.119952
40,300.000000,150,32291546.997981
40,1500.000000,600,179929010.043161
40,8000.000000,3000,982592342.338931
