arrival_rate,bp_parameter_L,bp_parameter_H,SJF_L2_norm_flow_time
40,13.000000,262144,5298345.659307
40,15.300000,32768,8224885.372887
40,19.700000,4096,12247353.248147
40,32.300000,512,21839432.907559
40,90.000000,18,32728976.719582
40,90.000000,27,30940682.977275
40,90.000000,36,29790793.964724
