arrival_rate,bp_parameter_L,bp_parameter_H,SJF_L2_norm_flow_time
40,13.000000,262144,5534483.173595
40,15.300000,32768,7887377.263676
40,19.700000,4096,12367385.640200
40,32.300000,512,21649889.926328
40,90.000000,18,32475989.475366
40,90.000000,27,31143271.378051
40,90.000000,36,30208894.156960
