arrival_rate,bp_parameter_L,bp_parameter_H,SJF_L2_norm_flow_time
40,13.000000,262144,41547470.054744
40,15.300000,32768,64056062.491301
40,19.700000,4096,98319197.306511
40,32.300000,512,171259899.751487
40,90.000000,18,263136675.847975
40,90.000000,27,249225479.359611
40,90.000000,36,237511252.860430
40,300.000000,150,31938742.279492
40,1500.000000,600,180937143.405544
40,8000.000000,3000,980451214.964943
