arrival_rate,bp_parameter_L,bp_parameter_H,SJF_L2_norm_flow_time
40,13.000000,262144,43063160.326867
40,15.300000,32768,61334623.810343
40,19.700000,4096,97205865.341111
40,32.300000,512,171881763.383454
40,90.000000,18,262256688.547723
40,90.000000,27,250847346.281693
40,90.000000,36,236805350.525719
40,300.000000,150,32050784.171511
40,1500.000000,600,181473561.571188
40,8000.000000,3000,984095764.494877
