arrival_rate,bp_parameter_L,bp_parameter_H,SJF_L2_norm_flow_time
40,13.000000,262144,44151942.105381
40,15.300000,32768,63849919.969783
40,19.700000,4096,96804016.919542
40,32.300000,512,171929444.070549
