arrival_rate,bp_parameter_L,bp_parameter_H,SJF_L2_norm_flow_time
40,13.000000,262144,42122720.306037
40,15.300000,32768,63682240.111192
40,19.700000,4096,98115545.040059
40,32.300000,512,172376048.332685
40,90.000000,18,261330279.736915
40,90.000000,27,248793273.635207
40,90.000000,36,238487553.652900
40,300.000000,150,31927794.976564
40,1500.000000,600,180222595.240400
40,8000.000000,3000,996463238.805362
