arrival_rate,bp_parameter_L,bp_parameter_H,SJF_L2_norm_flow_time
40,13.000000,262144,44487823.472507
40,15.300000,32768,63696004.456213
40,19.700000,4096,95796739.652048
40,32.300000,512,171836685.697000
