arrival_rate,bp_parameter_L,bp_parameter_H,SJF_L2_norm_flow_time
40,13.000000,262144,5514840.221128
40,15.300000,32768,7828381.607840
40,19.700000,4096,11847983.958459
40,32.300000,512,21675525.144272
40,90.000000,18,33068674.341694
40,90.000000,27,31055735.361232
40,90.000000,36,29306154.911583
