arrival_rate,bp_parameter_L,bp_parameter_H,MLFQ_L2_norm_flow_time
20,8.500000,262144,7903454.633559
20,9.800000,32768,10441019.617394
20,12.400000,4096,14428446.218791
20,18.900000,512,23719886.257403
20,56.300000,64,40828553.220118
20,60.000000,12,39139100.823034
20,60.000000,18,37319681.357003
20,60.000000,24,36576099.294505
