arrival_rate,bp_parameter_L,bp_parameter_H,MLFQ_L2_norm_flow_time
22,8.500000,262144,6799570.339680
22,9.800000,32768,8486097.310313
22,12.400000,4096,13695428.788170
22,18.900000,512,23070474.098443
22,56.300000,64,38970717.956096
22,60.000000,12,37748417.456439
22,60.000000,18,35745477.341830
22,60.000000,24,34301901.466989
