arrival_rate,bp_parameter_L,bp_parameter_H,MLFQ_L2_norm_flow_time
26,8.500000,262144,5905273.267204
26,9.800000,32768,8027356.509310
26,12.400000,4096,12299435.734346
26,18.900000,512,19977998.250131
26,56.300000,64,35587898.130193
26,60.000000,12,34315425.887252
26,60.000000,18,32881243.174557
26,60.000000,24,30862348.975694
