arrival_rate,bp_parameter_L,bp_parameter_H,MLFQ_L2_norm_flow_time
28,8.500000,262144,5187649.329286
28,9.800000,32768,6811401.221699
28,12.400000,4096,11376191.173050
28,18.900000,512,19157035.130375
28,56.300000,64,33102568.976938
28,60.000000,12,32049447.417434
28,60.000000,18,31550045.115843
28,60.000000,24,29433320.667902
