arrival_rate,bp_parameter_L,bp_parameter_H,MLFQ_L2_norm_flow_time
28,8.500000,262144,4831716.507397
28,9.800000,32768,7021540.311156
28,12.400000,4096,10767624.293986
28,18.900000,512,19838813.553285
28,56.300000,64,33200308.126869
28,60.000000,12,32656118.999041
28,60.000000,18,30462452.424802
28,60.000000,24,29591556.943059
