arrival_rate,bp_parameter_L,bp_parameter_H,MLFQ_L2_norm_flow_time
30,8.500000,262144,4372254.486843
30,9.800000,32768,6519349.525528
30,12.400000,4096,10197826.022405
30,18.900000,512,18682991.805885
30,56.300000,64,31647965.915302
30,60.000000,12,30625761.431299
30,60.000000,18,28453049.781545
30,60.000000,24,28103903.075544
