arrival_rate,bp_parameter_L,bp_parameter_H,MLFQ_L2_norm_flow_time
32,8.500000,262144,3848449.365252
32,9.800000,32768,5269539.395507
32,12.400000,4096,9261728.687822
32,18.900000,512,17856909.049430
32,56.300000,64,29474536.011491
32,60.000000,12,28770356.380518
32,60.000000,18,27479037.842836
32,60.000000,24,26764960.722313
