arrival_rate,bp_parameter_L,bp_parameter_H,MLFQ_L2_norm_flow_time
34,8.500000,262144,3275888.034361
34,9.800000,32768,4990398.931582
34,12.400000,4096,7449141.834193
34,18.900000,512,15959365.775675
34,56.300000,64,28063769.346262
34,60.000000,12,27197422.485987
34,60.000000,18,26128969.211031
34,60.000000,24,25903802.754896
