arrival_rate,bp_parameter_L,bp_parameter_H,MLFQ_L2_norm_flow_time
36,8.500000,262144,3437806.375574
36,9.800000,32768,4334844.069667
36,12.400000,4096,7866665.451632
36,18.900000,512,15395034.335519
36,56.300000,64,25393966.497486
36,60.000000,12,24755465.318888
36,60.000000,18,23502851.109985
36,60.000000,24,23292024.374697
