arrival_rate,bp_parameter_L,bp_parameter_H,MLFQ_L2_norm_flow_time
36,8.500000,262144,2658004.663258
36,9.800000,32768,4261627.863280
36,12.400000,4096,8677552.445044
36,18.900000,512,14690299.194214
36,56.300000,64,25848082.970295
36,60.000000,12,25136276.553373
36,60.000000,18,23986957.980721
36,60.000000,24,22764882.617419
