arrival_rate,bp_parameter_L,bp_parameter_H,MLFQ_L2_norm_flow_time
40,8.500000,262144,3222660.214315
40,9.800000,32768,4097524.896586
40,12.400000,4096,6343640.936745
40,18.900000,512,13012014.833242
40,56.300000,64,22309938.382177
40,60.000000,12,21669432.522829
40,60.000000,18,21180687.796512
40,60.000000,24,20549018.428825
