arrival_rate,bp_parameter_L,bp_parameter_H,MLFQ_L2_norm_flow_time
40,8.500000,262144,1333593.533341
40,9.800000,32768,4207635.012330
40,12.400000,4096,5965203.365543
40,18.900000,512,12306658.554649
40,56.300000,64,21905330.351485
40,60.000000,12,20853265.266409
40,60.000000,18,20640809.501576
40,60.000000,24,19503530.860403
