arrival_rate,bp_parameter_L,bp_parameter_H,RR_L2_norm_flow_time
20,4.073000,262144,6542434.551435
20,4.639000,32768,12671061.395136
20,5.649000,4096,21280907.644045
20,7.918000,512,43491945.170427
20,16.772000,64,77276959.909651
20,30.000000,6,84722564.242172
20,30.000000,9,84011917.385132
20,30.000000,12,79934434.791999
