arrival_rate,bp_parameter_L,bp_parameter_H,RR_L2_norm_flow_time
20,4.073000,262144,7609435.271711
20,4.639000,32768,12922328.495491
20,5.649000,4096,22670144.237531
20,7.918000,512,42416995.025351
20,16.772000,64,79950798.779809
