arrival_rate,bp_parameter_L,bp_parameter_H,RR_L2_norm_flow_time
20,4.073000,262144,442322.963836
20,4.639000,32768,1547284.918205
20,5.649000,4096,2518289.963348
20,7.918000,512,5409901.373326
20,16.772000,64,9883236.586007
20,30.000000,6,10021060.586815
20,30.000000,9,10723110.225214
20,30.000000,12,9994927.666884
