arrival_rate,bp_parameter_L,bp_parameter_H,RR_L2_norm_flow_time
20,4.073000,262144,7785069.514880
20,4.639000,32768,11705063.977618
20,5.649000,4096,21630746.678190
20,7.918000,512,42449061.198745
20,16.772000,64,78660816.591086
20,30.000000,6,85250500.592178
20,30.000000,9,82490075.684350
20,30.000000,12,80553138.107032
