arrival_rate,bp_parameter_L,bp_parameter_H,RR_L2_norm_flow_time
20,4.073000,262144,1382101.706390
20,4.639000,32768,1600377.364338
20,5.649000,4096,2313691.037097
20,7.918000,512,5543982.974918
20,16.772000,64,9836350.604440
20,30.000000,6,10604774.037891
20,30.000000,9,10514491.492736
20,30.000000,12,10300022.353327
