arrival_rate,bp_parameter_L,bp_parameter_H,RR_L2_norm_flow_time
20,4.073000,262144,8092560.809951
20,4.639000,32768,12362325.459049
20,5.649000,4096,22225417.138572
20,7.918000,512,42574182.640089
20,16.772000,64,78846894.784797
