arrival_rate,bp_parameter_L,bp_parameter_H,RR_L2_norm_flow_time
22,4.073000,262144,3794611.846096
22,4.639000,32768,7178980.284272
22,5.649000,4096,18440399.028006
22,7.918000,512,34349574.319785
22,16.772000,64,64790177.319015
22,30.000000,6,70036192.486253
22,30.000000,9,68554399.677831
22,30.000000,12,67318292.151688
