arrival_rate,bp_parameter_L,bp_parameter_H,RR_L2_norm_flow_time
22,4.073000,262144,3676844.713344
22,4.639000,32768,8689585.893817
22,5.649000,4096,18923829.145754
22,7.918000,512,33810546.703475
22,16.772000,64,66088697.922819
