arrival_rate,bp_parameter_L,bp_parameter_H,RR_L2_norm_flow_time
22,4.073000,262144,578003.252910
22,4.639000,32768,1579442.495742
22,5.649000,4096,2084797.927361
22,7.918000,512,4204020.790447
22,16.772000,64,8100209.849669
22,30.000000,6,8784319.384921
22,30.000000,9,8502063.604678
22,30.000000,12,8499242.127938
