arrival_rate,bp_parameter_L,bp_parameter_H,RR_L2_norm_flow_time
22,4.073000,262144,4810284.306084
22,4.639000,32768,7689892.586600
22,5.649000,4096,18034372.547513
22,7.918000,512,35584396.372350
22,16.772000,64,64803390.966513
