arrival_rate,bp_parameter_L,bp_parameter_H,RR_L2_norm_flow_time
22,4.073000,262144,6105441.707427
22,4.639000,32768,7948599.026131
22,5.649000,4096,17004059.881642
22,7.918000,512,34581980.448063
22,16.772000,64,66221505.704140
22,30.000000,6,70093035.852849
22,30.000000,9,68129548.442315
22,30.000000,12,66297964.298158
