arrival_rate,bp_parameter_L,bp_parameter_H,RR_L2_norm_flow_time
22,4.073000,262144,603835.777897
22,4.639000,32768,1249969.571298
22,5.649000,4096,2391311.449500
22,7.918000,512,4011455.993228
22,16.772000,64,8060877.340183
22,30.000000,6,8282304.404377
22,30.000000,9,8410668.529381
22,30.000000,12,8829854.624829
