arrival_rate,bp_parameter_L,bp_parameter_H,RR_L2_norm_flow_time
24,4.073000,262144,3409919.105520
24,4.639000,32768,8660527.574857
24,5.649000,4096,13247666.404891
24,7.918000,512,28697383.403364
24,16.772000,64,49284491.160259
