arrival_rate,bp_parameter_L,bp_parameter_H,RR_L2_norm_flow_time
24,4.073000,262144,3196757.394700
24,4.639000,32768,5157684.712952
24,5.649000,4096,11432608.744650
24,7.918000,512,28802948.270733
24,16.772000,64,51381982.034469
