arrival_rate,bp_parameter_L,bp_parameter_H,RR_L2_norm_flow_time
24,4.073000,262144,275393.069624
24,4.639000,32768,970746.956908
24,5.649000,4096,1825388.031298
24,7.918000,512,3712609.314939
24,16.772000,64,6190843.668117
24,30.000000,6,6300267.339257
24,30.000000,9,6685511.232246
24,30.000000,12,6234835.460293
