arrival_rate,bp_parameter_L,bp_parameter_H,RR_L2_norm_flow_time
26,4.073000,262144,1839740.717744
26,4.639000,32768,2294852.604632
26,5.649000,4096,9719113.319660
26,7.918000,512,18676409.796497
26,16.772000,64,35312048.283590
26,30.000000,6,36606406.319149
26,30.000000,9,36693609.703001
26,30.000000,12,36741318.927699
26,50.000000,25,5690704.687301
26,250.000000,100,46733297.131773
26,1000.000000,400,201706511.609332
