arrival_rate,bp_parameter_L,bp_parameter_H,RR_L2_norm_flow_time
26,4.073000,262144,494683.261559
26,4.639000,32768,847156.824777
26,5.649000,4096,988239.712234
26,7.918000,512,2119240.708674
26,16.772000,64,4759245.229266
26,30.000000,6,5158476.419026
26,30.000000,9,4295291.202000
26,30.000000,12,4527628.677146
