arrival_rate,bp_parameter_L,bp_parameter_H,RR_L2_norm_flow_time
26,4.073000,262144,2581629.058829
26,4.639000,32768,4252718.772117
26,5.649000,4096,9197041.410399
26,7.918000,512,19878453.409712
26,16.772000,64,36482418.665856
