arrival_rate,bp_parameter_L,bp_parameter_H,RR_L2_norm_flow_time
26,4.073000,262144,845931.338321
26,4.639000,32768,3507202.336925
26,5.649000,4096,6521714.039644
26,7.918000,512,18010786.029248
26,16.772000,64,37465712.187020
