arrival_rate,bp_parameter_L,bp_parameter_H,RR_L2_norm_flow_time
26,4.073000,262144,1528080.401847
26,4.639000,32768,3874384.598247
26,5.649000,4096,9303479.770719
26,7.918000,512,21535169.435486
26,16.772000,64,36481488.787361
26,30.000000,6,37005302.573463
26,30.000000,9,37895989.558940
26,30.000000,12,35981164.576014
26,50.000000,25,5552221.797671
26,250.000000,100,46991537.859205
26,1000.000000,400,200639494.555146
