arrival_rate,bp_parameter_L,bp_parameter_H,RR_L2_norm_flow_time
26,4.073000,262144,1710891.113825
26,4.639000,32768,5124888.961970
26,5.649000,4096,9113005.208098
26,7.918000,512,19869360.699229
26,16.772000,64,35480418.827646
26,30.000000,6,40480657.874859
26,30.000000,9,38627095.533325
26,30.000000,12,36563143.505310
26,50.000000,25,5663261.486357
26,250.000000,100,47496737.956933
26,1000.000000,400,200319832.110019
