arrival_rate,bp_parameter_L,bp_parameter_H,RR_L2_norm_flow_time
26,4.073000,262144,1350075.133951
26,4.639000,32768,5181227.629858
26,5.649000,4096,9277579.492397
26,7.918000,512,17449610.671342
26,16.772000,64,34672523.760393
26,30.000000,6,37556952.597374
26,30.000000,9,36130050.547580
26,30.000000,12,35015353.719711
26,50.000000,25,5482614.998593
26,250.000000,100,47565305.975680
26,1000.000000,400,200097435.789791
