arrival_rate,bp_parameter_L,bp_parameter_H,RR_L2_norm_flow_time
28,4.073000,262144,1060845.285892
28,4.639000,32768,3615798.861471
28,5.649000,4096,4336267.771721
28,7.918000,512,13440391.350418
28,16.772000,64,21661287.992464
