arrival_rate,bp_parameter_L,bp_parameter_H,RR_L2_norm_flow_time
28,4.073000,262144,1486647.117361
28,4.639000,32768,2246665.787833
28,5.649000,4096,7186585.755838
28,7.918000,512,11076456.144212
28,16.772000,64,20798340.674693
28,30.000000,6,20001382.848699
28,30.000000,9,20941136.898300
28,30.000000,12,19119824.489865
28,50.000000,25,5375058.872824
28,250.000000,100,47115854.736947
28,1000.000000,400,198620472.579891
