arrival_rate,bp_parameter_L,bp_parameter_H,RR_L2_norm_flow_time
28,4.073000,262144,366829.349686
28,4.639000,32768,188939.016635
28,5.649000,4096,1159763.541355
28,7.918000,512,1626546.384077
28,16.772000,64,2188174.912483
28,30.000000,6,2436697.427485
28,30.000000,9,2745464.232687
28,30.000000,12,2209125.568402
