arrival_rate,bp_parameter_L,bp_parameter_H,RR_L2_norm_flow_time
28,4.073000,262144,3336620.081010
28,4.639000,32768,2315459.320490
28,5.649000,4096,5219874.858215
28,7.918000,512,13223358.684641
28,16.772000,64,21440473.911092
28,30.000000,6,20792439.999343
28,30.000000,9,21041654.396656
28,30.000000,12,22389914.432147
28,50.000000,25,5194127.488584
28,250.000000,100,47689154.561226
28,1000.000000,400,199627346.574502
