arrival_rate,bp_parameter_L,bp_parameter_H,RR_L2_norm_flow_time
28,4.073000,262144,306207.618424
28,4.639000,32768,449453.494595
28,5.649000,4096,985376.441537
28,7.918000,512,1528328.272278
28,16.772000,64,2735407.616406
28,30.000000,6,2969790.335747
28,30.000000,9,2545497.608555
28,30.000000,12,2566166.431999
