arrival_rate,bp_parameter_L,bp_parameter_H,RR_L2_norm_flow_time
30,4.073000,262144,413385.725600
30,4.639000,32768,180063.482558
30,5.649000,4096,417166.181074
30,7.918000,512,374840.898622
30,16.772000,64,609628.962923
30,30.000000,6,154582.973936
30,30.000000,9,981389.790042
30,30.000000,12,711799.056694
