arrival_rate,bp_parameter_L,bp_parameter_H,RR_L2_norm_flow_time
30,4.073000,262144,827243.514441
30,4.639000,32768,1900852.477790
30,5.649000,4096,1335326.811027
30,7.918000,512,2444410.420683
30,16.772000,64,5331500.112708
