arrival_rate,bp_parameter_L,bp_parameter_H,RR_L2_norm_flow_time
30,4.073000,262144,918208.887202
30,4.639000,32768,824833.762605
30,5.649000,4096,3692478.172303
30,7.918000,512,3222145.102171
30,16.772000,64,6941520.410119
