arrival_rate,bp_parameter_L,bp_parameter_H,RR_L2_norm_flow_time
30,4.073000,262144,58884.073424
30,4.639000,32768,134978.785155
30,5.649000,4096,865879.288074
30,7.918000,512,829734.413161
30,16.772000,64,554651.050811
30,30.000000,6,692519.116659
30,30.000000,9,303334.593451
30,30.000000,12,642345.995435
