arrival_rate,bp_parameter_L,bp_parameter_H,RR_L2_norm_flow_time
30,4.073000,262144,1225527.381861
30,4.639000,32768,1890521.284451
30,5.649000,4096,410975.527910
30,7.918000,512,717319.224466
30,16.772000,64,5690001.763641
30,30.000000,6,4916832.664272
30,30.000000,9,4812097.660702
30,30.000000,12,5159872.644493
30,50.000000,25,4851511.123886
30,250.000000,100,46506404.526336
30,1000.000000,400,199389260.189198
