arrival_rate,bp_parameter_L,bp_parameter_H,RR_L2_norm_flow_time
30,4.073000,262144,2042577.154117
30,4.639000,32768,1601356.887770
30,5.649000,4096,640121.187529
30,7.918000,512,2715143.294436
30,16.772000,64,1495514.131670
