arrival_rate,bp_parameter_L,bp_parameter_H,RR_L2_norm_flow_time
30,4.073000,262144,891774.418569
30,4.639000,32768,4130115.699928
30,5.649000,4096,2909552.652254
30,7.918000,512,2552408.078141
30,16.772000,64,3838880.696900
30,30.000000,6,4991963.059929
30,30.000000,9,5324601.647636
30,30.000000,12,4678381.144789
