arrival_rate,bp_parameter_L,bp_parameter_H,RR_L2_norm_flow_time
30,4.073000,262144,155284.853640
30,4.639000,32768,329335.004391
30,5.649000,4096,461722.416412
30,7.918000,512,548660.709366
30,16.772000,64,688785.999917
30,30.000000,6,227460.988565
30,30.000000,9,860638.314098
30,30.000000,12,598061.266795
