arrival_rate,bp_parameter_L,bp_parameter_H,RR_L2_norm_flow_time
32,4.073000,262144,903469.201163
32,4.639000,32768,390720.321520
32,5.649000,4096,524821.060738
32,7.918000,512,548698.518465
32,16.772000,64,190902.930101
