arrival_rate,bp_parameter_L,bp_parameter_H,RR_L2_norm_flow_time
32,4.073000,262144,739081.516405
32,4.639000,32768,860437.057637
32,5.649000,4096,1015508.606153
32,7.918000,512,371591.301172
32,16.772000,64,161713.295025
32,30.000000,6,193620.890727
32,30.000000,9,190680.618483
32,30.000000,12,164897.789467
