arrival_rate,bp_parameter_L,bp_parameter_H,RR_L2_norm_flow_time
32,4.073000,262144,41093.477986
32,4.639000,32768,56038.309682
32,5.649000,4096,118626.078410
32,7.918000,512,84345.594758
32,16.772000,64,41809.342485
32,30.000000,6,112659.042207
32,30.000000,9,76052.370180
32,30.000000,12,80290.804386
