arrival_rate,bp_parameter_L,bp_parameter_H,RR_L2_norm_flow_time
32,4.073000,262144,181516.286209
32,4.639000,32768,362086.165423
32,5.649000,4096,294662.511844
32,7.918000,512,313220.388189
32,16.772000,64,212524.664056
