arrival_rate,bp_parameter_L,bp_parameter_H,RR_L2_norm_flow_time
34,4.073000,262144,390734.133175
34,4.639000,32768,90538.863523
34,5.649000,4096,102248.961506
34,7.918000,512,80976.102271
34,16.772000,64,31969.949234
34,30.000000,6,33204.193892
34,30.000000,9,33440.568102
34,30.000000,12,41248.853366
