arrival_rate,bp_parameter_L,bp_parameter_H,RR_L2_norm_flow_time
34,4.073000,262144,425715.144499
34,4.639000,32768,398313.396850
34,5.649000,4096,218766.199318
34,7.918000,512,139099.635600
34,16.772000,64,87729.236290
34,30.000000,6,80452.494051
34,30.000000,9,84019.329574
34,30.000000,12,81331.517064
