arrival_rate,bp_parameter_L,bp_parameter_H,RR_L2_norm_flow_time
34,4.073000,262144,209199.758886
34,4.639000,32768,1678772.945317
34,5.649000,4096,169067.646512
34,7.918000,512,108946.181957
34,16.772000,64,82035.429541
