arrival_rate,bp_parameter_L,bp_parameter_H,RR_L2_norm_flow_time
34,4.073000,262144,449800.779910
34,4.639000,32768,385428.932780
34,5.649000,4096,176520.690042
34,7.918000,512,112604.286406
34,16.772000,64,87392.368082
34,30.000000,6,78642.540543
34,30.000000,9,72536.323935
34,30.000000,12,101444.909941
