arrival_rate,bp_parameter_L,bp_parameter_H,RR_L2_norm_flow_time
34,4.073000,262144,1635524.357205
34,4.639000,32768,498903.893536
34,5.649000,4096,235936.559229
34,7.918000,512,146983.297218
34,16.772000,64,70615.736221
34,30.000000,6,79532.433397
34,30.000000,9,90222.356664
34,30.000000,12,73972.877759
34,50.000000,25,3855418.524777
34,250.000000,100,46341957.660866
34,1000.000000,400,197946008.388068
