arrival_rate,bp_parameter_L,bp_parameter_H,RR_L2_norm_flow_time
36,4.073000,262144,1021625.345173
36,4.639000,32768,417034.804821
36,5.649000,4096,162163.724504
36,7.918000,512,88847.632371
36,16.772000,64,56583.474734
36,30.000000,6,51073.544864
36,30.000000,9,60300.337296
36,30.000000,12,54702.334201
