arrival_rate,bp_parameter_L,bp_parameter_H,RR_L2_norm_flow_time
36,4.073000,262144,840445.433302
36,4.639000,32768,229372.445479
36,5.649000,4096,186643.481175
36,7.918000,512,82153.348794
36,16.772000,64,55175.052324
