arrival_rate,bp_parameter_L,bp_parameter_H,RR_L2_norm_flow_time
36,4.073000,262144,227700.560225
36,4.639000,32768,377439.532871
36,5.649000,4096,181067.764392
36,7.918000,512,88630.946695
36,16.772000,64,53448.522468
36,30.000000,6,54494.966364
36,30.000000,9,52345.520869
36,30.000000,12,59078.411294
36,50.000000,25,3932388.202313
36,250.000000,100,46015178.306357
36,1000.000000,400,195028202.685952
