arrival_rate,bp_parameter_L,bp_parameter_H,RR_L2_norm_flow_time
36,4.073000,262144,561966.278257
36,4.639000,32768,244721.282309
36,5.649000,4096,156837.884393
36,7.918000,512,88652.970244
36,16.772000,64,53993.900785
36,30.000000,6,49759.991409
36,30.000000,9,56096.883398
36,30.000000,12,54437.002489
36,50.000000,25,3314850.234459
36,250.000000,100,46464146.668433
36,1000.000000,400,196796347.287370
