arrival_rate,bp_parameter_L,bp_parameter_H,RR_L2_norm_flow_time
36,4.073000,262144,207562.643159
36,4.639000,32768,24738.465454
36,5.649000,4096,65256.235434
36,7.918000,512,119612.673597
36,16.772000,64,25863.495046
36,30.000000,6,26299.268260
36,30.000000,9,26940.434443
36,30.000000,12,21682.950330
