arrival_rate,bp_parameter_L,bp_parameter_H,RR_L2_norm_flow_time
36,4.073000,262144,197455.946353
36,4.639000,32768,89323.012281
36,5.649000,4096,73222.060310
36,7.918000,512,44345.769077
36,16.772000,64,31042.875817
36,30.000000,6,29005.110963
36,30.000000,9,27703.144027
36,30.000000,12,31618.799139
