arrival_rate,bp_parameter_L,bp_parameter_H,RR_L2_norm_flow_time
36,4.073000,262144,530006.265704
36,4.639000,32768,476100.083053
36,5.649000,4096,190005.502531
36,7.918000,512,99418.109809
36,16.772000,64,53842.633414
