arrival_rate,bp_parameter_L,bp_parameter_H,RR_L2_norm_flow_time
36,4.073000,262144,62824.597691
36,4.639000,32768,41403.312742
36,5.649000,4096,114064.576868
36,7.918000,512,46608.451186
36,16.772000,64,25867.134669
36,30.000000,6,24841.297853
36,30.000000,9,24976.951896
36,30.000000,12,28942.277416
