arrival_rate,bp_parameter_L,bp_parameter_H,RR_L2_norm_flow_time
38,4.073000,262144,339824.987404
38,4.639000,32768,768372.728669
38,5.649000,4096,133294.946570
38,7.918000,512,74570.123863
38,16.772000,64,43270.841360
38,30.000000,6,43583.646956
38,30.000000,9,41588.666569
38,30.000000,12,41665.246405
38,50.000000,25,2792786.426389
38,250.000000,100,45580313.917114
38,1000.000000,400,198083680.929284
