arrival_rate,bp_parameter_L,bp_parameter_H,RR_L2_norm_flow_time
38,4.073000,262144,44960.048910
38,4.639000,32768,76479.038318
38,5.649000,4096,89940.642648
38,7.918000,512,27836.919980
38,16.772000,64,21286.729176
38,30.000000,6,18492.837397
38,30.000000,9,19981.540606
38,30.000000,12,21094.316581
