arrival_rate,bp_parameter_L,bp_parameter_H,RR_L2_norm_flow_time
38,4.073000,262144,64738.088209
38,4.639000,32768,128684.606286
38,5.649000,4096,44854.083638
38,7.918000,512,36664.539926
38,16.772000,64,18476.180044
38,30.000000,6,18850.287611
38,30.000000,9,20594.483436
38,30.000000,12,19488.029249
