arrival_rate,bp_parameter_L,bp_parameter_H,RR_L2_norm_flow_time
38,4.073000,262144,744779.496379
38,4.639000,32768,285073.331154
38,5.649000,4096,127601.652470
38,7.918000,512,63866.870105
38,16.772000,64,40657.247927
38,30.000000,6,39475.145459
38,30.000000,9,42517.881227
38,30.000000,12,40622.196728
38,50.000000,25,3268830.771985
38,250.000000,100,46066460.957289
38,1000.000000,400,199233422.882219
