arrival_rate,bp_parameter_L,bp_parameter_H,RR_L2_norm_flow_time
38,4.073000,262144,224539.241065
38,4.639000,32768,201035.584872
38,5.649000,4096,139249.396085
38,7.918000,512,72502.315887
38,16.772000,64,40317.059293
