arrival_rate,bp_parameter_L,bp_parameter_H,RR_L2_norm_flow_time
38,4.073000,262144,154960.631074
38,4.639000,32768,73595.093165
38,5.649000,4096,36687.782939
38,7.918000,512,36353.710100
38,16.772000,64,22898.435230
38,30.000000,6,21732.074659
38,30.000000,9,18651.409008
38,30.000000,12,21793.261757
