arrival_rate,bp_parameter_L,bp_parameter_H,RR_L2_norm_flow_time
38,4.073000,262144,512243.522763
38,4.639000,32768,289185.138766
38,5.649000,4096,142578.082313
38,7.918000,512,65657.267260
38,16.772000,64,42415.521734
