arrival_rate,bp_parameter_L,bp_parameter_H,RR_L2_norm_flow_time
38,4.073000,262144,419664.757171
38,4.639000,32768,363244.041350
38,5.649000,4096,141968.205335
38,7.918000,512,70891.787296
38,16.772000,64,40040.597560
