arrival_rate,bp_parameter_L,bp_parameter_H,RR_L2_norm_flow_time
38,4.073000,262144,207538.705843
38,4.639000,32768,55444.318041
38,5.649000,4096,46548.546143
38,7.918000,512,32162.257181
38,16.772000,64,23780.392575
38,30.000000,6,19296.532875
38,30.000000,9,18159.672849
38,30.000000,12,20516.162165
