arrival_rate,bp_parameter_L,bp_parameter_H,RR_L2_norm_flow_time
38,4.073000,262144,1808978.252630
38,4.639000,32768,320188.071848
38,5.649000,4096,194295.773598
38,7.918000,512,76763.742841
38,16.772000,64,43319.644066
38,30.000000,6,36935.742892
38,30.000000,9,42475.522386
38,30.000000,12,43975.406172
38,50.000000,25,3055445.031037
38,250.000000,100,46040916.433223
38,1000.000000,400,201516138.695600
