arrival_rate,bp_parameter_L,bp_parameter_H,RR_L2_norm_flow_time
38,4.073000,262144,504448.859429
38,4.639000,32768,455405.971262
38,5.649000,4096,154375.702781
38,7.918000,512,77098.024637
38,16.772000,64,41393.104788
38,30.000000,6,40711.198582
38,30.000000,9,42963.053453
38,30.000000,12,39457.513492
38,50.000000,25,3189885.450701
38,250.000000,100,45513062.369822
38,1000.000000,400,199329942.459043
