arrival_rate,bp_parameter_L,bp_parameter_H,RR_L2_norm_flow_time
40,4.073000,262144,196845.548748
40,4.639000,32768,157335.117463
40,5.649000,4096,101868.757865
40,7.918000,512,59700.682886
40,16.772000,64,34094.893049
40,30.000000,6,32066.818614
40,30.000000,9,35168.216176
40,30.000000,12,34069.347690
40,50.000000,25,2704502.988020
40,250.000000,100,45673170.006453
40,1000.000000,400,199393924.141483
