arrival_rate,bp_parameter_L,bp_parameter_H,RR_L2_norm_flow_time
40,4.073000,262144,124680.504166
40,4.639000,32768,65858.616369
40,5.649000,4096,64314.232966
40,7.918000,512,26235.514041
40,16.772000,64,17575.319257
40,30.000000,6,14593.176316
40,30.000000,9,16821.693702
40,30.000000,12,18569.147476
