arrival_rate,bp_parameter_L,bp_parameter_H,RR_L2_norm_flow_time
40,4.073000,262144,310596.098963
40,4.639000,32768,146294.981175
40,5.649000,4096,104910.538389
40,7.918000,512,56038.705401
40,16.772000,64,37430.056973
40,30.000000,6,33026.700865
40,30.000000,9,34010.360965
40,30.000000,12,35788.270201
40,50.000000,25,2989897.557336
40,250.000000,100,44933276.247735
40,1000.000000,400,199533182.257671
