arrival_rate,bp_parameter_L,bp_parameter_H,RR_L2_norm_flow_time
40,4.073000,262144,86749.403790
40,4.639000,32768,176867.972595
40,5.649000,4096,119841.398774
40,7.918000,512,60969.436433
40,16.772000,64,35575.071890
40,30.000000,6,32833.092392
40,30.000000,9,32345.684349
40,30.000000,12,35211.200065
40,50.000000,25,2850643.691336
40,250.000000,100,45665251.836371
40,1000.000000,400,196927324.526164
