arrival_rate,bp_parameter_L,bp_parameter_H,RR_L2_norm_flow_time
40,4.073000,262144,139039.658947
40,4.639000,32768,238980.329000
40,5.649000,4096,117380.022397
40,7.918000,512,63434.757625
40,16.772000,64,35855.375357
40,30.000000,6,32942.425442
40,30.000000,9,32424.170552
40,30.000000,12,35743.784914
40,50.000000,25,2752257.551965
40,250.000000,100,45849645.511955
40,1000.000000,400,199273999.910711
