arrival_rate,bp_parameter_L,bp_parameter_H,RR_L2_norm_flow_time
40,4.073000,262144,448536.485478
40,4.639000,32768,228775.689355
40,5.649000,4096,140163.884275
40,7.918000,512,67713.134848
40,16.772000,64,32426.633344
40,30.000000,6,33734.574653
40,30.000000,9,33826.261957
40,30.000000,12,34408.837702
