arrival_rate,bp_parameter_L,bp_parameter_H,RR_L2_norm_flow_time
40,4.073000,262144,281929.449859
40,4.639000,32768,246593.890847
40,5.649000,4096,112526.092863
40,7.918000,512,57612.165989
40,16.772000,64,34871.020447
