arrival_rate,bp_parameter_L,bp_parameter_H,SJF_L2_norm_flow_time
20,4.073000,262144,4883609.138673
20,4.639000,32768,6943715.875950
20,5.649000,4096,14119394.855628
20,7.918000,512,27211997.800857
20,16.772000,64,58541652.525784
20,30.000000,6,67298346.295009
20,30.000000,9,64640730.923181
20,30.000000,12,61372795.126124
20,50.000000,25,4187387.608439
20,250.000000,100,29254411.007090
20,1000.000000,400,120624766.148581
