arrival_rate,bp_parameter_L,bp_parameter_H,SJF_L2_norm_flow_time
20,4.073000,262144,6157522.324000
20,4.639000,32768,8565468.428026
20,5.649000,4096,14606942.245909
20,7.918000,512,28987876.201486
20,16.772000,64,58863978.606698
