arrival_rate,bp_parameter_L,bp_parameter_H,SJF_L2_norm_flow_time
20,4.073000,262144,4658719.091402
20,4.639000,32768,8596337.056323
20,5.649000,4096,14033668.712214
20,7.918000,512,28828318.023603
20,16.772000,64,58377946.838211
