arrival_rate,bp_parameter_L,bp_parameter_H,SJF_L2_norm_flow_time
20,4.073000,262144,5165666.745062
20,4.639000,32768,7872878.976594
20,5.649000,4096,14492174.805599
20,7.918000,512,28448733.900957
20,16.772000,64,58212993.066500
20,30.000000,6,67623570.969636
20,30.000000,9,63926235.222640
20,30.000000,12,61299255.421541
