arrival_rate,bp_parameter_L,bp_parameter_H,SJF_L2_norm_flow_time
20,4.073000,262144,1102427.448122
20,4.639000,32768,861390.835383
20,5.649000,4096,1668316.918314
20,7.918000,512,3239686.090812
20,16.772000,64,7402201.201210
20,30.000000,6,8463349.940487
20,30.000000,9,8067994.480176
20,30.000000,12,7632868.666675
