arrival_rate,bp_parameter_L,bp_parameter_H,SJF_L2_norm_flow_time
20,4.073000,262144,713722.637890
20,4.639000,32768,808296.445334
20,5.649000,4096,1691854.714916
20,7.918000,512,3538540.055533
20,16.772000,64,7485191.058876
20,30.000000,6,8541237.965618
20,30.000000,9,7957506.682064
20,30.000000,12,7686637.700063
