arrival_rate,bp_parameter_L,bp_parameter_H,SJF_L2_norm_flow_time
20,4.073000,262144,4581382.245693
20,4.639000,32768,7478086.409971
20,5.649000,4096,13456962.067102
20,7.918000,512,27962599.254315
20,16.772000,64,58636132.986885
20,30.000000,6,67592964.217463
20,30.000000,9,64028818.194930
20,30.000000,12,61597064.434981
