arrival_rate,bp_parameter_L,bp_parameter_H,SJF_L2_norm_flow_time
20,4.073000,262144,734294.097511
20,4.639000,32768,917138.009803
20,5.649000,4096,1741528.310493
20,7.918000,512,3555117.686095
20,16.772000,64,7187573.811797
20,30.000000,6,8298582.783624
20,30.000000,9,8031099.377295
20,30.000000,12,7727680.043216
