arrival_rate,bp_parameter_L,bp_parameter_H,SJF_L2_norm_flow_time
20,4.073000,262144,4459346.140280
20,4.639000,32768,8447730.802825
20,5.649000,4096,14695154.579808
20,7.918000,512,28111390.365602
20,16.772000,64,58832834.451392
20,30.000000,6,67785271.210581
20,30.000000,9,65414732.343476
20,30.000000,12,61093002.536094
