arrival_rate,bp_parameter_L,bp_parameter_H,SJF_L2_norm_flow_time
20,4.073000,262144,4137540.150542
20,4.639000,32768,7744982.702248
20,5.649000,4096,14492706.108204
20,7.918000,512,27516036.023985
20,16.772000,64,59034190.171793
20,30.000000,6,68125658.749418
20,30.000000,9,65243153.099745
20,30.000000,12,61257041.707899
