arrival_rate,bp_parameter_L,bp_parameter_H,SJF_L2_norm_flow_time
20,4.073000,262144,4337693.027467
20,4.639000,32768,8232702.744471
20,5.649000,4096,14169450.629294
20,7.918000,512,28803255.336080
20,16.772000,64,57581345.598249
20,30.000000,6,67178671.612870
20,30.000000,9,64920968.728814
20,30.000000,12,60934950.217701
