arrival_rate,bp_parameter_L,bp_parameter_H,SJF_L2_norm_flow_time
22,4.073000,262144,2277104.643535
22,4.639000,32768,6300173.532673
22,5.649000,4096,10699958.993726
22,7.918000,512,23888484.145948
22,16.772000,64,51447781.964500
22,30.000000,6,60075847.196331
22,30.000000,9,58183949.258448
22,30.000000,12,55252931.479278
