arrival_rate,bp_parameter_L,bp_parameter_H,SJF_L2_norm_flow_time
22,4.073000,262144,378617.401304
22,4.639000,32768,667511.705091
22,5.649000,4096,1141862.085722
22,7.918000,512,2989328.433174
22,16.772000,64,6345291.272638
22,30.000000,6,7420792.029606
22,30.000000,9,7321232.290841
22,30.000000,12,6772710.486759
