arrival_rate,bp_parameter_L,bp_parameter_H,SJF_L2_norm_flow_time
22,4.073000,262144,393358.426423
22,4.639000,32768,587676.076057
22,5.649000,4096,1149560.787781
22,7.918000,512,3008823.091239
22,16.772000,64,6402562.705369
22,30.000000,6,7577885.811520
22,30.000000,9,7156516.346593
22,30.000000,12,6727455.726385
