arrival_rate,bp_parameter_L,bp_parameter_H,SJF_L2_norm_flow_time
22,4.073000,262144,792270.891252
22,4.639000,32768,716089.396609
22,5.649000,4096,1301714.210629
22,7.918000,512,3251049.644427
22,16.772000,64,6604032.704081
22,30.000000,6,7685290.371679
22,30.000000,9,7203941.169251
22,30.000000,12,6931357.960190
