arrival_rate,bp_parameter_L,bp_parameter_H,SJF_L2_norm_flow_time
22,4.073000,262144,3678508.423169
22,4.639000,32768,6523963.949389
22,5.649000,4096,10682443.542234
22,7.918000,512,23935521.453106
22,16.772000,64,52135956.289213
22,30.000000,6,61162524.291550
22,30.000000,9,58471799.730281
22,30.000000,12,53809404.784703
