arrival_rate,bp_parameter_L,bp_parameter_H,SJF_L2_norm_flow_time
22,4.073000,262144,3181138.004448
22,4.639000,32768,5432144.687672
22,5.649000,4096,11939598.630347
22,7.918000,512,23042342.424536
22,16.772000,64,52408815.470780
