arrival_rate,bp_parameter_L,bp_parameter_H,SJF_L2_norm_flow_time
22,4.073000,262144,711916.827121
22,4.639000,32768,2035742.261383
22,5.649000,4096,1346802.906271
22,7.918000,512,3021175.509377
22,16.772000,64,6347685.395128
22,30.000000,6,7644108.939182
22,30.000000,9,7083801.545967
22,30.000000,12,6770658.520584
