arrival_rate,bp_parameter_L,bp_parameter_H,SJF_L2_norm_flow_time
22,4.073000,262144,3801315.956875
22,4.639000,32768,5646120.370622
22,5.649000,4096,10962795.838641
22,7.918000,512,23722606.992968
22,16.772000,64,52639748.768818
22,30.000000,6,61934482.334796
22,30.000000,9,57862462.064236
22,30.000000,12,56840886.827762
22,50.000000,25,4142695.859116
22,250.000000,100,28530311.296669
22,1000.000000,400,121248385.122724
