arrival_rate,bp_parameter_L,bp_parameter_H,SJF_L2_norm_flow_time
22,4.073000,262144,2952565.585561
22,4.639000,32768,5489392.134340
22,5.649000,4096,10990245.313390
22,7.918000,512,23824668.539191
22,16.772000,64,53321131.242608
22,30.000000,6,61138742.902122
22,30.000000,9,58429946.921912
22,30.000000,12,55271438.464252
