arrival_rate,bp_parameter_L,bp_parameter_H,SJF_L2_norm_flow_time
22,4.073000,262144,3167165.162191
22,4.639000,32768,5142140.291931
22,5.649000,4096,11862554.791646
22,7.918000,512,24202816.510427
22,16.772000,64,51716567.582319
