arrival_rate,bp_parameter_L,bp_parameter_H,SJF_L2_norm_flow_time
24,4.073000,262144,2119962.446510
24,4.639000,32768,3438458.695209
24,5.649000,4096,7768843.217268
24,7.918000,512,20130324.785911
24,16.772000,64,45318164.409111
