arrival_rate,bp_parameter_L,bp_parameter_H,SJF_L2_norm_flow_time
24,4.073000,262144,2303487.498294
24,4.639000,32768,4252454.833840
24,5.649000,4096,7976778.530297
24,7.918000,512,18984350.485336
24,16.772000,64,44918257.162354
