arrival_rate,bp_parameter_L,bp_parameter_H,SJF_L2_norm_flow_time
24,4.073000,262144,1595970.699041
24,4.639000,32768,3866455.113011
24,5.649000,4096,8962097.149971
24,7.918000,512,19666352.221026
24,16.772000,64,44304648.174823
24,30.000000,6,52854703.079373
24,30.000000,9,50495910.388816
24,30.000000,12,47586540.255288
