arrival_rate,bp_parameter_L,bp_parameter_H,SJF_L2_norm_flow_time
24,4.073000,262144,91626.191610
24,4.639000,32768,458574.076654
24,5.649000,4096,1227013.593879
24,7.918000,512,2051085.495913
24,16.772000,64,5597967.865824
24,30.000000,6,6597450.494521
24,30.000000,9,6058041.221194
24,30.000000,12,6174561.108512
