arrival_rate,bp_parameter_L,bp_parameter_H,SJF_L2_norm_flow_time
24,4.073000,262144,2375336.588252
24,4.639000,32768,4310600.256847
24,5.649000,4096,9312816.195966
24,7.918000,512,20109037.471238
24,16.772000,64,44879020.652897
24,30.000000,6,53775051.119034
24,30.000000,9,50479274.294078
24,30.000000,12,45975328.474619
