arrival_rate,bp_parameter_L,bp_parameter_H,SJF_L2_norm_flow_time
24,4.073000,262144,343164.006816
24,4.639000,32768,434745.592105
24,5.649000,4096,1077641.160593
24,7.918000,512,2235899.482794
24,16.772000,64,5504094.668015
24,30.000000,6,6366801.903239
24,30.000000,9,5866928.552430
24,30.000000,12,5929431.865688
