arrival_rate,bp_parameter_L,bp_parameter_H,SJF_L2_norm_flow_time
24,4.073000,262144,463553.681554
24,4.639000,32768,346471.539061
24,5.649000,4096,1084353.152846
24,7.918000,512,2380331.805714
24,16.772000,64,5514634.304985
24,30.000000,6,6690573.826343
24,30.000000,9,6229284.708207
24,30.000000,12,6003017.634073
