arrival_rate,bp_parameter_L,bp_parameter_H,SJF_L2_norm_flow_time
24,4.073000,262144,2506276.168108
24,4.639000,32768,4081633.892997
24,5.649000,4096,8935179.461476
24,7.918000,512,19676823.797695
24,16.772000,64,44318448.107343
24,30.000000,6,53263064.227054
24,30.000000,9,49914689.817547
24,30.000000,12,48620362.229925
24,50.000000,25,3912696.435302
24,250.000000,100,28615598.017035
24,1000.000000,400,119667527.379263
