arrival_rate,bp_parameter_L,bp_parameter_H,SJF_L2_norm_flow_time
24,4.073000,262144,2210065.989261
24,4.639000,32768,2714705.210224
24,5.649000,4096,9620796.746063
24,7.918000,512,19584564.851273
24,16.772000,64,45184312.623730
24,30.000000,6,53128726.331537
24,30.000000,9,49493685.409001
24,30.000000,12,46069896.458282
