arrival_rate,bp_parameter_L,bp_parameter_H,SJF_L2_norm_flow_time
24,4.073000,262144,179865.071893
24,4.639000,32768,674691.004232
24,5.649000,4096,1259313.738510
24,7.918000,512,2647204.089748
24,16.772000,64,5566854.916921
24,30.000000,6,6346042.687309
24,30.000000,9,6313094.271159
24,30.000000,12,5956668.474803
