arrival_rate,bp_parameter_L,bp_parameter_H,SJF_L2_norm_flow_time
24,4.073000,262144,2146116.376190
24,4.639000,32768,4834896.694783
24,5.649000,4096,8715286.317993
24,7.918000,512,18418699.980065
24,16.772000,64,43921284.353925
24,30.000000,6,54156660.763141
24,30.000000,9,49830207.289290
24,30.000000,12,47718137.057784
24,50.000000,25,3866310.588874
24,250.000000,100,28653959.264680
24,1000.000000,400,120202696.942570
