arrival_rate,bp_parameter_L,bp_parameter_H,SJF_L2_norm_flow_time
24,4.073000,262144,368480.548382
24,4.639000,32768,592390.214947
24,5.649000,4096,1196650.111699
24,7.918000,512,2460632.863003
24,16.772000,64,5843984.374736
24,30.000000,6,6692472.981658
24,30.000000,9,6034238.103790
24,30.000000,12,6054244.926152
