arrival_rate,bp_parameter_L,bp_parameter_H,SJF_L2_norm_flow_time
26,4.073000,262144,1306242.870382
26,4.639000,32768,2513783.035246
26,5.649000,4096,6445121.106972
26,7.918000,512,14890383.098712
26,16.772000,64,36585818.190854
26,30.000000,6,43318823.010262
26,30.000000,9,41791355.560773
26,30.000000,12,38492728.653968
26,50.000000,25,3870398.252117
26,250.000000,100,28137332.494873
26,1000.000000,400,121010348.082645
