arrival_rate,bp_parameter_L,bp_parameter_H,SJF_L2_norm_flow_time
26,4.073000,262144,173011.651200
26,4.639000,32768,580682.449096
26,5.649000,4096,646562.079738
26,7.918000,512,2084143.560051
26,16.772000,64,4803761.766672
26,30.000000,6,5491228.134854
26,30.000000,9,5013074.513301
26,30.000000,12,4751963.823129
