arrival_rate,bp_parameter_L,bp_parameter_H,SJF_L2_norm_flow_time
26,4.073000,262144,1999924.942695
26,4.639000,32768,4466296.031103
26,5.649000,4096,6161348.335534
26,7.918000,512,14820408.567664
26,16.772000,64,36771328.618343
26,30.000000,6,43430101.010033
26,30.000000,9,41156358.248318
26,30.000000,12,39117472.337482
