arrival_rate,bp_parameter_L,bp_parameter_H,SJF_L2_norm_flow_time
26,4.073000,262144,2425004.754970
26,4.639000,32768,3198896.002028
26,5.649000,4096,5376663.450737
26,7.918000,512,16149060.741362
26,16.772000,64,36333236.578814
