arrival_rate,bp_parameter_L,bp_parameter_H,SJF_L2_norm_flow_time
26,4.073000,262144,1593914.921425
26,4.639000,32768,2288310.848119
26,5.649000,4096,5869640.013929
26,7.918000,512,13780559.674157
26,16.772000,64,38269421.204837
26,30.000000,6,42356070.617546
26,30.000000,9,40441953.594725
26,30.000000,12,39240728.404160
26,50.000000,25,3729141.116565
26,250.000000,100,28841653.964308
26,1000.000000,400,119218554.044408
