arrival_rate,bp_parameter_L,bp_parameter_H,SJF_L2_norm_flow_time
26,4.073000,262144,1941171.362077
26,4.639000,32768,2042103.168991
26,5.649000,4096,7183348.315000
26,7.918000,512,14674521.496345
26,16.772000,64,35487647.554514
