arrival_rate,bp_parameter_L,bp_parameter_H,SJF_L2_norm_flow_time
26,4.073000,262144,451333.865616
26,4.639000,32768,353959.214427
26,5.649000,4096,744040.035205
26,7.918000,512,1728531.507093
26,16.772000,64,4772221.448702
26,30.000000,6,5221318.370910
26,30.000000,9,5275845.611710
26,30.000000,12,5048195.237882
