arrival_rate,bp_parameter_L,bp_parameter_H,SJF_L2_norm_flow_time
26,4.073000,262144,436288.300257
26,4.639000,32768,659600.273883
26,5.649000,4096,538453.608139
26,7.918000,512,1639402.396536
26,16.772000,64,4564189.821103
26,30.000000,6,5398733.651537
26,30.000000,9,5076467.540476
26,30.000000,12,4974010.502621
