arrival_rate,bp_parameter_L,bp_parameter_H,SJF_L2_norm_flow_time
26,4.073000,262144,850834.397019
26,4.639000,32768,210242.517665
26,5.649000,4096,655183.721145
26,7.918000,512,1684903.137754
26,16.772000,64,4530439.878030
26,30.000000,6,5632671.396753
26,30.000000,9,5206294.663210
26,30.000000,12,4667833.438040
