arrival_rate,bp_parameter_L,bp_parameter_H,SJF_L2_norm_flow_time
28,4.073000,262144,5656199.954900
28,4.639000,32768,1835449.441666
28,5.649000,4096,4537349.691487
28,7.918000,512,10594228.937881
28,16.772000,64,28387580.920101
28,30.000000,6,30673587.221432
28,30.000000,9,27898265.581274
28,30.000000,12,27848768.696788
