arrival_rate,bp_parameter_L,bp_parameter_H,SJF_L2_norm_flow_time
28,4.073000,262144,351697.578027
28,4.639000,32768,384912.629428
28,5.649000,4096,578466.834353
28,7.918000,512,1000333.982801
28,16.772000,64,3217776.495670
28,30.000000,6,4123940.603963
28,30.000000,9,3962092.408224
28,30.000000,12,3706597.154330
