arrival_rate,bp_parameter_L,bp_parameter_H,SJF_L2_norm_flow_time
28,4.073000,262144,9364386.771728
28,4.639000,32768,897562.314772
28,5.649000,4096,4447434.571735
28,7.918000,512,10170298.453516
28,16.772000,64,26637786.586766
