arrival_rate,bp_parameter_L,bp_parameter_H,SJF_L2_norm_flow_time
28,4.073000,262144,2206409.898458
28,4.639000,32768,1211364.911453
28,5.649000,4096,3649451.714227
28,7.918000,512,8721230.562009
28,16.772000,64,27719237.413197
