arrival_rate,bp_parameter_L,bp_parameter_H,SJF_L2_norm_flow_time
28,4.073000,262144,691244.141695
28,4.639000,32768,2997547.139789
28,5.649000,4096,5088197.022536
28,7.918000,512,10678475.099557
28,16.772000,64,26219751.925014
28,30.000000,6,31350927.042311
28,30.000000,9,28786343.149494
28,30.000000,12,27519319.636999
