arrival_rate,bp_parameter_L,bp_parameter_H,SJF_L2_norm_flow_time
28,4.073000,262144,936167.411685
28,4.639000,32768,1054864.171354
28,5.649000,4096,4268846.554634
28,7.918000,512,9085651.891226
28,16.772000,64,29094264.287691
28,30.000000,6,32253351.603154
28,30.000000,9,29798257.063090
28,30.000000,12,29011338.372855
