arrival_rate,bp_parameter_L,bp_parameter_H,SJF_L2_norm_flow_time
28,4.073000,262144,13510552.109503
28,4.639000,32768,1855467.679810
28,5.649000,4096,4358938.944465
28,7.918000,512,10565561.356134
28,16.772000,64,26071119.078990
