arrival_rate,bp_parameter_L,bp_parameter_H,SJF_L2_norm_flow_time
28,4.073000,262144,180163.540499
28,4.639000,32768,515313.286205
28,5.649000,4096,525794.900909
28,7.918000,512,1211680.032854
28,16.772000,64,2965463.876002
28,30.000000,6,4126237.688796
28,30.000000,9,3704861.481272
28,30.000000,12,3747688.906694
