arrival_rate,bp_parameter_L,bp_parameter_H,SJF_L2_norm_flow_time
28,4.073000,262144,2804531.042361
28,4.639000,32768,2587810.973931
28,5.649000,4096,3377525.565347
28,7.918000,512,10208552.692749
28,16.772000,64,28338284.499504
