arrival_rate,bp_parameter_L,bp_parameter_H,SJF_L2_norm_flow_time
28,4.073000,262144,1490700.267502
28,4.639000,32768,380298.938476
28,5.649000,4096,556896.684261
28,7.918000,512,1213771.737330
28,16.772000,64,2588050.170148
28,30.000000,6,4003756.471807
28,30.000000,9,3713024.864157
28,30.000000,12,3635817.896275
