arrival_rate,bp_parameter_L,bp_parameter_H,SJF_L2_norm_flow_time
30,4.073000,262144,1241792.176170
30,4.639000,32768,1137169.363471
30,5.649000,4096,2676567.120880
30,7.918000,512,2129685.287529
30,16.772000,64,13216530.943851
