arrival_rate,bp_parameter_L,bp_parameter_H,SJF_L2_norm_flow_time
30,4.073000,262144,927977.800847
30,4.639000,32768,327951.140068
30,5.649000,4096,199025.653784
30,7.918000,512,360811.483555
30,16.772000,64,1874783.797918
30,30.000000,6,1948659.989419
30,30.000000,9,2619815.469437
30,30.000000,12,799740.719669
