arrival_rate,bp_parameter_L,bp_parameter_H,SJF_L2_norm_flow_time
30,4.073000,262144,1931113.426520
30,4.639000,32768,1965032.156847
30,5.649000,4096,1175503.290558
30,7.918000,512,5908630.383368
30,16.772000,64,12200043.430715
30,30.000000,6,14722651.516220
30,30.000000,9,12271255.868884
30,30.000000,12,14134769.038679
30,50.000000,25,3342336.224526
30,250.000000,100,28161495.256114
30,1000.000000,400,120553239.245955
