arrival_rate,bp_parameter_L,bp_parameter_H,SJF_L2_norm_flow_time
30,4.073000,262144,944497.961664
30,4.639000,32768,158918.704799
30,5.649000,4096,553869.583257
30,7.918000,512,225715.627840
30,16.772000,64,1631791.900705
30,30.000000,6,2216487.125228
30,30.000000,9,1797122.535637
30,30.000000,12,1045611.771327
