arrival_rate,bp_parameter_L,bp_parameter_H,SJF_L2_norm_flow_time
32,4.073000,262144,291274.538216
32,4.639000,32768,725675.665632
32,5.649000,4096,134839.902299
32,7.918000,512,121479.085624
32,16.772000,64,91244.861176
32,30.000000,6,111571.035273
32,30.000000,9,78329.949872
32,30.000000,12,110901.184818
