arrival_rate,bp_parameter_L,bp_parameter_H,SJF_L2_norm_flow_time
32,4.073000,262144,2917109.450486
32,4.639000,32768,839836.239150
32,5.649000,4096,309509.644798
32,7.918000,512,58833.064318
32,16.772000,64,80440.287785
32,30.000000,6,117217.847745
32,30.000000,9,217370.133590
32,30.000000,12,166208.983289
