arrival_rate,bp_parameter_L,bp_parameter_H,SJF_L2_norm_flow_time
32,4.073000,262144,4266523.591458
32,4.639000,32768,1247162.960585
32,5.649000,4096,775040.977514
32,7.918000,512,419030.808259
32,16.772000,64,228368.560463
32,30.000000,6,351946.078356
32,30.000000,9,317037.011145
32,30.000000,12,340319.562711
