arrival_rate,bp_parameter_L,bp_parameter_H,SJF_L2_norm_flow_time
32,4.073000,262144,3088348.169305
32,4.639000,32768,755999.494657
32,5.649000,4096,105187.936504
32,7.918000,512,52761.729274
32,16.772000,64,139857.037034
32,30.000000,6,76276.868886
32,30.000000,9,114338.608169
32,30.000000,12,175411.293399
