arrival_rate,bp_parameter_L,bp_parameter_H,SJF_L2_norm_flow_time
32,4.073000,262144,4299683.818567
32,4.639000,32768,875663.275963
32,5.649000,4096,340774.828231
32,7.918000,512,244216.220987
32,16.772000,64,177220.282908
32,30.000000,6,273250.958335
32,30.000000,9,238812.972585
32,30.000000,12,255306.186496
