arrival_rate,bp_parameter_L,bp_parameter_H,SJF_L2_norm_flow_time
32,4.073000,262144,544572.572335
32,4.639000,32768,440062.738070
32,5.649000,4096,132572.587227
32,7.918000,512,135005.038165
32,16.772000,64,133071.089238
32,30.000000,6,193245.288522
32,30.000000,9,121846.364144
32,30.000000,12,170754.816585
