arrival_rate,bp_parameter_L,bp_parameter_H,SJF_L2_norm_flow_time
32,4.073000,262144,4054130.747774
32,4.639000,32768,1057242.959864
32,5.649000,4096,355265.074080
32,7.918000,512,193501.035271
32,16.772000,64,277682.064017
