arrival_rate,bp_parameter_L,bp_parameter_H,SJF_L2_norm_flow_time
32,4.073000,262144,164043.590503
32,4.639000,32768,684319.095212
32,5.649000,4096,86624.085444
32,7.918000,512,133821.008848
32,16.772000,64,67760.296952
32,30.000000,6,138780.562994
32,30.000000,9,142524.882133
32,30.000000,12,47593.178839
