arrival_rate,bp_parameter_L,bp_parameter_H,SJF_L2_norm_flow_time
32,4.073000,262144,17656121.259017
32,4.639000,32768,914366.623761
32,5.649000,4096,652237.013193
32,7.918000,512,159975.154771
32,16.772000,64,187826.092067
32,30.000000,6,288066.285776
32,30.000000,9,225938.936906
32,30.000000,12,256249.362298
32,50.000000,25,3164550.790568
32,250.000000,100,27897249.253627
32,1000.000000,400,119269516.902244
