arrival_rate,bp_parameter_L,bp_parameter_H,SJF_L2_norm_flow_time
32,4.073000,262144,86153.362755
32,4.639000,32768,370011.071875
32,5.649000,4096,144368.989032
32,7.918000,512,132044.735567
32,16.772000,64,77127.062222
32,30.000000,6,75389.380101
32,30.000000,9,84692.986475
32,30.000000,12,123674.584386
