arrival_rate,bp_parameter_L,bp_parameter_H,SJF_L2_norm_flow_time
32,4.073000,262144,817481.716358
32,4.639000,32768,1531822.738948
32,5.649000,4096,263321.638554
32,7.918000,512,662457.484683
32,16.772000,64,198872.017363
32,30.000000,6,275765.650316
32,30.000000,9,312024.733404
32,30.000000,12,173784.088722
