arrival_rate,bp_parameter_L,bp_parameter_H,SJF_L2_norm_flow_time
34,4.073000,262144,2796066.385683
34,4.639000,32768,722757.356193
34,5.649000,4096,205948.649090
34,7.918000,512,89677.495817
34,16.772000,64,93070.921297
34,30.000000,6,93239.783338
34,30.000000,9,107435.731724
34,30.000000,12,77587.572523
