arrival_rate,bp_parameter_L,bp_parameter_H,SJF_L2_norm_flow_time
34,4.073000,262144,2182642.465572
34,4.639000,32768,1033628.686907
34,5.649000,4096,171369.290574
34,7.918000,512,198976.353266
34,16.772000,64,105512.697857
34,30.000000,6,87417.042446
34,30.000000,9,98899.483689
34,30.000000,12,83536.561906
34,50.000000,25,3001027.373553
34,250.000000,100,27490152.223365
34,1000.000000,400,119293601.607666
