arrival_rate,bp_parameter_L,bp_parameter_H,SJF_L2_norm_flow_time
34,4.073000,262144,148022.821740
34,4.639000,32768,611562.926834
34,5.649000,4096,97934.594730
34,7.918000,512,84236.565914
34,16.772000,64,56894.174465
34,30.000000,6,41908.651458
34,30.000000,9,45140.709576
34,30.000000,12,68354.545928
