arrival_rate,bp_parameter_L,bp_parameter_H,SJF_L2_norm_flow_time
34,4.073000,262144,5561125.806880
34,4.639000,32768,523977.357140
34,5.649000,4096,181323.907279
34,7.918000,512,115167.248218
34,16.772000,64,79709.393349
34,30.000000,6,77269.402010
34,30.000000,9,68876.597666
34,30.000000,12,98133.732478
