arrival_rate,bp_parameter_L,bp_parameter_H,SJF_L2_norm_flow_time
34,4.073000,262144,9681655.535056
34,4.639000,32768,514625.519722
34,5.649000,4096,255932.171456
34,7.918000,512,118131.670068
34,16.772000,64,75039.042958
