arrival_rate,bp_parameter_L,bp_parameter_H,SJF_L2_norm_flow_time
34,4.073000,262144,1157354.617965
34,4.639000,32768,265328.728156
34,5.649000,4096,100644.671523
34,7.918000,512,56334.953741
34,16.772000,64,27254.584385
34,30.000000,6,32219.473925
34,30.000000,9,33500.176746
34,30.000000,12,42019.378577
