arrival_rate,bp_parameter_L,bp_parameter_H,SJF_L2_norm_flow_time
34,4.073000,262144,2431165.599169
34,4.639000,32768,992920.977373
34,5.649000,4096,172930.166590
34,7.918000,512,75922.603143
34,16.772000,64,86899.178356
34,30.000000,6,86310.417952
34,30.000000,9,71845.529861
34,30.000000,12,128469.725231
