arrival_rate,bp_parameter_L,bp_parameter_H,SJF_L2_norm_flow_time
36,4.073000,262144,1089437.787727
36,4.639000,32768,711787.164893
36,5.649000,4096,170768.549593
36,7.918000,512,67975.836692
36,16.772000,64,56532.729847
