arrival_rate,bp_parameter_L,bp_parameter_H,SJF_L2_norm_flow_time
36,4.073000,262144,3745153.353283
36,4.639000,32768,864186.783105
36,5.649000,4096,205563.922455
36,7.918000,512,57884.072611
36,16.772000,64,46744.540558
36,30.000000,6,54726.717808
36,30.000000,9,48776.480951
36,30.000000,12,49720.142498
36,50.000000,25,2729279.935131
36,250.000000,100,27518679.842021
36,1000.000000,400,119307032.113259
