arrival_rate,bp_parameter_L,bp_parameter_H,SJF_L2_norm_flow_time
36,4.073000,262144,4431104.989400
36,4.639000,32768,260191.448795
36,5.649000,4096,124734.221712
36,7.918000,512,28837.882117
36,16.772000,64,22000.405133
36,30.000000,6,24901.661190
36,30.000000,9,26210.563290
36,30.000000,12,30360.836747
