arrival_rate,bp_parameter_L,bp_parameter_H,SJF_L2_norm_flow_time
36,4.073000,262144,366111.046702
36,4.639000,32768,205674.338956
36,5.649000,4096,81390.010732
36,7.918000,512,28443.011075
36,16.772000,64,18622.280070
36,30.000000,6,24620.680190
36,30.000000,9,33566.242789
36,30.000000,12,24531.219803
