arrival_rate,bp_parameter_L,bp_parameter_H,SJF_L2_norm_flow_time
36,4.073000,262144,1572996.199377
36,4.639000,32768,1005240.301818
36,5.649000,4096,182156.779701
36,7.918000,512,65866.253294
36,16.772000,64,47353.966011
36,30.000000,6,47514.951952
36,30.000000,9,48066.099582
36,30.000000,12,46047.167817
36,50.000000,25,2774929.329534
36,250.000000,100,27781975.718908
36,1000.000000,400,119656075.603166
