arrival_rate,bp_parameter_L,bp_parameter_H,SJF_L2_norm_flow_time
36,4.073000,262144,93149.440739
36,4.639000,32768,88877.538653
36,5.649000,4096,88541.296529
36,7.918000,512,33866.570228
36,16.772000,64,22318.993996
36,30.000000,6,24714.415834
36,30.000000,9,24170.435246
36,30.000000,12,28289.533595
