arrival_rate,bp_parameter_L,bp_parameter_H,SJF_L2_norm_flow_time
36,4.073000,262144,556574.493900
36,4.639000,32768,590155.039768
36,5.649000,4096,92663.959634
36,7.918000,512,24687.805775
36,16.772000,64,29374.547639
36,30.000000,6,24196.871513
36,30.000000,9,27389.654762
36,30.000000,12,23249.587373
