arrival_rate,bp_parameter_L,bp_parameter_H,SJF_L2_norm_flow_time
36,4.073000,262144,704332.764883
36,4.639000,32768,518479.410945
36,5.649000,4096,243067.088535
36,7.918000,512,61773.834922
36,16.772000,64,46478.975161
