arrival_rate,bp_parameter_L,bp_parameter_H,SJF_L2_norm_flow_time
36,4.073000,262144,2391872.109106
36,4.639000,32768,574431.231604
36,5.649000,4096,172278.624315
36,7.918000,512,61486.664839
36,16.772000,64,47091.320049
36,30.000000,6,48625.303804
36,30.000000,9,47401.005527
36,30.000000,12,54516.304121
