arrival_rate,bp_parameter_L,bp_parameter_H,SJF_L2_norm_flow_time
38,4.073000,262144,1476857.174083
38,4.639000,32768,925184.549349
38,5.649000,4096,138214.468957
38,7.918000,512,50198.260637
38,16.772000,64,30633.586829
