arrival_rate,bp_parameter_L,bp_parameter_H,SJF_L2_norm_flow_time
38,4.073000,262144,4441066.615279
38,4.639000,32768,612917.641343
38,5.649000,4096,163033.940721
38,7.918000,512,49894.544872
38,16.772000,64,30857.537783
