arrival_rate,bp_parameter_L,bp_parameter_H,SJF_L2_norm_flow_time
38,4.073000,262144,5199208.712463
38,4.639000,32768,235390.029003
38,5.649000,4096,60378.986991
38,7.918000,512,22766.512623
38,16.772000,64,18305.803397
38,30.000000,6,14916.403219
38,30.000000,9,15262.255698
38,30.000000,12,16467.755888
