arrival_rate,bp_parameter_L,bp_parameter_H,SJF_L2_norm_flow_time
38,4.073000,262144,13149326.109086
38,4.639000,32768,1111851.213060
38,5.649000,4096,165602.310108
38,7.918000,512,55019.026900
38,16.772000,64,32404.572625
