arrival_rate,bp_parameter_L,bp_parameter_H,SJF_L2_norm_flow_time
38,4.073000,262144,869441.187060
38,4.639000,32768,976577.328082
38,5.649000,4096,173152.227084
38,7.918000,512,49286.839481
38,16.772000,64,32859.742117
38,30.000000,6,32197.048902
38,30.000000,9,33016.659310
38,30.000000,12,31647.884274
38,50.000000,25,2666512.746340
38,250.000000,100,27397308.067886
38,1000.000000,400,119766039.768681
