arrival_rate,bp_parameter_L,bp_parameter_H,SJF_L2_norm_flow_time
38,4.073000,262144,879126.432522
38,4.639000,32768,139668.938021
38,5.649000,4096,74504.269368
38,7.918000,512,23218.010229
38,16.772000,64,19178.612619
38,30.000000,6,16141.288177
38,30.000000,9,14554.511809
38,30.000000,12,16302.738727
