arrival_rate,bp_parameter_L,bp_parameter_H,SJF_L2_norm_flow_time
38,4.073000,262144,5503213.456233
38,4.639000,32768,853784.349792
38,5.649000,4096,194638.459442
38,7.918000,512,54675.366199
38,16.772000,64,34264.826003
38,30.000000,6,31399.042645
38,30.000000,9,35465.594130
38,30.000000,12,35606.781770
38,50.000000,25,2569055.905624
38,250.000000,100,27445007.637196
38,1000.000000,400,120877456.138380
