arrival_rate,bp_parameter_L,bp_parameter_H,SJF_L2_norm_flow_time
38,4.073000,262144,950446.654594
38,4.639000,32768,274856.839034
38,5.649000,4096,74397.568925
38,7.918000,512,27027.361710
38,16.772000,64,16838.447286
38,30.000000,6,16340.251375
38,30.000000,9,19229.064174
38,30.000000,12,14082.002343
