arrival_rate,bp_parameter_L,bp_parameter_H,SJF_L2_norm_flow_time
40,4.073000,262144,286796.819295
40,4.639000,32768,333178.709749
40,5.649000,4096,70784.464093
40,7.918000,512,22181.026351
40,16.772000,64,11290.120637
40,30.000000,6,12219.549255
40,30.000000,9,12905.835850
40,30.000000,12,14348.245119
