arrival_rate,bp_parameter_L,bp_parameter_H,SJF_L2_norm_flow_time
40,4.073000,262144,1148954.862858
40,4.639000,32768,723759.547072
40,5.649000,4096,158404.446472
40,7.918000,512,41894.238279
40,16.772000,64,26574.360745
40,30.000000,6,28500.092421
40,30.000000,9,26882.521813
40,30.000000,12,30427.816172
