arrival_rate,bp_parameter_L,bp_parameter_H,SJF_L2_norm_flow_time
40,4.073000,262144,375772.927471
40,4.639000,32768,138232.379886
40,5.649000,4096,79668.278756
40,7.918000,512,22484.965488
40,16.772000,64,14778.058330
40,30.000000,6,12790.194643
40,30.000000,9,14974.863138
40,30.000000,12,14229.058402
