arrival_rate,bp_parameter_L,bp_parameter_H,SJF_L2_norm_flow_time
40,4.073000,262144,3833046.401245
40,4.639000,32768,581320.920917
40,5.649000,4096,127833.817232
40,7.918000,512,41521.073818
40,16.772000,64,28320.373656
40,30.000000,6,26778.667891
40,30.000000,9,26835.754620
40,30.000000,12,27864.389263
40,50.000000,25,2524884.678504
40,250.000000,100,26802593.114923
40,1000.000000,400,119584316.856632
