arrival_rate,bp_parameter_L,bp_parameter_H,Dynamic_njobs1_mode1_L2_norm_flow_time
20,4.073000,262144,33278.653969
20,4.639000,32768,51812.719529
20,16.772000,64,239095.932860
20,7.918000,512,83765.591432
20,5.649000,4096,69314.415470
