arrival_rate,bp_parameter_L,bp_parameter_H,Dynamic_njobs1_mode1_L2_norm_flow_time
22,4.639000,32768,27799.126731
22,7.918000,512,93114.665601
22,5.649000,4096,59954.000117
22,16.772000,64,205194.493259
22,4.073000,262144,19602.371923
