arrival_rate,bp_parameter_L,bp_parameter_H,Dynamic_njobs1_mode1_L2_norm_flow_time
26,16.772000,64,132410.971672
26,4.073000,262144,6424.648551
26,7.918000,512,51927.326062
26,5.649000,4096,48979.027634
26,4.639000,32768,5195.672911
