arrival_rate,bp_parameter_L,bp_parameter_H,Dynamic_njobs1_mode1_L2_norm_flow_time
28,4.073000,262144,37747.082404
28,16.772000,64,92586.501732
28,4.639000,32768,28835.503862
28,5.649000,4096,24762.152350
28,7.918000,512,12488.847785
