arrival_rate,bp_parameter_L,bp_parameter_H,Dynamic_njobs1_mode1_L2_norm_flow_time
28,4.073000,262144,510229.557004
28,7.918000,512,10142575.581688
28,4.639000,32768,1945808.211682
28,5.649000,4096,3883509.401019
28,16.772000,64,27610623.304900
