arrival_rate,bp_parameter_L,bp_parameter_H,Dynamic_njobs1_mode1_L2_norm_flow_time
30,16.772000,64,15654.130126
30,4.073000,262144,9793.548948
30,4.639000,32768,10135.278635
30,5.649000,4096,14152.628696
30,7.918000,512,21184.173196
