arrival_rate,bp_parameter_L,bp_parameter_H,Dynamic_njobs1_mode1_L2_norm_flow_time
30,4.639000,32768,968237.256093
30,4.073000,262144,522578.994861
30,7.918000,512,2440839.592124
30,16.772000,64,5908409.503546
30,5.649000,4096,1154265.055064
