arrival_rate,bp_parameter_L,bp_parameter_H,Dynamic_njobs1_mode1_L2_norm_flow_time
32,4.639000,32768,10250.637151
32,5.649000,4096,7814.224402
32,16.772000,64,9504.454903
32,7.918000,512,12273.340947
32,4.073000,262144,9241.807020
