arrival_rate,bp_parameter_L,bp_parameter_H,Dynamic_njobs1_mode1_L2_norm_flow_time
34,4.073000,262144,7163.585834
34,16.772000,64,6608.925102
34,4.639000,32768,8104.378014
34,5.649000,4096,6342.941195
34,7.918000,512,6209.932689
