arrival_rate,bp_parameter_L,bp_parameter_H,Dynamic_njobs1_mode1_L2_norm_flow_time
38,5.649000,4096,6258.136144
38,4.639000,32768,18489.639829
38,7.918000,512,7095.895997
38,16.772000,64,4006.796476
38,4.073000,262144,5492.602389
