arrival_rate,bp_parameter_L,bp_parameter_H,Dynamic_njobs1_mode1_L2_norm_flow_time
38,4.073000,262144,3023.233368
38,16.772000,64,5938.600761
38,4.639000,32768,4341.842812
38,7.918000,512,6704.999627
38,5.649000,4096,8847.975531
