arrival_rate,bp_parameter_L,bp_parameter_H,Dynamic_njobs1_mode1_L2_norm_flow_time
40,16.772000,64,6232.505756
40,5.649000,4096,23855.244371
40,4.639000,32768,4931.747966
40,7.918000,512,4911.817688
40,4.073000,262144,9872.789322
