arrival_rate,bp_parameter_L,bp_parameter_H,Dynamic_njobs1_mode1_L2_norm_flow_time
40,4.073000,262144,11784.912431
40,7.918000,512,6691.913179
40,5.649000,4096,20251.943512
40,16.772000,64,4410.877577
40,4.639000,32768,4851.915086
