arrival_rate,bp_parameter_L,bp_parameter_H,Dynamic_njobs1_mode1_L2_norm_flow_time
40,16.772000,64,3300.290139
40,4.073000,262144,7532.217668
40,7.918000,512,7351.932875
40,5.649000,4096,15350.946095
40,4.639000,32768,5872.301167
