arrival_rate,bp_parameter_L,bp_parameter_H,BAL_L2_norm_flow_time
20,8.500000,262144,4578219.362212
20,9.800000,32768,6129325.229037
20,12.400000,4096,9061919.305870
20,18.900000,512,14734459.052050
20,56.300000,64,25816413.018458
20,60.000000,12,24165932.654987
20,60.000000,18,22814165.399470
20,60.000000,24,21768550.424629
