arrival_rate,bp_parameter_L,bp_parameter_H,BAL_L2_norm_flow_time
20,8.500000,262144,4833558.005638
20,9.800000,32768,5878672.717387
20,12.400000,4096,8815845.766797
20,18.900000,512,14274908.932583
20,56.300000,64,25884580.809302
20,60.000000,12,23848571.484014
20,60.000000,18,22935767.681556
20,60.000000,24,22149861.516963
