arrival_rate,bp_parameter_L,bp_parameter_H,BAL_L2_norm_flow_time
20,8.500000,262144,4491556.425923
20,9.800000,32768,6324667.200403
20,12.400000,4096,8704888.917246
20,18.900000,512,14470322.753485
20,56.300000,64,25590931.507151
20,60.000000,12,23914698.918209
20,60.000000,18,22843109.216553
20,60.000000,24,21727321.595544
