arrival_rate,bp_parameter_L,bp_parameter_H,BAL_L2_norm_flow_time
22,8.500000,262144,4361073.216589
22,9.800000,32768,5590739.773961
22,12.400000,4096,8466014.329467
22,18.900000,512,14063416.679034
22,56.300000,64,25070266.698582
22,60.000000,12,23115894.709346
22,60.000000,18,22231264.418649
22,60.000000,24,21453562.173106
