arrival_rate,bp_parameter_L,bp_parameter_H,BAL_L2_norm_flow_time
22,8.500000,262144,4081835.220070
22,9.800000,32768,5809742.893275
22,12.400000,4096,8315237.570822
22,18.900000,512,14092847.167949
22,56.300000,64,24758769.484715
22,60.000000,12,23368497.129965
22,60.000000,18,22012642.362473
22,60.000000,24,20835385.963615
