arrival_rate,bp_parameter_L,bp_parameter_H,BAL_L2_norm_flow_time
22,8.500000,262144,3885495.717903
22,9.800000,32768,5418901.358858
22,12.400000,4096,7939108.639871
22,18.900000,512,13861942.412967
22,56.300000,64,24810750.793534
22,60.000000,12,23179938.726894
22,60.000000,18,22225709.860099
22,60.000000,24,20719922.464650
