arrival_rate,bp_parameter_L,bp_parameter_H,BAL_L2_norm_flow_time
22,8.500000,262144,35278190.903832
22,9.800000,32768,51943654.919594
22,12.400000,4096,79228563.543974
22,18.900000,512,139948837.564703
22,56.300000,64,177965977.509317
