arrival_rate,bp_parameter_L,bp_parameter_H,BAL_L2_norm_flow_time
24,8.500000,262144,3514250.894643
24,9.800000,32768,5459127.401488
24,12.400000,4096,7748334.433690
24,18.900000,512,13115995.712062
24,56.300000,64,23859560.689343
24,60.000000,12,22084041.687827
24,60.000000,18,21563728.131352
24,60.000000,24,20155575.621349
