arrival_rate,bp_parameter_L,bp_parameter_H,BAL_L2_norm_flow_time
24,8.500000,262144,31033175.656353
24,9.800000,32768,48261547.894307
24,12.400000,4096,74949129.349077
24,18.900000,512,132517583.152776
24,56.300000,64,168916076.670651
