arrival_rate,bp_parameter_L,bp_parameter_H,BAL_L2_norm_flow_time
24,8.500000,262144,3880275.331654
24,9.800000,32768,5482035.226150
24,12.400000,4096,7668269.826062
24,18.900000,512,13377339.758550
24,56.300000,64,23969529.231707
24,60.000000,12,22549071.299581
24,60.000000,18,21478667.269092
24,60.000000,24,20397464.721032
