arrival_rate,bp_parameter_L,bp_parameter_H,BAL_L2_norm_flow_time
24,8.500000,262144,3622129.112892
24,9.800000,32768,5374451.631529
24,12.400000,4096,7548964.075454
24,18.900000,512,13156382.538009
24,56.300000,64,24063204.292787
24,60.000000,12,22448695.277577
24,60.000000,18,20951340.530001
24,60.000000,24,20182294.972479
