arrival_rate,bp_parameter_L,bp_parameter_H,BAL_L2_norm_flow_time
24,8.500000,262144,3729193.036614
24,9.800000,32768,5148112.961983
24,12.400000,4096,8000877.548675
24,18.900000,512,13480088.732036
24,56.300000,64,23842775.812265
24,60.000000,12,22202534.816891
24,60.000000,18,21318659.006184
24,60.000000,24,19868947.428267
