arrival_rate,bp_parameter_L,bp_parameter_H,BAL_L2_norm_flow_time
24,8.500000,262144,3649177.432422
24,9.800000,32768,5285774.908482
24,12.400000,4096,7810488.849085
24,18.900000,512,12801586.465930
24,56.300000,64,23830521.839433
24,60.000000,12,22169855.019603
24,60.000000,18,21293256.221433
24,60.000000,24,20004017.254369
