arrival_rate,bp_parameter_L,bp_parameter_H,BAL_L2_norm_flow_time
26,8.500000,262144,3569178.895173
26,9.800000,32768,4535742.279490
26,12.400000,4096,7573143.912274
26,18.900000,512,12596238.825280
26,56.300000,64,23027328.686889
26,60.000000,12,21413552.372997
26,60.000000,18,20408085.539514
26,60.000000,24,19416507.950828
