arrival_rate,bp_parameter_L,bp_parameter_H,BAL_L2_norm_flow_time
26,8.500000,262144,26857558.926401
26,9.800000,32768,41334414.041129
26,12.400000,4096,67544583.677520
26,18.900000,512,126533194.747017
26,56.300000,64,159888936.606132
