arrival_rate,bp_parameter_L,bp_parameter_H,BAL_L2_norm_flow_time
26,8.500000,262144,3390139.474957
26,9.800000,32768,4301214.520575
26,12.400000,4096,7429076.793808
26,18.900000,512,12496794.689543
26,56.300000,64,22886616.502546
26,60.000000,12,21388726.566059
26,60.000000,18,20650836.189250
26,60.000000,24,19725550.530936
