arrival_rate,bp_parameter_L,bp_parameter_H,BAL_L2_norm_flow_time
26,8.500000,262144,3137714.053155
26,9.800000,32768,4841315.979438
26,12.400000,4096,7310386.439468
26,18.900000,512,12721768.802801
26,56.300000,64,23121894.538039
26,60.000000,12,21370662.403173
26,60.000000,18,20319296.277775
26,60.000000,24,19443430.151066
