arrival_rate,bp_parameter_L,bp_parameter_H,BAL_L2_norm_flow_time
26,8.500000,262144,3688620.601846
26,9.800000,32768,4781381.900610
26,12.400000,4096,7375467.110593
26,18.900000,512,12740231.584787
26,56.300000,64,23116416.512407
26,60.000000,12,21501028.104812
26,60.000000,18,20535467.034801
26,60.000000,24,19712626.765905
