arrival_rate,bp_parameter_L,bp_parameter_H,BAL_L2_norm_flow_time
26,8.500000,262144,26632932.741026
26,9.800000,32768,40413773.484025
26,12.400000,4096,67368695.908747
26,18.900000,512,125572467.098534
26,56.300000,64,157715518.500311
