arrival_rate,bp_parameter_L,bp_parameter_H,BAL_L2_norm_flow_time
28,8.500000,262144,3191747.003749
28,9.800000,32768,4099677.147481
28,12.400000,4096,6823749.276939
28,18.900000,512,12358791.832102
28,56.300000,64,21918596.304750
28,60.000000,12,20651425.101260
28,60.000000,18,19936546.558121
28,60.000000,24,18749738.975513
