arrival_rate,bp_parameter_L,bp_parameter_H,BAL_L2_norm_flow_time
28,8.500000,262144,3001863.779414
28,9.800000,32768,4224335.083707
28,12.400000,4096,6486727.119000
28,18.900000,512,12039197.603820
28,56.300000,64,21876256.098117
28,60.000000,12,20832149.976881
28,60.000000,18,19241183.158554
28,60.000000,24,18534061.261959
