arrival_rate,bp_parameter_L,bp_parameter_H,BAL_L2_norm_flow_time
28,8.500000,262144,23029075.470676
28,9.800000,32768,36016166.500937
28,12.400000,4096,61768891.034143
28,18.900000,512,119574910.172130
28,56.300000,64,148506413.319285
