arrival_rate,bp_parameter_L,bp_parameter_H,BAL_L2_norm_flow_time
28,8.500000,262144,3103214.869364
28,9.800000,32768,4197048.970922
28,12.400000,4096,7097279.602448
28,18.900000,512,11954680.241323
28,56.300000,64,22109062.797126
28,60.000000,12,20748759.774587
28,60.000000,18,19481233.747039
28,60.000000,24,18873666.243055
