arrival_rate,bp_parameter_L,bp_parameter_H,BAL_L2_norm_flow_time
28,8.500000,262144,22400492.736475
28,9.800000,32768,31871831.936260
28,12.400000,4096,56128092.562577
28,18.900000,512,96509158.906488
28,56.300000,64,179416606.762434
28,60.000000,12,166838969.537950
28,60.000000,18,159217616.379599
28,60.000000,24,152928575.738072
28,100.000000,50,9457250.580200
28,500.000000,200,59279072.775744
28,2000.000000,800,242325865.159050
