arrival_rate,bp_parameter_L,bp_parameter_H,BAL_L2_norm_flow_time
28,8.500000,262144,3129978.974704
28,9.800000,32768,4374177.755558
28,12.400000,4096,6885951.147254
28,18.900000,512,12088105.424535
28,56.300000,64,21960585.096807
28,60.000000,12,20611681.641181
28,60.000000,18,19806376.250557
28,60.000000,24,18645394.247134
