arrival_rate,bp_parameter_L,bp_parameter_H,BAL_L2_norm_flow_time
28,8.500000,262144,3220610.086917
28,9.800000,32768,3813654.243759
28,12.400000,4096,6580288.344862
28,18.900000,512,11984452.473887
28,56.300000,64,21762774.469262
28,60.000000,12,20561812.719006
28,60.000000,18,19470359.589829
28,60.000000,24,18549103.305377
