arrival_rate,bp_parameter_L,bp_parameter_H,BAL_L2_norm_flow_time
30,8.500000,262144,2941763.679668
30,9.800000,32768,3785719.847801
30,12.400000,4096,6146096.033120
30,18.900000,512,11406217.232215
30,56.300000,64,21343056.114382
30,60.000000,12,19904747.276774
30,60.000000,18,18804066.880377
30,60.000000,24,18124124.154872
