arrival_rate,bp_parameter_L,bp_parameter_H,BAL_L2_norm_flow_time
30,8.500000,262144,3216600.574424
30,9.800000,32768,3808786.306043
30,12.400000,4096,6385159.898968
30,18.900000,512,11215783.165611
30,56.300000,64,21133346.259190
30,60.000000,12,19896406.437130
30,60.000000,18,18625229.074197
30,60.000000,24,17990591.157613
