arrival_rate,bp_parameter_L,bp_parameter_H,BAL_L2_norm_flow_time
30,8.500000,262144,2728607.396316
30,9.800000,32768,4329910.451384
30,12.400000,4096,6181805.379526
30,18.900000,512,11005585.630586
30,56.300000,64,20821886.518067
30,60.000000,12,19749969.974494
30,60.000000,18,18928916.769265
30,60.000000,24,17686278.115408
