arrival_rate,bp_parameter_L,bp_parameter_H,BAL_L2_norm_flow_time
30,8.500000,262144,2660870.195370
30,9.800000,32768,3666179.533905
30,12.400000,4096,5954526.775755
30,18.900000,512,10965097.221224
30,56.300000,64,21125475.952532
30,60.000000,12,19794177.221476
30,60.000000,18,18847436.503841
30,60.000000,24,17946753.333683
