arrival_rate,bp_parameter_L,bp_parameter_H,BAL_L2_norm_flow_time
32,8.500000,262144,2136517.223992
32,9.800000,32768,3543762.484132
32,12.400000,4096,5909683.001320
32,18.900000,512,10488905.156322
32,56.300000,64,20231999.827139
32,60.000000,12,19093346.406588
32,60.000000,18,17946882.342849
32,60.000000,24,17091837.707640
