arrival_rate,bp_parameter_L,bp_parameter_H,BAL_L2_norm_flow_time
32,8.500000,262144,2709649.971303
32,9.800000,32768,3582340.448325
32,12.400000,4096,5701279.775935
32,18.900000,512,10853738.527042
32,56.300000,64,20514797.584054
32,60.000000,12,18870819.013690
32,60.000000,18,17736150.275923
32,60.000000,24,17096197.403761
