arrival_rate,bp_parameter_L,bp_parameter_H,BAL_L2_norm_flow_time
32,8.500000,262144,19390176.042375
32,9.800000,32768,25969496.574623
32,12.400000,4096,52913643.435069
32,18.900000,512,107013291.970276
32,56.300000,64,131329874.484315
