arrival_rate,bp_parameter_L,bp_parameter_H,BAL_L2_norm_flow_time
32,8.500000,262144,2788990.724789
32,9.800000,32768,3730563.752358
32,12.400000,4096,5802815.262740
32,18.900000,512,10598431.490737
32,56.300000,64,20275416.482511
32,60.000000,12,18979149.168289
32,60.000000,18,17893270.500143
32,60.000000,24,17058735.603471
