arrival_rate,bp_parameter_L,bp_parameter_H,BAL_L2_norm_flow_time
34,8.500000,262144,2260429.999084
34,9.800000,32768,2951683.108157
34,12.400000,4096,5602525.040322
34,18.900000,512,9534902.406077
34,56.300000,64,19279129.073177
34,60.000000,12,18620776.847124
34,60.000000,18,17254921.876847
34,60.000000,24,16271805.474133
