arrival_rate,bp_parameter_L,bp_parameter_H,BAL_L2_norm_flow_time
34,8.500000,262144,2398350.570507
34,9.800000,32768,3089487.738440
34,12.400000,4096,5102101.216958
34,18.900000,512,9850474.796678
34,56.300000,64,19097188.223300
34,60.000000,12,17901643.529777
34,60.000000,18,17104388.668156
34,60.000000,24,16575065.405812
