arrival_rate,bp_parameter_L,bp_parameter_H,BAL_L2_norm_flow_time
34,8.500000,262144,16895433.140902
34,9.800000,32768,24392313.882616
34,12.400000,4096,42625864.001631
34,18.900000,512,79307796.012802
34,56.300000,64,157241487.472567
34,60.000000,12,147505575.895904
34,60.000000,18,137902856.673520
34,60.000000,24,134261841.074413
34,100.000000,50,8565939.385027
34,500.000000,200,58631604.754515
34,2000.000000,800,243688248.265928
