arrival_rate,bp_parameter_L,bp_parameter_H,BAL_L2_norm_flow_time
36,8.500000,262144,1616307.471833
36,9.800000,32768,3438973.442500
36,12.400000,4096,4430656.254172
36,18.900000,512,9535867.327528
36,56.300000,64,18254371.837117
36,60.000000,12,16898399.950852
36,60.000000,18,16221662.082089
36,60.000000,24,15171499.740032
