arrival_rate,bp_parameter_L,bp_parameter_H,BAL_L2_norm_flow_time
36,8.500000,262144,16614355.608729
36,9.800000,32768,20762729.512501
36,12.400000,4096,38269468.574523
36,18.900000,512,90730898.015389
36,56.300000,64,111276489.252489
