arrival_rate,bp_parameter_L,bp_parameter_H,BAL_L2_norm_flow_time
36,8.500000,262144,1994237.479302
36,9.800000,32768,3042869.402168
36,12.400000,4096,5155161.426797
36,18.900000,512,8905614.912970
36,56.300000,64,18126937.625584
36,60.000000,12,16930368.413123
36,60.000000,18,16033461.564399
36,60.000000,24,15262972.780035
