arrival_rate,bp_parameter_L,bp_parameter_H,BAL_L2_norm_flow_time
36,8.500000,262144,14356050.836686
36,9.800000,32768,22937233.708990
36,12.400000,4096,43040929.626257
36,18.900000,512,90626120.719302
36,56.300000,64,114213030.396271
