arrival_rate,bp_parameter_L,bp_parameter_H,BAL_L2_norm_flow_time
36,8.500000,262144,15648752.335367
36,9.800000,32768,22572761.617465
36,12.400000,4096,38692544.275394
36,18.900000,512,90331386.698957
36,56.300000,64,112192889.407403
