arrival_rate,bp_parameter_L,bp_parameter_H,BAL_L2_norm_flow_time
36,8.500000,262144,1790106.241508
36,9.800000,32768,2770881.835120
36,12.400000,4096,5170339.319677
36,18.900000,512,8878741.952165
36,56.300000,64,18339004.988385
36,60.000000,12,17044065.279724
36,60.000000,18,16027303.170907
36,60.000000,24,15041330.094791
