arrival_rate,bp_parameter_L,bp_parameter_H,BAL_L2_norm_flow_time
38,8.500000,262144,1730108.940614
38,9.800000,32768,2628918.467126
38,12.400000,4096,4221720.578189
38,18.900000,512,8239014.526176
38,56.300000,64,17515195.415360
38,60.000000,12,15899554.778956
38,60.000000,18,15118525.824042
38,60.000000,24,14278075.670803
