arrival_rate,bp_parameter_L,bp_parameter_H,BAL_L2_norm_flow_time
38,8.500000,262144,1414680.139425
38,9.800000,32768,2491931.993158
38,12.400000,4096,4550439.498332
38,18.900000,512,8491711.505956
38,56.300000,64,17783419.832284
38,60.000000,12,16522791.136052
38,60.000000,18,14935946.190934
38,60.000000,24,14182229.438735
