arrival_rate,bp_parameter_L,bp_parameter_H,BAL_L2_norm_flow_time
38,8.500000,262144,1375608.506345
38,9.800000,32768,2653449.022468
38,12.400000,4096,4479202.733051
38,18.900000,512,8691791.888697
38,56.300000,64,17121390.727019
38,60.000000,12,16264497.458676
38,60.000000,18,15235509.789653
38,60.000000,24,14446624.224931
