arrival_rate,bp_parameter_L,bp_parameter_H,BAL_L2_norm_flow_time
38,8.500000,262144,2334254.928799
38,9.800000,32768,2441991.860282
38,12.400000,4096,4148203.013491
38,18.900000,512,8235817.804942
38,56.300000,64,17279502.205900
38,60.000000,12,16160697.610876
38,60.000000,18,15018420.470518
38,60.000000,24,14227801.027753
