arrival_rate,bp_parameter_L,bp_parameter_H,BAL_L2_norm_flow_time
38,8.500000,262144,1806543.429303
38,9.800000,32768,2650973.164453
38,12.400000,4096,4892324.255710
38,18.900000,512,8771288.720360
38,56.300000,64,17227644.313141
38,60.000000,12,15879935.045806
38,60.000000,18,15290048.294768
38,60.000000,24,14545784.366374
