arrival_rate,bp_parameter_L,bp_parameter_H,BAL_L2_norm_flow_time
38,8.500000,262144,1539898.276695
38,9.800000,32768,1960918.641881
38,12.400000,4096,4385800.879361
38,18.900000,512,8496336.698932
38,56.300000,64,16999716.650183
38,60.000000,12,15833008.073575
38,60.000000,18,15101975.698932
38,60.000000,24,14350926.654937
