arrival_rate,bp_parameter_L,bp_parameter_H,BAL_L2_norm_flow_time
38,8.500000,262144,1592439.346743
38,9.800000,32768,2844469.565312
38,12.400000,4096,4107676.454430
38,18.900000,512,8667219.357780
38,56.300000,64,17460037.637383
38,60.000000,12,16307424.253078
38,60.000000,18,14667435.307779
38,60.000000,24,14192771.793743
