arrival_rate,bp_parameter_L,bp_parameter_H,BAL_L2_norm_flow_time
38,8.500000,262144,12154071.656302
38,9.800000,32768,18891647.895134
38,12.400000,4096,37135270.438953
38,18.900000,512,79634023.124815
38,56.300000,64,104160261.800049
