arrival_rate,bp_parameter_L,bp_parameter_H,BAL_L2_norm_flow_time
38,8.500000,262144,2263201.352968
38,9.800000,32768,2534938.459801
38,12.400000,4096,4748606.552007
38,18.900000,512,8393166.808071
38,56.300000,64,16972796.108447
38,60.000000,12,15846915.835068
38,60.000000,18,15603459.391705
38,60.000000,24,14863444.533001
