arrival_rate,bp_parameter_L,bp_parameter_H,BAL_L2_norm_flow_time
40,8.500000,262144,1380645.989162
40,9.800000,32768,1945132.345952
40,12.400000,4096,3971556.779779
40,18.900000,512,7741171.462468
40,56.300000,64,16104594.768194
40,60.000000,12,14617436.187595
40,60.000000,18,13772978.378272
40,60.000000,24,13261164.719035
