arrival_rate,bp_parameter_L,bp_parameter_H,BAL_L2_norm_flow_time
40,8.500000,262144,1554665.925658
40,9.800000,32768,1911895.324656
40,12.400000,4096,4478148.758123
40,18.900000,512,7261477.930045
40,56.300000,64,15604206.890741
40,60.000000,12,14688079.136542
40,60.000000,18,14266367.406978
40,60.000000,24,13443185.256559
