arrival_rate,bp_parameter_L,bp_parameter_H,BAL_L2_norm_flow_time
40,8.500000,262144,1046894.208160
40,9.800000,32768,1884817.704690
40,12.400000,4096,4113265.768165
40,18.900000,512,7573926.511641
40,56.300000,64,16342993.081111
40,60.000000,12,14471837.376609
40,60.000000,18,14274404.340078
40,60.000000,24,13076781.496152
