arrival_rate,bp_parameter_L,bp_parameter_H,Dynamic_BAL_njobs1_mode1_L2_norm_flow_time
20,13.000000,262144,93903179.611946
20,19.700000,4096,168787524.838723
20,15.300000,32768,121098934.732218
20,32.300000,512,267243103.669386
