arrival_rate,bp_parameter_L,bp_parameter_H,Dynamic_BAL_njobs1_mode1_L2_norm_flow_time
24,13.000000,262144,81096620.116328
24,15.300000,32768,108367882.901608
24,19.700000,4096,154955895.905929
24,32.300000,512,260128137.444586
