arrival_rate,bp_parameter_L,bp_parameter_H,Dynamic_BAL_njobs1_mode1_L2_norm_flow_time
24,13.000000,262144,84473698.047259
24,15.300000,32768,108947272.737704
24,19.700000,4096,157310806.608341
24,32.300000,512,256762779.750707
