arrival_rate,bp_parameter_L,bp_parameter_H,Dynamic_BAL_njobs1_mode1_L2_norm_flow_time
26,15.300000,32768,102590154.491329
26,13.000000,262144,79807939.774380
26,32.300000,512,250470544.725884
26,19.700000,4096,153451932.385529
