arrival_rate,bp_parameter_L,bp_parameter_H,Dynamic_BAL_njobs1_mode1_L2_norm_flow_time
28,13.000000,262144,71806551.367871
28,15.300000,32768,95845626.343289
28,19.700000,4096,147601805.918832
28,32.300000,512,247561843.517064
