arrival_rate,bp_parameter_L,bp_parameter_H,Dynamic_BAL_njobs1_mode1_L2_norm_flow_time
32,13.000000,262144,61565326.963105
32,15.300000,32768,86359573.291954
32,19.700000,4096,135998849.220546
32,32.300000,512,234427061.192318
