arrival_rate,bp_parameter_L,bp_parameter_H,Dynamic_BAL_njobs1_mode1_L2_norm_flow_time
34,13.000000,262144,51854162.276500
34,15.300000,32768,78216185.739958
34,19.700000,4096,131413890.768707
34,32.300000,512,227174263.629885
