arrival_rate,bp_parameter_L,bp_parameter_H,Dynamic_BAL_njobs1_mode1_L2_norm_flow_time
38,13.000000,262144,44363313.899498
38,15.300000,32768,69176265.966983
38,19.700000,4096,114574534.319491
38,32.300000,512,212508205.119692
