arrival_rate,bp_parameter_L,bp_parameter_H,SJF_L2_norm_flow_time
20,8.500000,262144,38970002.189346
20,9.800000,32768,51064545.426978
20,12.400000,4096,75428596.734549
20,18.900000,512,116611312.030185
20,56.300000,64,208227067.279999
20,60.000000,12,194858128.414527
20,60.000000,18,184799600.403246
20,60.000000,24,176855907.876866
20,100.000000,50,9835587.504524
20,500.000000,200,59320218.285448
20,2000.000000,800,245189655.731271
