arrival_rate,bp_parameter_L,bp_parameter_H,SJF_L2_norm_flow_time
20,8.500000,262144,4613970.160289
20,9.800000,32768,6571186.203044
20,12.400000,4096,9274541.506643
20,18.900000,512,14595383.100030
20,56.300000,64,25893053.050093
20,60.000000,12,24384365.443773
20,60.000000,18,23115179.281912
20,60.000000,24,22042125.222491
