arrival_rate,bp_parameter_L,bp_parameter_H,SJF_L2_norm_flow_time
20,8.500000,262144,37948742.340807
20,9.800000,32768,51157269.215150
20,12.400000,4096,75307910.329325
20,18.900000,512,117851876.350974
20,56.300000,64,208484116.027289
20,60.000000,12,194836824.481086
20,60.000000,18,184262987.365476
20,60.000000,24,177261783.897172
20,100.000000,50,10028814.575468
20,500.000000,200,59475319.055269
20,2000.000000,800,243531032.719785
