arrival_rate,bp_parameter_L,bp_parameter_H,SJF_L2_norm_flow_time
20,8.500000,262144,38671197.770840
20,9.800000,32768,49821726.067479
20,12.400000,4096,73234472.502669
20,18.900000,512,118750317.999151
20,56.300000,64,208265077.388291
