arrival_rate,bp_parameter_L,bp_parameter_H,SJF_L2_norm_flow_time
20,8.500000,262144,40113456.472928
20,9.800000,32768,52024205.598387
20,12.400000,4096,74978649.813674
20,18.900000,512,118558689.953507
20,56.300000,64,208024018.712898
