arrival_rate,bp_parameter_L,bp_parameter_H,SJF_L2_norm_flow_time
20,8.500000,262144,5301573.195389
20,9.800000,32768,6480528.478269
20,12.400000,4096,9163042.567757
20,18.900000,512,14768512.188824
20,56.300000,64,26039547.523966
20,60.000000,12,24343345.914529
20,60.000000,18,23070202.729240
20,60.000000,24,21959300.459654
