arrival_rate,bp_parameter_L,bp_parameter_H,SJF_L2_norm_flow_time
20,8.500000,262144,5013813.920833
20,9.800000,32768,6300285.161944
20,12.400000,4096,9373731.521969
20,18.900000,512,14992378.018930
20,56.300000,64,25956183.249051
20,60.000000,12,24156172.268161
20,60.000000,18,23174103.897913
20,60.000000,24,22049538.649882
