arrival_rate,bp_parameter_L,bp_parameter_H,SJF_L2_norm_flow_time
20,8.500000,262144,40281035.212842
20,9.800000,32768,51174088.194486
20,12.400000,4096,74994237.558876
20,18.900000,512,120230842.006319
20,56.300000,64,209159726.996786
20,60.000000,12,195032738.753162
20,60.000000,18,186482473.651646
20,60.000000,24,176754331.457497
20,100.000000,50,10183100.285151
20,500.000000,200,59679290.988446
20,2000.000000,800,245440947.792617
