arrival_rate,bp_parameter_L,bp_parameter_H,SJF_L2_norm_flow_time
20,8.500000,262144,4798977.692088
20,9.800000,32768,6675078.551084
20,12.400000,4096,9028492.069025
20,18.900000,512,14780893.097563
20,56.300000,64,25979329.138373
20,60.000000,12,24274701.969439
20,60.000000,18,23196233.205078
20,60.000000,24,22047724.752859
