arrival_rate,bp_parameter_L,bp_parameter_H,SJF_L2_norm_flow_time
20,8.500000,262144,5107375.652615
20,9.800000,32768,6207817.550113
20,12.400000,4096,9100825.908262
20,18.900000,512,14566116.901457
20,56.300000,64,26235094.286506
20,60.000000,12,24207216.688058
20,60.000000,18,23271574.635231
20,60.000000,24,22466388.251782
