arrival_rate,bp_parameter_L,bp_parameter_H,SJF_L2_norm_flow_time
20,8.500000,262144,39491338.085013
20,9.800000,32768,50142243.290259
20,12.400000,4096,74464390.154700
20,18.900000,512,118142820.151621
20,56.300000,64,208959291.680284
20,60.000000,12,194824536.915471
20,60.000000,18,185415107.175813
20,60.000000,24,177666309.863538
20,100.000000,50,9854718.516200
20,500.000000,200,58800493.964608
20,2000.000000,800,246871576.395122
