arrival_rate,bp_parameter_L,bp_parameter_H,SJF_L2_norm_flow_time
20,8.500000,262144,40267459.095538
20,9.800000,32768,51260677.560314
20,12.400000,4096,74012149.767878
20,18.900000,512,118642443.843730
20,56.300000,64,208699029.157683
