arrival_rate,bp_parameter_L,bp_parameter_H,SJF_L2_norm_flow_time
22,8.500000,262144,4502334.527278
22,9.800000,32768,6091172.304624
22,12.400000,4096,8812532.255644
22,18.900000,512,14318214.365152
22,56.300000,64,25291616.058360
22,60.000000,12,23915279.385558
22,60.000000,18,22468824.210218
22,60.000000,24,21810676.588400
