arrival_rate,bp_parameter_L,bp_parameter_H,SJF_L2_norm_flow_time
22,8.500000,262144,4418549.491787
22,9.800000,32768,5467405.627225
22,12.400000,4096,8747480.171381
22,18.900000,512,14399617.241644
22,56.300000,64,25216377.724821
22,60.000000,12,23724436.270253
22,60.000000,18,22366960.896089
22,60.000000,24,21344159.094586
