arrival_rate,bp_parameter_L,bp_parameter_H,SJF_L2_norm_flow_time
22,8.500000,262144,36084690.844603
22,9.800000,32768,46225248.633578
22,12.400000,4096,68801020.236128
22,18.900000,512,113105457.798938
22,56.300000,64,202627887.628422
