arrival_rate,bp_parameter_L,bp_parameter_H,SJF_L2_norm_flow_time
22,8.500000,262144,4693691.220058
22,9.800000,32768,5941244.543937
22,12.400000,4096,8796992.763435
22,18.900000,512,14383267.689977
22,56.300000,64,25521629.566087
22,60.000000,12,23567726.555805
22,60.000000,18,22619567.522553
22,60.000000,24,21832601.571379
