arrival_rate,bp_parameter_L,bp_parameter_H,SJF_L2_norm_flow_time
22,8.500000,262144,36696322.046017
22,9.800000,32768,47292421.094115
22,12.400000,4096,70505816.529027
22,18.900000,512,114069308.448280
22,56.300000,64,202544094.625695
22,60.000000,12,188451676.294558
22,60.000000,18,180280370.604234
22,60.000000,24,171113158.876691
22,100.000000,50,9879492.762441
22,500.000000,200,59107192.249258
22,2000.000000,800,243248158.607305
