arrival_rate,bp_parameter_L,bp_parameter_H,SJF_L2_norm_flow_time
22,8.500000,262144,35841063.866340
22,9.800000,32768,46634871.398832
22,12.400000,4096,68488103.802198
22,18.900000,512,113247985.447513
22,56.300000,64,203111085.934356
22,60.000000,12,188723058.322124
22,60.000000,18,180193972.663868
22,60.000000,24,171325330.899975
22,100.000000,50,9693078.823868
22,500.000000,200,58672407.890895
22,2000.000000,800,244882585.110484
