arrival_rate,bp_parameter_L,bp_parameter_H,SJF_L2_norm_flow_time
22,8.500000,262144,34634376.845345
22,9.800000,32768,47832543.460797
22,12.400000,4096,68395576.628811
22,18.900000,512,113082504.228093
22,56.300000,64,202728053.654706
