arrival_rate,bp_parameter_L,bp_parameter_H,SJF_L2_norm_flow_time
22,8.500000,262144,35141637.514825
22,9.800000,32768,47794505.287286
22,12.400000,4096,70323714.085307
22,18.900000,512,114943563.138906
22,56.300000,64,202628619.041585
