arrival_rate,bp_parameter_L,bp_parameter_H,SJF_L2_norm_flow_time
22,8.500000,262144,35389626.078288
22,9.800000,32768,47523908.668621
22,12.400000,4096,68709416.318180
22,18.900000,512,113972762.797167
22,56.300000,64,202389788.675687
22,60.000000,12,189145035.161953
22,60.000000,18,179674434.822617
22,60.000000,24,170940944.695694
22,100.000000,50,10054372.572107
22,500.000000,200,59713546.243181
22,2000.000000,800,241098512.779281
