arrival_rate,bp_parameter_L,bp_parameter_H,SJF_L2_norm_flow_time
24,8.500000,262144,3914735.312464
24,9.800000,32768,5751052.630070
24,12.400000,4096,7942660.375867
24,18.900000,512,13544735.512258
24,56.300000,64,24630221.838904
24,60.000000,12,22972614.650919
24,60.000000,18,21472960.495424
24,60.000000,24,20683688.958566
