arrival_rate,bp_parameter_L,bp_parameter_H,SJF_L2_norm_flow_time
24,8.500000,262144,4033273.049625
24,9.800000,32768,4860929.572922
24,12.400000,4096,8248447.260316
24,18.900000,512,13706644.472624
24,56.300000,64,24583586.625842
24,60.000000,12,22648476.206825
24,60.000000,18,21532257.913305
24,60.000000,24,20629154.463581
