arrival_rate,bp_parameter_L,bp_parameter_H,SJF_L2_norm_flow_time
24,8.500000,262144,3807068.217712
24,9.800000,32768,5237652.883509
24,12.400000,4096,8418535.701093
24,18.900000,512,13343744.075298
24,56.300000,64,24393059.918259
24,60.000000,12,23018201.740699
24,60.000000,18,21904882.859957
24,60.000000,24,20738083.300291
