arrival_rate,bp_parameter_L,bp_parameter_H,SJF_L2_norm_flow_time
24,8.500000,262144,32483837.256819
24,9.800000,32768,41796471.194416
24,12.400000,4096,67947418.474681
24,18.900000,512,108302683.396886
24,56.300000,64,195619938.778751
