arrival_rate,bp_parameter_L,bp_parameter_H,SJF_L2_norm_flow_time
24,8.500000,262144,31559535.033761
24,9.800000,32768,44113569.811704
24,12.400000,4096,64984089.294625
24,18.900000,512,108830558.177426
24,56.300000,64,195678979.010147
