arrival_rate,bp_parameter_L,bp_parameter_H,SJF_L2_norm_flow_time
24,8.500000,262144,4040260.973913
24,9.800000,32768,5642227.657631
24,12.400000,4096,8171837.013731
24,18.900000,512,13185222.140865
24,56.300000,64,24446044.644842
24,60.000000,12,22728499.286191
24,60.000000,18,21818709.276188
24,60.000000,24,20508175.613790
