arrival_rate,bp_parameter_L,bp_parameter_H,SJF_L2_norm_flow_time
24,8.500000,262144,32621209.018324
24,9.800000,32768,41985509.211009
24,12.400000,4096,65302841.292128
24,18.900000,512,108375549.434092
24,56.300000,64,195625513.783254
