arrival_rate,bp_parameter_L,bp_parameter_H,SJF_L2_norm_flow_time
24,8.500000,262144,31146906.888127
24,9.800000,32768,42985865.656659
24,12.400000,4096,66656554.820279
24,18.900000,512,108715541.380597
24,56.300000,64,195496604.681951
24,60.000000,12,182377324.740264
24,60.000000,18,174182180.621354
24,60.000000,24,165635035.010948
24,100.000000,50,9586411.297695
24,500.000000,200,60078963.322443
24,2000.000000,800,247729063.003983
