arrival_rate,bp_parameter_L,bp_parameter_H,SJF_L2_norm_flow_time
24,8.500000,262144,31636305.402257
24,9.800000,32768,45076458.609134
24,12.400000,4096,65418091.927709
24,18.900000,512,107619181.358022
24,56.300000,64,195975824.317413
