arrival_rate,bp_parameter_L,bp_parameter_H,SJF_L2_norm_flow_time
24,8.500000,262144,4173458.075727
24,9.800000,32768,5845872.504271
24,12.400000,4096,8077089.265084
24,18.900000,512,13751452.882451
24,56.300000,64,24535271.664260
24,60.000000,12,23104695.346437
24,60.000000,18,21953630.532268
24,60.000000,24,20892458.971822
