arrival_rate,bp_parameter_L,bp_parameter_H,SJF_L2_norm_flow_time
26,8.500000,262144,29516956.932983
26,9.800000,32768,40528870.322636
26,12.400000,4096,60509855.672432
26,18.900000,512,102710891.856082
26,56.300000,64,190069479.978365
26,60.000000,12,177720533.273468
26,60.000000,18,167519371.926581
26,60.000000,24,161069846.926353
26,100.000000,50,9576765.699498
26,500.000000,200,58179160.297191
26,2000.000000,800,242279250.690448
