arrival_rate,bp_parameter_L,bp_parameter_H,SJF_L2_norm_flow_time
26,8.500000,262144,3859403.037215
26,9.800000,32768,4935381.657107
26,12.400000,4096,7976346.511099
26,18.900000,512,13024538.730210
26,56.300000,64,23814050.073565
26,60.000000,12,22103532.858941
26,60.000000,18,21049075.833391
26,60.000000,24,20010101.573463
