arrival_rate,bp_parameter_L,bp_parameter_H,SJF_L2_norm_flow_time
26,8.500000,262144,3409578.366897
26,9.800000,32768,5058070.083613
26,12.400000,4096,7749260.947838
26,18.900000,512,13335888.516693
26,56.300000,64,23880098.617899
26,60.000000,12,22117320.464138
26,60.000000,18,21185383.905752
26,60.000000,24,20048175.566956
