arrival_rate,bp_parameter_L,bp_parameter_H,SJF_L2_norm_flow_time
26,8.500000,262144,26935960.427248
26,9.800000,32768,40423834.753465
26,12.400000,4096,59059472.425767
26,18.900000,512,105122403.680277
26,56.300000,64,190198004.240367
26,60.000000,12,178045177.356515
26,60.000000,18,169532290.361184
26,60.000000,24,161572612.458174
26,100.000000,50,9637599.658752
26,500.000000,200,59523104.432237
26,2000.000000,800,241392477.235503
