arrival_rate,bp_parameter_L,bp_parameter_H,SJF_L2_norm_flow_time
26,8.500000,262144,3894712.471180
26,9.800000,32768,5139334.730749
26,12.400000,4096,7951904.027174
26,18.900000,512,13202316.817084
26,56.300000,64,23761032.794746
26,60.000000,12,22266922.343061
26,60.000000,18,21023133.174523
26,60.000000,24,20122923.286815
