arrival_rate,bp_parameter_L,bp_parameter_H,SJF_L2_norm_flow_time
26,8.500000,262144,3586634.535686
26,9.800000,32768,4966290.118605
26,12.400000,4096,7739031.895452
26,18.900000,512,12800467.891438
26,56.300000,64,23652819.789959
26,60.000000,12,22284574.938101
26,60.000000,18,21188031.195965
26,60.000000,24,19941426.451329
