arrival_rate,bp_parameter_L,bp_parameter_H,SJF_L2_norm_flow_time
28,8.500000,262144,3180992.103637
28,9.800000,32768,4337967.432077
28,12.400000,4096,7426773.825708
28,18.900000,512,12217143.808243
28,56.300000,64,23192331.260802
28,60.000000,12,21314316.935852
28,60.000000,18,20242416.209562
28,60.000000,24,19430970.599485
