arrival_rate,bp_parameter_L,bp_parameter_H,SJF_L2_norm_flow_time
28,8.500000,262144,24590963.853162
28,9.800000,32768,35337755.892135
28,12.400000,4096,57839100.421757
28,18.900000,512,99805813.911438
28,56.300000,64,183409376.843616
