arrival_rate,bp_parameter_L,bp_parameter_H,SJF_L2_norm_flow_time
28,8.500000,262144,26379042.769850
28,9.800000,32768,37414576.831857
28,12.400000,4096,57773648.176548
28,18.900000,512,98111788.366823
28,56.300000,64,183249000.766012
28,60.000000,12,170915050.970883
28,60.000000,18,162569572.782278
28,60.000000,24,155712031.893333
28,100.000000,50,9332579.620957
28,500.000000,200,58457990.062132
28,2000.000000,800,245888267.772619
