arrival_rate,bp_parameter_L,bp_parameter_H,SJF_L2_norm_flow_time
28,8.500000,262144,3008694.892369
28,9.800000,32768,4655997.484513
28,12.400000,4096,6900354.206916
28,18.900000,512,12213455.243224
28,56.300000,64,23155161.721185
28,60.000000,12,21460506.499803
28,60.000000,18,20316118.890444
28,60.000000,24,19505567.749635
