arrival_rate,bp_parameter_L,bp_parameter_H,SJF_L2_norm_flow_time
30,8.500000,262144,3637241.357656
30,9.800000,32768,3843224.440182
30,12.400000,4096,6643814.377570
30,18.900000,512,12085353.238687
30,56.300000,64,22562906.945961
30,60.000000,12,20889092.752435
30,60.000000,18,19598095.121574
30,60.000000,24,19206074.595609
