arrival_rate,bp_parameter_L,bp_parameter_H,SJF_L2_norm_flow_time
30,8.500000,262144,3099967.143925
30,9.800000,32768,4151989.447441
30,12.400000,4096,6972114.002451
30,18.900000,512,11590117.711605
30,56.300000,64,22126646.604321
30,60.000000,12,20784713.654961
30,60.000000,18,19504309.954954
30,60.000000,24,18539688.491833
