arrival_rate,bp_parameter_L,bp_parameter_H,SJF_L2_norm_flow_time
30,8.500000,262144,21054942.191568
30,9.800000,32768,31034345.656026
30,12.400000,4096,53532036.149226
30,18.900000,512,95600683.153331
30,56.300000,64,178256841.633394
30,60.000000,12,165494122.774397
30,60.000000,18,157000173.118288
30,60.000000,24,150090741.630327
30,100.000000,50,9272238.725704
30,500.000000,200,58935291.883453
30,2000.000000,800,242447770.649483
