arrival_rate,bp_parameter_L,bp_parameter_H,SJF_L2_norm_flow_time
30,8.500000,262144,22529340.949590
30,9.800000,32768,32120797.759664
30,12.400000,4096,53755493.729345
30,18.900000,512,94004166.695303
30,56.300000,64,177744586.925082
30,60.000000,12,166041272.488008
30,60.000000,18,158408043.348877
30,60.000000,24,151198637.854619
30,100.000000,50,9233689.191948
30,500.000000,200,58136769.347583
30,2000.000000,800,242192827.124243
