arrival_rate,bp_parameter_L,bp_parameter_H,SJF_L2_norm_flow_time
30,8.500000,262144,23467025.806690
30,9.800000,32768,33035664.780451
30,12.400000,4096,53573459.244880
30,18.900000,512,94322478.257501
30,56.300000,64,178546759.302113
