arrival_rate,bp_parameter_L,bp_parameter_H,SJF_L2_norm_flow_time
30,8.500000,262144,2676273.362505
30,9.800000,32768,3843213.407965
30,12.400000,4096,6501527.014145
30,18.900000,512,11510663.153691
30,56.300000,64,22244033.364062
30,60.000000,12,20683856.224859
30,60.000000,18,19653589.335331
30,60.000000,24,18771854.611110
