arrival_rate,bp_parameter_L,bp_parameter_H,SJF_L2_norm_flow_time
30,8.500000,262144,22361726.049252
30,9.800000,32768,30967736.705892
30,12.400000,4096,53575057.127413
30,18.900000,512,94900147.473470
30,56.300000,64,177286096.571801
