arrival_rate,bp_parameter_L,bp_parameter_H,SJF_L2_norm_flow_time
30,8.500000,262144,23433469.159537
30,9.800000,32768,32604022.156492
30,12.400000,4096,53004354.611774
30,18.900000,512,92299944.167345
30,56.300000,64,177917602.300485
30,60.000000,12,165945742.610691
30,60.000000,18,158439771.394256
30,60.000000,24,149706914.653695
30,100.000000,50,9411662.425951
30,500.000000,200,58622044.372292
30,2000.000000,800,241901439.534560
