arrival_rate,bp_parameter_L,bp_parameter_H,SJF_L2_norm_flow_time
32,8.500000,262144,19682038.601842
32,9.800000,32768,29705730.229465
32,12.400000,4096,49510933.318781
32,18.900000,512,89533879.196775
32,56.300000,64,170743525.931447
