arrival_rate,bp_parameter_L,bp_parameter_H,SJF_L2_norm_flow_time
32,8.500000,262144,2760062.123065
32,9.800000,32768,3934593.181713
32,12.400000,4096,6366249.956764
32,18.900000,512,11126600.891256
32,56.300000,64,21317024.337991
32,60.000000,12,20294193.103322
32,60.000000,18,19039856.823201
32,60.000000,24,18066688.908431
