arrival_rate,bp_parameter_L,bp_parameter_H,SJF_L2_norm_flow_time
32,8.500000,262144,18994773.384314
32,9.800000,32768,29450742.328796
32,12.400000,4096,51403939.204806
32,18.900000,512,89982613.611012
32,56.300000,64,170819416.572335
