arrival_rate,bp_parameter_L,bp_parameter_H,SJF_L2_norm_flow_time
32,8.500000,262144,20551434.950307
32,9.800000,32768,29357617.291870
32,12.400000,4096,48652922.157787
32,18.900000,512,88733376.477278
32,56.300000,64,171406762.002235
32,60.000000,12,159881992.242607
32,60.000000,18,150940440.892186
32,60.000000,24,145059688.920029
32,100.000000,50,9088364.636484
32,500.000000,200,58789979.495292
32,2000.000000,800,243383864.940248
