arrival_rate,bp_parameter_L,bp_parameter_H,SJF_L2_norm_flow_time
32,8.500000,262144,2448765.171818
32,9.800000,32768,3543851.908868
32,12.400000,4096,5987710.666321
32,18.900000,512,11057599.309941
32,56.300000,64,21349100.134067
32,60.000000,12,19659078.022434
32,60.000000,18,18794912.874416
32,60.000000,24,17851341.413760
