arrival_rate,bp_parameter_L,bp_parameter_H,SJF_L2_norm_flow_time
32,8.500000,262144,2285315.525513
32,9.800000,32768,3556137.293655
32,12.400000,4096,6097385.042047
32,18.900000,512,11070610.016162
32,56.300000,64,21210409.142029
32,60.000000,12,19879360.387594
32,60.000000,18,18852527.611565
32,60.000000,24,17691435.643778
