arrival_rate,bp_parameter_L,bp_parameter_H,SJF_L2_norm_flow_time
32,8.500000,262144,2799856.284165
32,9.800000,32768,3918297.157178
32,12.400000,4096,6294924.532223
32,18.900000,512,11260105.884489
32,56.300000,64,21447644.798038
32,60.000000,12,20032484.144497
32,60.000000,18,18890678.410475
32,60.000000,24,18032536.225748
