arrival_rate,bp_parameter_L,bp_parameter_H,SJF_L2_norm_flow_time
32,8.500000,262144,19642863.421164
32,9.800000,32768,29917798.076463
32,12.400000,4096,49549325.640596
32,18.900000,512,89997297.978739
32,56.300000,64,171573967.643229
32,60.000000,12,161135213.528453
32,60.000000,18,151935205.940062
32,60.000000,24,144179092.491444
32,100.000000,50,9159854.255014
32,500.000000,200,58001540.190295
32,2000.000000,800,241127295.008519
