arrival_rate,bp_parameter_L,bp_parameter_H,SJF_L2_norm_flow_time
32,8.500000,262144,2435587.728805
32,9.800000,32768,3621867.508132
32,12.400000,4096,5816559.408493
32,18.900000,512,11076653.927335
32,56.300000,64,21402438.683167
32,60.000000,12,19910369.866490
32,60.000000,18,19249790.025305
32,60.000000,24,18086895.549428
