arrival_rate,bp_parameter_L,bp_parameter_H,SJF_L2_norm_flow_time
32,8.500000,262144,2159439.739013
32,9.800000,32768,3529516.753464
32,12.400000,4096,6351206.551839
32,18.900000,512,11423912.418412
32,56.300000,64,21382808.533943
32,60.000000,12,20005829.861170
32,60.000000,18,19015504.345505
32,60.000000,24,18152079.215925
