arrival_rate,bp_parameter_L,bp_parameter_H,SJF_L2_norm_flow_time
32,8.500000,262144,19892386.592203
32,9.800000,32768,28918638.801947
32,12.400000,4096,48842334.354355
32,18.900000,512,90422158.553735
32,56.300000,64,170533377.564405
