arrival_rate,bp_parameter_L,bp_parameter_H,SJF_L2_norm_flow_time
32,8.500000,262144,2317644.714879
32,9.800000,32768,3193837.304564
32,12.400000,4096,6177870.198679
32,18.900000,512,11267358.994669
32,56.300000,64,21247323.368204
32,60.000000,12,19749695.685303
32,60.000000,18,18820177.184025
32,60.000000,24,18422541.652274
