arrival_rate,bp_parameter_L,bp_parameter_H,SJF_L2_norm_flow_time
32,8.500000,262144,2672150.764959
32,9.800000,32768,3629512.323004
32,12.400000,4096,6187459.111749
32,18.900000,512,11590514.828272
32,56.300000,64,21391929.797319
32,60.000000,12,20055158.797034
32,60.000000,18,19078075.952807
32,60.000000,24,17851377.951906
