arrival_rate,bp_parameter_L,bp_parameter_H,SJF_L2_norm_flow_time
32,8.500000,262144,18297639.318634
32,9.800000,32768,30425089.195246
32,12.400000,4096,48557355.662851
32,18.900000,512,90713874.933117
32,56.300000,64,172490759.140590
