arrival_rate,bp_parameter_L,bp_parameter_H,SJF_L2_norm_flow_time
34,8.500000,262144,2458698.658141
34,9.800000,32768,3028222.097595
34,12.400000,4096,5435684.509795
34,18.900000,512,10534518.470965
34,56.300000,64,20721721.087275
34,60.000000,12,19506736.413194
34,60.000000,18,17969092.626880
34,60.000000,24,17297111.364412
