arrival_rate,bp_parameter_L,bp_parameter_H,SJF_L2_norm_flow_time
34,8.500000,262144,1736559.532103
34,9.800000,32768,2881265.523813
34,12.400000,4096,5625419.617900
34,18.900000,512,10144205.188922
34,56.300000,64,20106063.725220
34,60.000000,12,19176396.417181
34,60.000000,18,18482364.952529
34,60.000000,24,17329035.106080
