arrival_rate,bp_parameter_L,bp_parameter_H,SJF_L2_norm_flow_time
34,8.500000,262144,16088823.737050
34,9.800000,32768,25398374.587524
34,12.400000,4096,45592093.202659
34,18.900000,512,86045061.825497
34,56.300000,64,163361738.581150
34,60.000000,12,153988505.735322
34,60.000000,18,146492879.183748
34,60.000000,24,137443142.136127
34,100.000000,50,9000994.875363
34,500.000000,200,58665222.250880
34,2000.000000,800,242883511.550963
