arrival_rate,bp_parameter_L,bp_parameter_H,SJF_L2_norm_flow_time
34,8.500000,262144,16975414.459977
34,9.800000,32768,26117878.298678
34,12.400000,4096,46018131.463261
34,18.900000,512,82376529.885456
34,56.300000,64,163744038.307944
34,60.000000,12,153223840.159517
34,60.000000,18,146928569.787941
34,60.000000,24,139102202.060887
34,100.000000,50,8546263.242284
34,500.000000,200,58747754.635678
34,2000.000000,800,242586307.194206
