arrival_rate,bp_parameter_L,bp_parameter_H,SJF_L2_norm_flow_time
34,8.500000,262144,18106799.964234
34,9.800000,32768,25494510.016588
34,12.400000,4096,44992188.790921
34,18.900000,512,83202010.170082
34,56.300000,64,163126865.854653
34,60.000000,12,154147114.831766
34,60.000000,18,145317559.862545
34,60.000000,24,139119923.926031
34,100.000000,50,8857642.735276
34,500.000000,200,58121351.844903
34,2000.000000,800,241564000.537104
