arrival_rate,bp_parameter_L,bp_parameter_H,SJF_L2_norm_flow_time
36,8.500000,262144,1787104.468050
36,9.800000,32768,2783149.194541
36,12.400000,4096,5645833.379666
36,18.900000,512,9698281.483525
36,56.300000,64,19606733.973648
36,60.000000,12,18346467.577654
36,60.000000,18,17340708.502726
36,60.000000,24,16300429.625092
