arrival_rate,bp_parameter_L,bp_parameter_H,SJF_L2_norm_flow_time
36,8.500000,262144,14945219.144157
36,9.800000,32768,20851515.017018
36,12.400000,4096,41285660.781125
36,18.900000,512,80776631.220219
36,56.300000,64,157251625.440662
