arrival_rate,bp_parameter_L,bp_parameter_H,SJF_L2_norm_flow_time
36,8.500000,262144,3757964.004235
36,9.800000,32768,2868909.627061
36,12.400000,4096,4858196.035364
36,18.900000,512,10382970.740745
36,56.300000,64,19636760.807347
36,60.000000,12,18211026.867902
36,60.000000,18,17508904.340165
36,60.000000,24,16513217.517446
