arrival_rate,bp_parameter_L,bp_parameter_H,SJF_L2_norm_flow_time
36,8.500000,262144,14075456.684342
36,9.800000,32768,22681053.096770
36,12.400000,4096,43426583.999058
36,18.900000,512,79649198.551745
36,56.300000,64,158074180.732138
36,60.000000,12,147330027.302978
36,60.000000,18,138785988.095522
36,60.000000,24,135431243.365005
36,100.000000,50,8896231.345517
36,500.000000,200,57895340.891452
36,2000.000000,800,245360852.948665
