arrival_rate,bp_parameter_L,bp_parameter_H,SJF_L2_norm_flow_time
36,8.500000,262144,1839048.971126
36,9.800000,32768,2770861.227371
36,12.400000,4096,5083231.902438
36,18.900000,512,9707564.218833
36,56.300000,64,19901887.710921
36,60.000000,12,18458708.359296
36,60.000000,18,17043116.732613
36,60.000000,24,16711506.053191
