arrival_rate,bp_parameter_L,bp_parameter_H,SJF_L2_norm_flow_time
36,8.500000,262144,2279625.313994
36,9.800000,32768,2932250.855548
36,12.400000,4096,5112509.763595
36,18.900000,512,10068078.641813
36,56.300000,64,19505780.238375
36,60.000000,12,18254186.514604
36,60.000000,18,17107141.130136
36,60.000000,24,16605812.512825
