arrival_rate,bp_parameter_L,bp_parameter_H,SJF_L2_norm_flow_time
36,8.500000,262144,14225898.248164
36,9.800000,32768,23584514.359413
36,12.400000,4096,42197996.628092
36,18.900000,512,79045769.481194
36,56.300000,64,157350710.781182
36,60.000000,12,146108824.296790
36,60.000000,18,138508521.874689
36,60.000000,24,131806093.688643
36,100.000000,50,8588320.377029
36,500.000000,200,58453453.420736
36,2000.000000,800,242177634.417983
