arrival_rate,bp_parameter_L,bp_parameter_H,SJF_L2_norm_flow_time
36,8.500000,262144,2367018.069128
36,9.800000,32768,2793496.083007
36,12.400000,4096,4848428.343961
36,18.900000,512,9778196.143388
36,56.300000,64,19498311.933883
36,60.000000,12,18249266.966498
36,60.000000,18,17467684.625342
36,60.000000,24,16760061.083550
