arrival_rate,bp_parameter_L,bp_parameter_H,SJF_L2_norm_flow_time
36,8.500000,262144,14608990.691604
36,9.800000,32768,22150087.176006
36,12.400000,4096,39855824.854869
36,18.900000,512,78491574.752684
36,56.300000,64,157418583.886377
