arrival_rate,bp_parameter_L,bp_parameter_H,SJF_L2_norm_flow_time
38,8.500000,262144,1601139.142520
38,9.800000,32768,2405578.857650
38,12.400000,4096,4420869.429629
38,18.900000,512,9758403.674508
38,56.300000,64,18938882.156610
38,60.000000,12,17470702.608852
38,60.000000,18,16276105.368016
38,60.000000,24,15767961.981410
