arrival_rate,bp_parameter_L,bp_parameter_H,SJF_L2_norm_flow_time
38,8.500000,262144,1529825.743782
38,9.800000,32768,1991994.219471
38,12.400000,4096,4710002.390391
38,18.900000,512,9361490.615802
38,56.300000,64,18793971.183228
38,60.000000,12,17406555.474140
38,60.000000,18,16569435.163559
38,60.000000,24,15740908.717349
