arrival_rate,bp_parameter_L,bp_parameter_H,SJF_L2_norm_flow_time
38,8.500000,262144,1780232.901242
38,9.800000,32768,2738658.633583
38,12.400000,4096,5299999.570119
38,18.900000,512,9561544.390715
38,56.300000,64,18970495.150562
38,60.000000,12,17467094.339282
38,60.000000,18,16701412.923499
38,60.000000,24,15940682.388502
