arrival_rate,bp_parameter_L,bp_parameter_H,SJF_L2_norm_flow_time
38,8.500000,262144,11158224.303905
38,9.800000,32768,19855510.157937
38,12.400000,4096,38185205.075607
38,18.900000,512,76029830.106546
38,56.300000,64,152295486.248497
