arrival_rate,bp_parameter_L,bp_parameter_H,SJF_L2_norm_flow_time
38,8.500000,262144,11157675.454990
38,9.800000,32768,19519946.544385
38,12.400000,4096,36334783.486685
38,18.900000,512,75369998.243872
38,56.300000,64,152721786.229408
