arrival_rate,bp_parameter_L,bp_parameter_H,SJF_L2_norm_flow_time
38,8.500000,262144,1503873.744964
38,9.800000,32768,2761157.017363
38,12.400000,4096,4398398.045492
38,18.900000,512,9223044.091016
38,56.300000,64,18788649.450019
38,60.000000,12,17844452.719337
38,60.000000,18,16693808.651826
38,60.000000,24,16019183.382722
