arrival_rate,bp_parameter_L,bp_parameter_H,SJF_L2_norm_flow_time
38,8.500000,262144,15209730.214748
38,9.800000,32768,18653209.913032
38,12.400000,4096,37274417.498806
38,18.900000,512,74160466.610818
38,56.300000,64,151898493.256629
38,60.000000,12,141774670.893296
38,60.000000,18,132898828.269991
38,60.000000,24,128215922.424984
38,100.000000,50,8411041.215646
38,500.000000,200,57443840.678087
38,2000.000000,800,242374967.826300
