arrival_rate,bp_parameter_L,bp_parameter_H,SJF_L2_norm_flow_time
40,8.500000,262144,1548674.945982
40,9.800000,32768,2111333.111104
40,12.400000,4096,4699739.503649
40,18.900000,512,8201053.971777
40,56.300000,64,17554860.185181
40,60.000000,12,16438220.969091
40,60.000000,18,15881893.236016
40,60.000000,24,15022843.388207
