arrival_rate,bp_parameter_L,bp_parameter_H,SJF_L2_norm_flow_time
40,8.500000,262144,2145012.437099
40,9.800000,32768,2686112.642723
40,12.400000,4096,4246798.773307
40,18.900000,512,8753050.223959
40,56.300000,64,18108641.061523
40,60.000000,12,16806619.909646
40,60.000000,18,16098907.057927
40,60.000000,24,15317265.254221
