arrival_rate,bp_parameter_L,bp_parameter_H,SJF_L2_norm_flow_time
40,8.500000,262144,8832945.078008
40,9.800000,32768,16350540.383405
40,12.400000,4096,36442163.189968
40,18.900000,512,71684687.622853
40,56.300000,64,140682155.906088
40,60.000000,12,135846551.930255
40,60.000000,18,128567905.456412
40,60.000000,24,119630855.462306
40,100.000000,50,8099145.833569
40,500.000000,200,57749317.383272
40,2000.000000,800,244410036.492079
