arrival_rate,bp_parameter_L,bp_parameter_H,SJF_L2_norm_flow_time
40,8.500000,262144,1157025.962357
40,9.800000,32768,2220033.011437
40,12.400000,4096,4134135.362687
40,18.900000,512,8872211.364939
40,56.300000,64,17714815.438277
40,60.000000,12,16631556.615967
40,60.000000,18,16002960.709455
40,60.000000,24,15120837.255955
