arrival_rate,bp_parameter_L,bp_parameter_H,SJF_L2_norm_flow_time
40,8.500000,262144,1193532.934791
40,9.800000,32768,1928159.840019
40,12.400000,4096,4249435.206318
40,18.900000,512,8646907.177695
40,56.300000,64,17486774.018257
40,60.000000,12,16426944.049495
40,60.000000,18,15726170.091027
40,60.000000,24,14783409.657748
