arrival_rate,bp_parameter_L,bp_parameter_H,SJF_L2_norm_flow_time
40,8.500000,262144,8924684.833349
40,9.800000,32768,18076386.917484
40,12.400000,4096,33290189.608935
40,18.900000,512,70040334.437754
40,56.300000,64,142087801.075170
40,60.000000,12,135524680.769394
40,60.000000,18,127556987.331750
40,60.000000,24,121185024.838357
40,100.000000,50,8433620.882266
40,500.000000,200,57391113.282863
40,2000.000000,800,238602126.493706
