arrival_rate,bp_parameter_L,bp_parameter_H,RR_L2_norm_flow_time
20,13.000000,262144,125446038.737402
20,15.300000,32768,167123410.291917
20,19.700000,4096,229483910.730897
20,32.300000,512,365902888.960515
