arrival_rate,bp_parameter_L,bp_parameter_H,RR_L2_norm_flow_time
20,13.000000,262144,129054362.388845
20,15.300000,32768,166671556.359364
20,19.700000,4096,232769122.901581
20,32.300000,512,364878497.807961
