arrival_rate,bp_parameter_L,bp_parameter_H,RR_L2_norm_flow_time
20,13.000000,262144,16171598.070524
20,15.300000,32768,20660955.902403
20,19.700000,4096,28872697.602404
20,32.300000,512,45771226.240407
20,90.000000,18,66635784.330057
20,90.000000,27,64364066.038649
20,90.000000,36,61039672.392251
