arrival_rate,bp_parameter_L,bp_parameter_H,RR_L2_norm_flow_time
20,13.000000,262144,15863183.488354
20,15.300000,32768,21323126.056541
20,19.700000,4096,28794814.609986
20,32.300000,512,46004208.786789
20,90.000000,18,67390989.579628
20,90.000000,27,63536594.742578
20,90.000000,36,61154045.077948
