arrival_rate,bp_parameter_L,bp_parameter_H,RR_L2_norm_flow_time
20,13.000000,262144,128013008.163296
20,15.300000,32768,165473453.069558
20,19.700000,4096,226228988.325639
20,32.300000,512,363463724.818800
