arrival_rate,bp_parameter_L,bp_parameter_H,RR_L2_norm_flow_time
22,13.000000,262144,119391969.303177
22,15.300000,32768,158972507.172625
22,19.700000,4096,217074678.636076
22,32.300000,512,356296981.010199
22,90.000000,18,520854596.960284
22,90.000000,27,497154689.200666
22,90.000000,36,476693826.773658
22,300.000000,150,56088242.726036
22,1500.000000,600,305220489.404079
22,8000.000000,3000,1668589175.225542
