arrival_rate,bp_parameter_L,bp_parameter_H,RR_L2_norm_flow_time
22,13.000000,262144,120600806.740275
22,15.300000,32768,158250675.074566
22,19.700000,4096,220842450.596197
22,32.300000,512,356474367.376480
