arrival_rate,bp_parameter_L,bp_parameter_H,RR_L2_norm_flow_time
24,13.000000,262144,15145201.967816
24,15.300000,32768,19184598.824457
24,19.700000,4096,26082011.847266
24,32.300000,512,43450404.974577
24,90.000000,18,63444231.645912
24,90.000000,27,61191027.735242
24,90.000000,36,57442365.432463
