arrival_rate,bp_parameter_L,bp_parameter_H,RR_L2_norm_flow_time
24,13.000000,262144,115143037.929327
24,15.300000,32768,147449351.845519
24,19.700000,4096,216468459.628372
24,32.300000,512,348058649.432668
24,90.000000,18,509363688.392538
24,90.000000,27,491447906.854752
24,90.000000,36,464777669.021012
24,300.000000,150,55734832.835737
24,1500.000000,600,302106615.480975
24,8000.000000,3000,1652171220.344063
