arrival_rate,bp_parameter_L,bp_parameter_H,RR_L2_norm_flow_time
24,13.000000,262144,116085158.459884
24,15.300000,32768,149382709.853760
24,19.700000,4096,214696825.147197
24,32.300000,512,346633374.060161
24,90.000000,18,510273716.464533
24,90.000000,27,486864155.744240
24,90.000000,36,462874820.286042
24,300.000000,150,55921449.748745
24,1500.000000,600,301422547.054153
24,8000.000000,3000,1643362786.944091
