arrival_rate,bp_parameter_L,bp_parameter_H,RR_L2_norm_flow_time
24,13.000000,262144,117837083.288878
24,15.300000,32768,149319383.986362
24,19.700000,4096,211068411.597722
24,32.300000,512,348375893.312848
24,90.000000,18,510957091.057434
24,90.000000,27,487425954.751691
24,90.000000,36,464815960.229502
24,300.000000,150,55878907.501815
24,1500.000000,600,298801936.617936
24,8000.000000,3000,1618793326.329752
