arrival_rate,bp_parameter_L,bp_parameter_H,RR_L2_norm_flow_time
24,13.000000,262144,115548734.771619
24,15.300000,32768,150486111.846227
24,19.700000,4096,211520735.675189
24,32.300000,512,346294531.173161
24,90.000000,18,508553097.125192
24,90.000000,27,486261364.994186
24,90.000000,36,464018785.804715
24,300.000000,150,54928976.284250
24,1500.000000,600,298664119.187882
24,8000.000000,3000,1668188630.143493
