arrival_rate,bp_parameter_L,bp_parameter_H,RR_L2_norm_flow_time
26,13.000000,262144,12915912.645323
26,15.300000,32768,18152035.762393
26,19.700000,4096,25021049.596358
26,32.300000,512,42858406.107951
26,90.000000,18,61539847.245730
26,90.000000,27,58985978.319619
26,90.000000,36,56186207.418209
