arrival_rate,bp_parameter_L,bp_parameter_H,RR_L2_norm_flow_time
26,13.000000,262144,105827269.189574
26,15.300000,32768,140061505.673921
26,19.700000,4096,203632555.785284
26,32.300000,512,340697781.740166
