arrival_rate,bp_parameter_L,bp_parameter_H,RR_L2_norm_flow_time
26,13.000000,262144,107934009.990371
26,15.300000,32768,146256635.770770
26,19.700000,4096,203698581.193068
26,32.300000,512,337143181.343512
