arrival_rate,bp_parameter_L,bp_parameter_H,RR_L2_norm_flow_time
26,13.000000,262144,109990930.215157
26,15.300000,32768,141049156.091245
26,19.700000,4096,202697730.638196
26,32.300000,512,340541899.450116
