arrival_rate,bp_parameter_L,bp_parameter_H,RR_L2_norm_flow_time
26,13.000000,262144,107884133.784909
26,15.300000,32768,141929105.171335
26,19.700000,4096,204707867.626797
26,32.300000,512,338673299.691257
26,90.000000,18,494291933.300396
26,90.000000,27,474484997.372905
26,90.000000,36,455765369.602718
26,300.000000,150,55373407.052941
26,1500.000000,600,302956345.245286
26,8000.000000,3000,1652181898.989197
