arrival_rate,bp_parameter_L,bp_parameter_H,RR_L2_norm_flow_time
26,13.000000,262144,107413364.444222
26,15.300000,32768,140186382.064379
26,19.700000,4096,205001696.073695
26,32.300000,512,338240483.591609
