arrival_rate,bp_parameter_L,bp_parameter_H,RR_L2_norm_flow_time
28,13.000000,262144,102108464.170827
28,15.300000,32768,135767772.700484
28,19.700000,4096,195384211.288632
28,32.300000,512,330521207.806191
28,90.000000,18,482530770.852101
28,90.000000,27,463112583.545913
28,90.000000,36,441580517.086770
28,300.000000,150,55692170.194248
28,1500.000000,600,307540541.628402
28,8000.000000,3000,1660969058.793864
