arrival_rate,bp_parameter_L,bp_parameter_H,RR_L2_norm_flow_time
28,13.000000,262144,102074935.583509
28,15.300000,32768,135707192.910183
28,19.700000,4096,191643028.914970
28,32.300000,512,331667707.104218
