arrival_rate,bp_parameter_L,bp_parameter_H,RR_L2_norm_flow_time
28,13.000000,262144,100166185.482831
28,15.300000,32768,132923152.991029
28,19.700000,4096,199266938.162864
28,32.300000,512,330560985.520274
28,90.000000,18,484427443.623051
28,90.000000,27,460380300.552844
28,90.000000,36,444517675.443430
28,300.000000,150,55420047.842674
28,1500.000000,600,304323450.452792
28,8000.000000,3000,1635207051.437622
