arrival_rate,bp_parameter_L,bp_parameter_H,RR_L2_norm_flow_time
30,13.000000,262144,96794355.362388
30,15.300000,32768,129569815.488020
30,19.700000,4096,186987627.235007
30,32.300000,512,319374383.843941
30,90.000000,18,470426846.890682
30,90.000000,27,450778140.562963
30,90.000000,36,428302362.918764
30,300.000000,150,54449808.637966
30,1500.000000,600,299622640.036326
30,8000.000000,3000,1649601306.987878
