arrival_rate,bp_parameter_L,bp_parameter_H,RR_L2_norm_flow_time
30,13.000000,262144,11645276.544293
30,15.300000,32768,16160001.744511
30,19.700000,4096,23243402.525920
30,32.300000,512,39786697.429930
30,90.000000,18,59206875.912853
30,90.000000,27,56889011.169211
30,90.000000,36,53423361.399154
