arrival_rate,bp_parameter_L,bp_parameter_H,RR_L2_norm_flow_time
30,13.000000,262144,94187572.830128
30,15.300000,32768,128884706.402396
30,19.700000,4096,189855716.625184
30,32.300000,512,323089735.541816
30,90.000000,18,469747625.284500
30,90.000000,27,450342666.603650
30,90.000000,36,431983633.072419
30,300.000000,150,54617172.554004
30,1500.000000,600,305232447.080355
30,8000.000000,3000,1633613647.803952
