arrival_rate,bp_parameter_L,bp_parameter_H,RR_L2_norm_flow_time
30,13.000000,262144,11852930.942468
30,15.300000,32768,16039027.302246
30,19.700000,4096,24168977.778472
30,32.300000,512,39811308.517625
30,90.000000,18,59062660.439660
30,90.000000,27,56707363.183108
30,90.000000,36,54036887.731465
