arrival_rate,bp_parameter_L,bp_parameter_H,RR_L2_norm_flow_time
30,13.000000,262144,95077543.664505
30,15.300000,32768,127117225.642968
30,19.700000,4096,190636220.877544
30,32.300000,512,318608268.232713
30,90.000000,18,469573516.040589
30,90.000000,27,450332783.903199
30,90.000000,36,431302715.646196
30,300.000000,150,55501469.584079
30,1500.000000,600,301652861.589656
30,8000.000000,3000,1641182564.644805
