arrival_rate,bp_parameter_L,bp_parameter_H,RR_L2_norm_flow_time
30,13.000000,262144,96522391.452972
30,15.300000,32768,126226484.934044
30,19.700000,4096,187667559.092876
30,32.300000,512,321174286.803174
