arrival_rate,bp_parameter_L,bp_parameter_H,RR_L2_norm_flow_time
32,13.000000,262144,11157847.529269
32,15.300000,32768,15434507.797148
32,19.700000,4096,22623432.032896
32,32.300000,512,38395895.350833
32,90.000000,18,57270975.398206
32,90.000000,27,54650515.107172
32,90.000000,36,51521544.694993
