arrival_rate,bp_parameter_L,bp_parameter_H,RR_L2_norm_flow_time
32,13.000000,262144,11408605.282702
32,15.300000,32768,15795754.991360
32,19.700000,4096,23224209.699257
32,32.300000,512,38705785.331237
32,90.000000,18,56021412.518915
32,90.000000,27,54933644.247227
32,90.000000,36,52473835.076179
