arrival_rate,bp_parameter_L,bp_parameter_H,RR_L2_norm_flow_time
32,13.000000,262144,11623460.193272
32,15.300000,32768,15532725.576313
32,19.700000,4096,22896483.714884
32,32.300000,512,38456060.876507
32,90.000000,18,57242586.274492
32,90.000000,27,55380735.858901
32,90.000000,36,53006394.897859
