arrival_rate,bp_parameter_L,bp_parameter_H,RR_L2_norm_flow_time
32,13.000000,262144,91524298.273533
32,15.300000,32768,118063981.877237
32,19.700000,4096,179585395.433828
32,32.300000,512,312464756.368739
