arrival_rate,bp_parameter_L,bp_parameter_H,RR_L2_norm_flow_time
32,13.000000,262144,88095903.596386
32,15.300000,32768,122048623.418804
32,19.700000,4096,183494711.466708
32,32.300000,512,308388808.777225
32,90.000000,18,457447278.155060
32,90.000000,27,436647505.050727
32,90.000000,36,416835143.643694
32,300.000000,150,53053899.823983
32,1500.000000,600,297794681.974862
32,8000.000000,3000,1654088674.955312
