arrival_rate,bp_parameter_L,bp_parameter_H,RR_L2_norm_flow_time
34,13.000000,262144,10605981.721305
34,15.300000,32768,14863117.483049
34,19.700000,4096,22668431.720489
34,32.300000,512,37623433.794047
34,90.000000,18,55549938.831177
34,90.000000,27,53388962.216938
34,90.000000,36,51202879.274040
