arrival_rate,bp_parameter_L,bp_parameter_H,RR_L2_norm_flow_time
34,13.000000,262144,79281994.893810
34,15.300000,32768,116874647.418355
34,19.700000,4096,175180547.976731
34,32.300000,512,303717699.962001
