arrival_rate,bp_parameter_L,bp_parameter_H,RR_L2_norm_flow_time
34,13.000000,262144,78925154.748839
34,15.300000,32768,111807871.330713
34,19.700000,4096,174779607.947871
34,32.300000,512,301559985.532454
