arrival_rate,bp_parameter_L,bp_parameter_H,RR_L2_norm_flow_time
34,13.000000,262144,10278482.131099
34,15.300000,32768,14880054.721040
34,19.700000,4096,21467325.750733
34,32.300000,512,38510172.647147
34,90.000000,18,55149957.399150
34,90.000000,27,53229360.796427
34,90.000000,36,50747421.695740
