arrival_rate,bp_parameter_L,bp_parameter_H,RR_L2_norm_flow_time
34,13.000000,262144,9471841.090978
34,15.300000,32768,13965676.443784
34,19.700000,4096,21935216.536167
34,32.300000,512,37966384.783971
34,90.000000,18,55856024.826724
34,90.000000,27,53052072.797591
34,90.000000,36,51300073.785995
