arrival_rate,bp_parameter_L,bp_parameter_H,RR_L2_norm_flow_time
34,13.000000,262144,80002441.446814
34,15.300000,32768,116485962.931186
34,19.700000,4096,171551294.896967
34,32.300000,512,302416150.905117
