arrival_rate,bp_parameter_L,bp_parameter_H,RR_L2_norm_flow_time
34,13.000000,262144,10328563.172865
34,15.300000,32768,13921401.905210
34,19.700000,4096,21310180.376750
34,32.300000,512,37719035.772737
34,90.000000,18,55631095.345436
34,90.000000,27,53030582.131597
34,90.000000,36,50404672.633851
