arrival_rate,bp_parameter_L,bp_parameter_H,RR_L2_norm_flow_time
34,13.000000,262144,10511688.568656
34,15.300000,32768,14496752.216349
34,19.700000,4096,21742190.444385
34,32.300000,512,37835883.289487
34,90.000000,18,54918091.603606
34,90.000000,27,53409795.299194
34,90.000000,36,51405525.211927
