arrival_rate,bp_parameter_L,bp_parameter_H,RR_L2_norm_flow_time
34,13.000000,262144,82304584.165826
34,15.300000,32768,114063278.493247
34,19.700000,4096,174124164.758853
34,32.300000,512,300176141.970704
