arrival_rate,bp_parameter_L,bp_parameter_H,RR_L2_norm_flow_time
36,13.000000,262144,77394957.430726
36,15.300000,32768,109687795.017277
36,19.700000,4096,165713840.220304
36,32.300000,512,291272529.403143
36,90.000000,18,431960616.938780
36,90.000000,27,414698656.103916
36,90.000000,36,393732443.890302
36,300.000000,150,53469859.596768
36,1500.000000,600,304482779.874973
36,8000.000000,3000,1626721564.542308
