arrival_rate,bp_parameter_L,bp_parameter_H,RR_L2_norm_flow_time
36,13.000000,262144,78880029.525832
36,15.300000,32768,105525138.118662
36,19.700000,4096,165982476.578537
36,32.300000,512,291524573.158803
36,90.000000,18,428170440.774255
36,90.000000,27,411842284.559473
36,90.000000,36,395411445.175059
36,300.000000,150,54446570.292346
36,1500.000000,600,302897369.247403
36,8000.000000,3000,1643038380.950247
