arrival_rate,bp_parameter_L,bp_parameter_H,RR_L2_norm_flow_time
36,13.000000,262144,76537127.043275
36,15.300000,32768,107036464.897894
36,19.700000,4096,166188880.133357
36,32.300000,512,292115616.764846
