arrival_rate,bp_parameter_L,bp_parameter_H,RR_L2_norm_flow_time
36,13.000000,262144,8864704.508024
36,15.300000,32768,13713198.125054
36,19.700000,4096,20542989.862592
36,32.300000,512,36544777.848405
36,90.000000,18,53414028.007112
36,90.000000,27,51856567.971274
36,90.000000,36,49245900.073595
