arrival_rate,bp_parameter_L,bp_parameter_H,RR_L2_norm_flow_time
38,13.000000,262144,70302127.345685
38,15.300000,32768,99369754.061684
38,19.700000,4096,160701784.718775
38,32.300000,512,282066273.863003
38,90.000000,18,416802858.445294
38,90.000000,27,398942294.979668
38,90.000000,36,383913727.096564
38,300.000000,150,54078774.480518
38,1500.000000,600,303091890.655966
38,8000.000000,3000,1642294309.786572
