arrival_rate,bp_parameter_L,bp_parameter_H,RR_L2_norm_flow_time
38,13.000000,262144,70120588.902375
38,15.300000,32768,95779398.078288
38,19.700000,4096,158071996.571438
38,32.300000,512,287481592.788963
