arrival_rate,bp_parameter_L,bp_parameter_H,RR_L2_norm_flow_time
38,13.000000,262144,69410474.099228
38,15.300000,32768,102793521.536477
38,19.700000,4096,155932146.758089
38,32.300000,512,290257597.267789
