arrival_rate,bp_parameter_L,bp_parameter_H,RR_L2_norm_flow_time
38,13.000000,262144,70022056.016607
38,15.300000,32768,98272543.788293
38,19.700000,4096,155620001.087017
38,32.300000,512,281616044.807557
38,90.000000,18,414013654.127403
38,90.000000,27,395702418.197211
38,90.000000,36,387762574.671864
38,300.000000,150,54585218.192625
38,1500.000000,600,302555823.511922
38,8000.000000,3000,1646133652.508542
