arrival_rate,bp_parameter_L,bp_parameter_H,RR_L2_norm_flow_time
38,13.000000,262144,71078057.163783
38,15.300000,32768,101667076.899709
38,19.700000,4096,156738390.193340
38,32.300000,512,284474510.581850
