arrival_rate,bp_parameter_L,bp_parameter_H,RR_L2_norm_flow_time
38,13.000000,262144,68176642.253328
38,15.300000,32768,98677351.855935
38,19.700000,4096,157492101.632726
38,32.300000,512,281848839.113500
