arrival_rate,bp_parameter_L,bp_parameter_H,RR_L2_norm_flow_time
38,13.000000,262144,70697524.733090
38,15.300000,32768,104162854.448586
38,19.700000,4096,158950736.057794
38,32.300000,512,283056716.919887
38,90.000000,18,418619985.548269
38,90.000000,27,402580135.288686
38,90.000000,36,382383830.017565
38,300.000000,150,54788877.595546
38,1500.000000,600,302797789.746604
38,8000.000000,3000,1630748691.870687
