arrival_rate,bp_parameter_L,bp_parameter_H,RR_L2_norm_flow_time
40,13.000000,262144,64207419.593624
40,15.300000,32768,91371621.500157
40,19.700000,4096,155989713.078016
40,32.300000,512,273954437.206362
