arrival_rate,bp_parameter_L,bp_parameter_H,RR_L2_norm_flow_time
40,13.000000,262144,8383077.665425
40,15.300000,32768,11190047.388651
40,19.700000,4096,19585679.550771
40,32.300000,512,33375437.587225
40,90.000000,18,49929869.867502
40,90.000000,27,48267482.734982
40,90.000000,36,46493802.173833
