arrival_rate,bp_parameter_L,bp_parameter_H,RR_L2_norm_flow_time
40,13.000000,262144,7749146.590425
40,15.300000,32768,11627385.011399
40,19.700000,4096,19748108.634896
40,32.300000,512,35167825.191792
40,90.000000,18,50327113.190993
40,90.000000,27,48549636.072876
40,90.000000,36,46400120.944339
