arrival_rate,bp_parameter_L,bp_parameter_H,RR_L2_norm_flow_time
40,13.000000,262144,61980720.193824
40,15.300000,32768,100287590.472300
40,19.700000,4096,153744572.276302
40,32.300000,512,272018752.484739
