arrival_rate,bp_parameter_L,bp_parameter_H,Dynamic_BAL_njobs100_mode1_L2_norm_flow_time,Dynamic_BAL_njobs100_mode2_L2_norm_flow_time,Dynamic_BAL_njobs100_mode3_L2_norm_flow_time,Dynamic_BAL_njobs100_mode4_L2_norm_flow_time,Dynamic_BAL_njobs100_mode5_L2_norm_flow_time,Dynamic_BAL_njobs100_mode6_L2_norm_flow_time
20,8.500000,262144,37720271.150851,37720271.150851,37720271.150851,37720271.150851,37720271.150851,37720271.150851
20,9.800000,32768,50270877.907412,50195572.084561,50195572.084561,50195572.084561,50195572.084561,50195572.084561
20,12.400000,4096,72379380.235045,72379380.235045,72379380.235045,72379380.235045,72379380.235045,72379380.235045
20,18.900000,512,117938782.340092,117938782.340092,117938782.340092,117938782.340092,117938782.340092,117938782.340092
20,60.000000,18,179829987.259664,180334099.194545,180913616.118171,181423406.332104,181881647.708697,182916400.796142
20,60.000000,24,175991147.723739,176120354.756284,176146020.027041,176146020.027041,176146020.027041,176146020.027041
20,60.000000,12,186800192.857364,187163017.874269,187268823.172132,187268823.172132,187268780.676257,187268823.172132
20,56.300000,64,186785216.416473,186785216.416473,186785216.416473,186785216.416473,186785216.416473,186785216.416473
