arrival_rate,bp_parameter_L,bp_parameter_H,Dynamic_BAL_njobs100_mode1_L2_norm_flow_time,Dynamic_BAL_njobs100_mode2_L2_norm_flow_time,Dynamic_BAL_njobs100_mode3_L2_norm_flow_time,Dynamic_BAL_njobs100_mode4_L2_norm_flow_time,Dynamic_BAL_njobs100_mode5_L2_norm_flow_time,Dynamic_BAL_njobs100_mode6_L2_norm_flow_time,Dynamic_BAL_njobs100_mode7_L2_norm_flow_time
20,8.500000,262144,42721446.992500,42715213.904563,42715213.904563,42715213.904563,42715213.904563,42715213.904563,42715213.904563
20,9.800000,32768,58575748.986827,58575748.986827,58575748.986827,58575748.986827,58575748.986827,58575748.986827,58575748.986827
20,12.400000,4096,85981440.787027,85981440.787027,85981440.787027,85981440.787027,85981440.787027,85981440.787027,85981440.787027
20,56.300000,64,187473600.493733,187473600.493733,187473600.493733,187473600.493733,187473600.493733,187418471.157521,187314126.900247
20,18.900000,512,146306840.539703,146306840.539703,146306840.539703,146306840.539703,146306840.539703,146306840.539703,146306840.539703
