arrival_rate,bp_parameter_L,bp_parameter_H,Dynamic_BAL_njobs100_mode1_L2_norm_flow_time,Dynamic_BAL_njobs100_mode2_L2_norm_flow_time,Dynamic_BAL_njobs100_mode3_L2_norm_flow_time,Dynamic_BAL_njobs100_mode4_L2_norm_flow_time,Dynamic_BAL_njobs100_mode5_L2_norm_flow_time,Dynamic_BAL_njobs100_mode6_L2_norm_flow_time,Dynamic_BAL_njobs100_mode7_L2_norm_flow_time
20,8.500000,262144,41425468.584004,41325376.354518,41325376.354518,41325376.354518,41325376.354518,41325376.354518,41325376.354518
20,9.800000,32768,56945970.744158,56945970.744158,56945970.744158,56945970.744158,56945970.744158,56945970.744158,56945970.744158
20,12.400000,4096,86833964.930684,86833964.930684,86833964.930684,86833964.930684,86833964.930684,86833964.930684,86833964.930684
20,56.300000,64,187347809.492263,187347809.492263,187347809.492263,187347809.492263,187347809.492263,187293055.779479,187182581.788204
20,18.900000,512,143478613.948662,143478613.948662,143478613.948662,143478613.948662,143478613.948662,143478613.948662,143478613.948662
