arrival_rate,bp_parameter_L,bp_parameter_H,Dynamic_BAL_njobs100_mode1_L2_norm_flow_time,Dynamic_BAL_njobs100_mode2_L2_norm_flow_time,Dynamic_BAL_njobs100_mode3_L2_norm_flow_time,Dynamic_BAL_njobs100_mode4_L2_norm_flow_time,Dynamic_BAL_njobs100_mode5_L2_norm_flow_time,Dynamic_BAL_njobs100_mode6_L2_norm_flow_time,Dynamic_BAL_njobs100_mode7_L2_norm_flow_time
20,8.500000,262144,43273745.761623,43273745.761623,43273745.761623,43273745.761623,43273745.761623,43273745.761623,43273745.761623
20,9.800000,32768,58607782.734865,58607782.734865,58607782.734865,58607782.734865,58607782.734865,58607782.734865,58607782.734865
20,12.400000,4096,87201282.823129,87201282.823129,87201282.823129,87201282.823129,87201282.823129,87201282.823129,87201282.823129
20,56.300000,64,186702440.243019,186702440.243019,186702440.243019,186702440.243019,186702440.243019,186647140.512296,186559289.751407
20,18.900000,512,146560384.389056,146560384.389056,146560384.389056,146560384.389056,146560384.389056,146560384.389056,146560384.389056
