arrival_rate,bp_parameter_L,bp_parameter_H,Dynamic_BAL_njobs100_mode1_L2_norm_flow_time,Dynamic_BAL_njobs100_mode2_L2_norm_flow_time,Dynamic_BAL_njobs100_mode3_L2_norm_flow_time,Dynamic_BAL_njobs100_mode4_L2_norm_flow_time,Dynamic_BAL_njobs100_mode5_L2_norm_flow_time,Dynamic_BAL_njobs100_mode6_L2_norm_flow_time
20,8.500000,262144,4474261.849800,4474261.849800,4474261.849800,4474261.849800,4474261.849800,4474261.849800
20,9.800000,32768,6419167.960920,6380904.608273,6380904.608273,6380904.608273,6380904.608273,6380904.608273
20,12.400000,4096,8940316.337556,8940316.337556,8940316.337556,8940316.337556,8940316.337556,8940316.337556
20,18.900000,512,14531440.396392,14531440.396392,14531440.396392,14531440.396392,14531440.396392,14531440.396392
20,60.000000,24,21748639.754179,21734025.981190,21748639.754179,21748639.754179,21748639.754179,21748639.754179
20,60.000000,18,22631563.533640,22773463.221451,22620927.190571,22712718.287319,22925208.976467,22932318.945764
20,60.000000,12,23287539.786621,23333811.395305,23333811.395305,23333811.395305,23333558.384531,23333811.395305
20,56.300000,64,23261813.515583,23261813.515583,23261813.515583,23261813.515583,23261813.515583,23261813.515583
