arrival_rate,bp_parameter_L,bp_parameter_H,Dynamic_BAL_njobs100_mode1_L2_norm_flow_time,Dynamic_BAL_njobs100_mode2_L2_norm_flow_time,Dynamic_BAL_njobs100_mode3_L2_norm_flow_time,Dynamic_BAL_njobs100_mode4_L2_norm_flow_time,Dynamic_BAL_njobs100_mode5_L2_norm_flow_time,Dynamic_BAL_njobs100_mode6_L2_norm_flow_time
20,8.500000,262144,38471273.095950,38471273.095950,38471273.095950,38471273.095950,38471273.095950,38471273.095950
20,9.800000,32768,48730087.232385,48730087.232385,48730087.232385,48730087.232385,48730087.232385,48730087.232385
20,12.400000,4096,72665851.581438,72665851.581438,72665851.581438,72665851.581438,72665851.581438,72665851.581438
20,18.900000,512,117801155.392659,117801155.392659,117801155.392659,117801155.392659,117801155.392659,117801155.392659
20,60.000000,18,181702857.057734,181979353.603919,182501180.900219,182424832.148563,183292588.791819,184491461.416793
20,60.000000,24,175290194.300673,175449453.097246,175449453.097246,175449453.097246,175449453.097246,175449453.097246
20,60.000000,12,186243880.451811,186872007.669754,186931888.695195,186931888.695195,186931888.695195,186931888.695195
20,56.300000,64,186823060.118768,186823060.118768,186823060.118768,186823060.118768,186823060.118768,186823060.118768
