arrival_rate,bp_parameter_L,bp_parameter_H,Dynamic_BAL_njobs100_mode1_L2_norm_flow_time,Dynamic_BAL_njobs100_mode2_L2_norm_flow_time,Dynamic_BAL_njobs100_mode3_L2_norm_flow_time,Dynamic_BAL_njobs100_mode4_L2_norm_flow_time,Dynamic_BAL_njobs100_mode5_L2_norm_flow_time,Dynamic_BAL_njobs100_mode6_L2_norm_flow_time,Dynamic_BAL_njobs100_mode7_L2_norm_flow_time
20,8.500000,262144,42159610.587883,42159610.587883,42159610.587883,42159610.587883,42159610.587883,42159610.587883,42159610.587883
20,9.800000,32768,58712099.746287,58712099.746287,58712099.746287,58712099.746287,58712099.746287,58712099.746287,58712099.746287
20,12.400000,4096,85513896.705651,85513896.705651,85513896.705651,85513896.705651,85513896.705651,85513896.705651,85513896.705651
20,56.300000,64,186685977.117444,186685977.117444,186685977.117444,186685977.117444,186685977.117444,186630888.641049,186531527.851887
20,18.900000,512,146379554.705675,146379554.705675,146379554.705675,146379554.705675,146379554.705675,146379554.705675,146379554.705675
