arrival_rate,bp_parameter_L,bp_parameter_H,Dynamic_BAL_njobs100_mode1_L2_norm_flow_time,Dynamic_BAL_njobs100_mode2_L2_norm_flow_time,Dynamic_BAL_njobs100_mode3_L2_norm_flow_time,Dynamic_BAL_njobs100_mode4_L2_norm_flow_time,Dynamic_BAL_njobs100_mode5_L2_norm_flow_time,Dynamic_BAL_njobs100_mode6_L2_norm_flow_time,Dynamic_BAL_njobs100_mode7_L2_norm_flow_time
20,8.500000,262144,43456756.152661,43456756.152661,43456756.152661,43456756.152661,43456756.152661,43456756.152661,43456756.152661
20,9.800000,32768,57668371.564388,57668371.564388,57668371.564388,57668371.564388,57668371.564388,57668371.564388,57668371.564388
20,12.400000,4096,86230369.848495,85939013.955350,85939013.955350,85939013.955350,85939013.955350,85939013.955350,85939013.955350
20,56.300000,64,187613595.002132,187613595.002132,187613595.002132,187613595.002132,187613595.002132,187558343.062025,187473903.300205
20,18.900000,512,145978715.301295,145978715.301295,145978715.301295,145978715.301295,145978715.301295,145978715.301295,145978715.301295
