arrival_rate,bp_parameter_L,bp_parameter_H,Dynamic_BAL_njobs100_mode1_L2_norm_flow_time,Dynamic_BAL_njobs100_mode2_L2_norm_flow_time,Dynamic_BAL_njobs100_mode3_L2_norm_flow_time,Dynamic_BAL_njobs100_mode4_L2_norm_flow_time,Dynamic_BAL_njobs100_mode5_L2_norm_flow_time,Dynamic_BAL_njobs100_mode6_L2_norm_flow_time
22,8.500000,262144,32859780.255990,32859780.255990,32859780.255990,32859780.255990,32859780.255990,32859780.255990
22,12.400000,4096,67947379.054117,67947379.054117,67947379.054117,67947379.054117,67947379.054117,67947379.054117
22,9.800000,32768,46051897.677707,46051897.677707,46051897.677707,46051897.677707,46051897.677707,46051897.677707
22,18.900000,512,113110638.254130,113110638.254130,113110638.254130,113110638.254130,113110638.254130,113110638.254130
22,60.000000,24,167361931.591139,167855932.514169,168262335.874318,168458803.010109,168458803.010109,168439464.973533
22,60.000000,18,172295180.310121,171985882.682831,174395804.290636,175797326.282142,178156287.960297,178503870.616054
22,60.000000,12,179770268.205156,179828733.595776,179828733.595776,179828733.595776,179828733.595776,179828733.595776
22,56.300000,64,177972930.611852,177972930.611852,177972930.611852,177972930.611852,177972930.611852,177972930.611852
