arrival_rate,bp_parameter_L,bp_parameter_H,Dynamic_BAL_njobs100_mode1_L2_norm_flow_time,Dynamic_BAL_njobs100_mode2_L2_norm_flow_time,Dynamic_BAL_njobs100_mode3_L2_norm_flow_time,Dynamic_BAL_njobs100_mode4_L2_norm_flow_time,Dynamic_BAL_njobs100_mode5_L2_norm_flow_time,Dynamic_BAL_njobs100_mode6_L2_norm_flow_time
22,12.400000,4096,8451718.759715,8451718.759715,8451718.759715,8451718.759715,8451718.759715,8451718.759715
22,8.500000,262144,3871116.909435,3871116.909435,3871116.909435,3871116.909435,3871116.909435,3871116.909435
22,9.800000,32768,5510732.184876,5510732.184876,5510732.184876,5510732.184876,5510732.184876,5510732.184876
22,18.900000,512,13668578.673401,13668578.673401,13668578.673401,13668578.673401,13668578.673401,13668578.673401
22,56.300000,64,22290607.351239,22290607.351239,22290607.351239,22290607.351239,22290607.351239,22290607.351239
22,60.000000,12,22189987.474763,22189987.474763,22189987.474763,22189987.474763,22189987.474763,22189987.474763
22,60.000000,24,20782671.003419,20810670.680674,20825033.086049,20853830.504835,20853830.504835,20853830.504835
22,60.000000,18,21807194.664728,21469965.367205,21374921.234584,21329395.819322,22189410.112590,22191248.768757
