arrival_rate,bp_parameter_L,bp_parameter_H,Dynamic_BAL_njobs100_mode1_L2_norm_flow_time,Dynamic_BAL_njobs100_mode2_L2_norm_flow_time,Dynamic_BAL_njobs100_mode3_L2_norm_flow_time,Dynamic_BAL_njobs100_mode4_L2_norm_flow_time,Dynamic_BAL_njobs100_mode5_L2_norm_flow_time,Dynamic_BAL_njobs100_mode6_L2_norm_flow_time
22,8.500000,262144,4267541.382236,4267541.382236,4267541.382236,4267541.382236,4267541.382236,4267541.382236
22,9.800000,32768,5564977.283554,5564977.283554,5564977.283554,5564977.283554,5564977.283554,5564977.283554
22,12.400000,4096,8515478.087158,8515478.087158,8515478.087158,8515478.087158,8515478.087158,8515478.087158
22,18.900000,512,14234600.639978,14234600.639978,14234600.639978,14234600.639978,14234600.639978,14234600.639978
22,60.000000,18,21089504.181523,21062146.854120,21512825.998150,21684749.058577,21875601.918633,21878840.843928
22,60.000000,24,20730681.884196,20809970.776797,20860838.761312,20906723.204283,20907909.411164,20901040.758515
22,60.000000,12,22326369.082482,22373638.994416,22373638.994416,22373638.994416,22373638.994416,22373638.994416
22,56.300000,64,22250588.575950,22250588.575950,22250588.575950,22250588.575950,22250588.575950,22250588.575950
