arrival_rate,bp_parameter_L,bp_parameter_H,Dynamic_BAL_njobs100_mode1_L2_norm_flow_time,Dynamic_BAL_njobs100_mode2_L2_norm_flow_time,Dynamic_BAL_njobs100_mode3_L2_norm_flow_time,Dynamic_BAL_njobs100_mode4_L2_norm_flow_time,Dynamic_BAL_njobs100_mode5_L2_norm_flow_time,Dynamic_BAL_njobs100_mode6_L2_norm_flow_time
22,8.500000,262144,4172426.278553,4172812.895316,4168198.994631,4168198.994631,4168198.994631,4168198.994631
22,9.800000,32768,5769336.191524,5769336.191524,5769336.191524,5769336.191524,5769336.191524,5769336.191524
22,12.400000,4096,7953576.749303,7953576.749303,7953576.749303,7953576.749303,7953576.749303,7953576.749303
22,60.000000,24,20867753.974044,20902265.888588,20941339.125993,20966371.882157,21006909.128886,21003029.044685
22,18.900000,512,14143903.614681,14143903.614681,14143903.614681,14143903.614681,14143903.614681,14143903.614681
22,60.000000,18,21418601.607076,21383232.785421,21316565.402146,22003187.155834,22192670.803834,22177758.737750
22,60.000000,12,22320767.290770,22320979.083700,22320979.083700,22320979.083700,22320767.290770,22320979.083700
22,56.300000,64,22068315.362119,22068315.362119,22068315.362119,22068315.362119,22068315.362119,22068315.362119
