arrival_rate,bp_parameter_L,bp_parameter_H,Dynamic_BAL_njobs100_mode1_L2_norm_flow_time,Dynamic_BAL_njobs100_mode2_L2_norm_flow_time,Dynamic_BAL_njobs100_mode3_L2_norm_flow_time,Dynamic_BAL_njobs100_mode4_L2_norm_flow_time,Dynamic_BAL_njobs100_mode5_L2_norm_flow_time,Dynamic_BAL_njobs100_mode6_L2_norm_flow_time
22,8.500000,262144,3918196.713999,3918196.713999,3918196.713999,3918196.713999,3918196.713999,3918196.713999
22,9.800000,32768,5646155.413083,5646155.413083,5646155.413083,5646155.413083,5646155.413083,5646155.413083
22,12.400000,4096,8716480.004912,8716480.004912,8716480.004912,8716480.004912,8716480.004912,8716480.004912
22,18.900000,512,13787174.288274,13787174.288274,13787174.288274,13787174.288274,13787174.288274,13787174.288274
22,60.000000,24,20653476.669544,20731507.228437,20731412.038732,20731412.038732,20747998.997578,20731412.038732
22,60.000000,18,21800500.384369,21838473.870495,22110682.250301,22280885.175546,22172330.503629,22181896.624635
22,60.000000,12,22151876.420092,22151876.420092,22151876.420092,22151876.420092,22151876.420092,22151876.420092
22,56.300000,64,22288372.117089,22288372.117089,22288372.117089,22288372.117089,22288372.117089,22288372.117089
