arrival_rate,bp_parameter_L,bp_parameter_H,Dynamic_BAL_njobs100_mode1_L2_norm_flow_time,Dynamic_BAL_njobs100_mode2_L2_norm_flow_time,Dynamic_BAL_njobs100_mode3_L2_norm_flow_time,Dynamic_BAL_njobs100_mode4_L2_norm_flow_time,Dynamic_BAL_njobs100_mode5_L2_norm_flow_time,Dynamic_BAL_njobs100_mode6_L2_norm_flow_time
22,8.500000,262144,33863421.872312,33724751.283263,33724751.283263,33724751.283263,33724751.283263,33724751.283263
22,9.800000,32768,46248458.147098,45749048.318682,45749048.318682,45749048.318682,45749048.318682,45749048.318682
22,12.400000,4096,67160006.110436,67160006.110436,67160006.110436,67160006.110436,67160006.110436,67160006.110436
22,18.900000,512,113580489.073212,113580489.073212,113580489.073212,113580489.073212,113580489.073212,113580489.073212
22,60.000000,24,167615867.335290,168083718.390818,168257642.363355,168342342.812635,168342342.812635,168341749.210777
22,60.000000,18,170207535.110858,169821045.062843,168985302.844527,168415683.978178,173921181.241223,174408622.412929
22,60.000000,12,177356669.454854,177504065.607266,177504065.607266,177504065.607266,177504065.607266,177504065.607266
22,56.300000,64,177371432.816087,177371432.816087,177371432.816087,177371432.816087,177371432.816087,177371432.816087
