arrival_rate,bp_parameter_L,bp_parameter_H,Dynamic_BAL_njobs100_mode1_L2_norm_flow_time,Dynamic_BAL_njobs100_mode2_L2_norm_flow_time,Dynamic_BAL_njobs100_mode3_L2_norm_flow_time,Dynamic_BAL_njobs100_mode4_L2_norm_flow_time,Dynamic_BAL_njobs100_mode5_L2_norm_flow_time,Dynamic_BAL_njobs100_mode6_L2_norm_flow_time
22,8.500000,262144,4197538.014323,4081653.378118,4081653.378118,4081653.378118,4081653.378118,4081653.378118
22,9.800000,32768,5809653.781988,5809653.781988,5809653.781988,5809653.781988,5809653.781988,5809653.781988
22,12.400000,4096,8315200.972795,8315200.972795,8315200.972795,8315200.972795,8315200.972795,8315200.972795
22,18.900000,512,14092824.237458,14092824.237458,14092824.237458,14092824.237458,14092824.237458,14092824.237458
22,60.000000,24,20735544.739270,20795002.842542,20811986.892929,20840743.142608,20840743.142608,20835462.790502
22,60.000000,18,21372270.617626,21717778.346299,21764032.249813,21826436.965859,22033334.865208,22034002.596944
22,56.300000,64,22192122.025186,22192122.025186,22192122.025186,22192122.025186,22192122.025186,22192122.025186
22,60.000000,12,22465635.285057,22477452.744103,22477452.744103,22477452.744103,22477452.744103,22477452.744103
