arrival_rate,bp_parameter_L,bp_parameter_H,Dynamic_BAL_njobs100_mode1_L2_norm_flow_time,Dynamic_BAL_njobs100_mode2_L2_norm_flow_time,Dynamic_BAL_njobs100_mode3_L2_norm_flow_time,Dynamic_BAL_njobs100_mode4_L2_norm_flow_time,Dynamic_BAL_njobs100_mode5_L2_norm_flow_time,Dynamic_BAL_njobs100_mode6_L2_norm_flow_time,Dynamic_BAL_njobs100_mode7_L2_norm_flow_time
22,8.500000,262144,37632330.550465,37632330.550465,37632330.550465,37632330.550465,37632330.550465,37632330.550465,37632330.550465
22,9.800000,32768,52641237.092028,52539878.220199,52539878.220199,52539878.220199,52641237.092028,52539878.220199,52539878.220199
22,12.400000,4096,80973856.877059,80973856.877059,80973856.877059,80973856.877059,80973856.877059,80973856.877059,80973856.877059
22,56.300000,64,177800060.075449,177800060.075449,177800060.075449,177800060.075449,177800060.075449,177747856.248855,177627459.227077
22,18.900000,512,140393953.354264,140393953.354264,140393953.354264,140393953.354264,140393953.354264,140393953.354264,140393953.354264
