arrival_rate,bp_parameter_L,bp_parameter_H,Dynamic_BAL_njobs100_mode1_L2_norm_flow_time,Dynamic_BAL_njobs100_mode2_L2_norm_flow_time,Dynamic_BAL_njobs100_mode3_L2_norm_flow_time,Dynamic_BAL_njobs100_mode4_L2_norm_flow_time,Dynamic_BAL_njobs100_mode5_L2_norm_flow_time,Dynamic_BAL_njobs100_mode6_L2_norm_flow_time
22,8.500000,262144,4090192.404432,4090192.404432,4090192.404432,4090192.404432,4090192.404432,4090192.404432
22,9.800000,32768,5105732.066745,5105732.066745,5105732.066745,5105732.066745,5105732.066745,5105732.066745
22,12.400000,4096,8407688.309899,8407688.309899,8407688.309899,8407688.309899,8407688.309899,8407688.309899
22,18.900000,512,14071996.553471,14071996.553471,14071996.553471,14071996.553471,14071996.553471,14071996.553471
22,60.000000,12,22340590.690803,22340590.690803,22340590.690803,22340590.690803,22340590.690803,22340590.690803
22,60.000000,24,20880935.839286,20872427.722053,20946756.009646,20939060.558940,20942389.519141,20939060.558940
22,60.000000,18,21565534.804299,21633262.020230,21616625.064410,21784315.576935,21939151.711500,21950764.311293
22,56.300000,64,22084424.806017,22084424.806017,22084424.806017,22084424.806017,22084424.806017,22084424.806017
