arrival_rate,bp_parameter_L,bp_parameter_H,Dynamic_BAL_njobs100_mode1_L2_norm_flow_time,Dynamic_BAL_njobs100_mode2_L2_norm_flow_time,Dynamic_BAL_njobs100_mode3_L2_norm_flow_time,Dynamic_BAL_njobs100_mode4_L2_norm_flow_time,Dynamic_BAL_njobs100_mode5_L2_norm_flow_time,Dynamic_BAL_njobs100_mode6_L2_norm_flow_time,Dynamic_BAL_njobs100_mode7_L2_norm_flow_time
22,8.500000,262144,36549310.118037,36242307.942802,36038140.985086,36038140.985086,36038140.985086,36038140.985086,36038140.985086
22,9.800000,32768,52320715.827465,52320715.827465,52320715.827465,52320715.827465,52320715.827465,52320715.827465,52320715.827465
22,12.400000,4096,81462623.500400,81462623.500400,81462623.500400,81462623.500400,81462623.500400,81462623.500400,81462623.500400
22,56.300000,64,177726248.074404,177726248.074404,177726248.074404,177726248.074404,177726248.074404,177674220.433773,177566988.361079
22,18.900000,512,142547466.045821,142547466.045821,142547466.045821,142547466.045821,142547466.045821,142547466.045821,142547466.045821
