arrival_rate,bp_parameter_L,bp_parameter_H,Dynamic_BAL_njobs100_mode1_L2_norm_flow_time,Dynamic_BAL_njobs100_mode2_L2_norm_flow_time,Dynamic_BAL_njobs100_mode3_L2_norm_flow_time,Dynamic_BAL_njobs100_mode4_L2_norm_flow_time,Dynamic_BAL_njobs100_mode5_L2_norm_flow_time,Dynamic_BAL_njobs100_mode6_L2_norm_flow_time
24,8.500000,262144,3617885.900191,3617885.900191,3617885.900191,3617885.900191,3617885.900191,3617885.900191
24,9.800000,32768,5148201.083875,5148201.083875,5148201.083875,5148201.083875,5148201.083875,5148201.083875
24,12.400000,4096,8072262.185098,8072262.185098,8072262.185098,8072262.185098,8072262.185098,8072262.185098
24,18.900000,512,13188135.880146,13188135.880146,13188135.880146,13188135.880146,13188135.880146,13188135.880146
24,60.000000,24,20020307.058556,20014131.863473,20028959.770986,20188677.483915,20340913.650486,20335801.769203
24,60.000000,18,20657196.130189,20837848.681152,21060471.062725,21060103.795806,21294529.584689,20965892.829049
24,60.000000,12,21110993.532654,21110993.532654,21110993.532654,21110993.532654,21110993.532654,21110993.532654
24,56.300000,64,21145035.458569,21145035.458569,21145035.458569,21145035.458569,21145035.458569,21145035.458569
