arrival_rate,bp_parameter_L,bp_parameter_H,Dynamic_BAL_njobs100_mode1_L2_norm_flow_time,Dynamic_BAL_njobs100_mode2_L2_norm_flow_time,Dynamic_BAL_njobs100_mode3_L2_norm_flow_time,Dynamic_BAL_njobs100_mode4_L2_norm_flow_time,Dynamic_BAL_njobs100_mode5_L2_norm_flow_time,Dynamic_BAL_njobs100_mode6_L2_norm_flow_time,Dynamic_BAL_njobs100_mode7_L2_norm_flow_time
24,8.500000,262144,32539131.934165,31950470.835062,31950470.835062,31950470.835062,31950470.835062,31950470.835062,31950470.835062
24,9.800000,32768,44268615.645590,44112330.664076,44185102.636667,44185102.636667,44185102.636667,44112330.664076,44112330.664076
24,12.400000,4096,77032155.468456,77032155.468456,77032155.468456,77032155.468456,77032155.468456,77032155.468456,77032155.468456
24,18.900000,512,132970573.397695,132970573.397695,132970573.397695,132970573.397695,132970573.397695,132970573.397695,132970573.397695
24,56.300000,64,167852259.097833,167852259.097833,167852259.097833,167852259.097833,167852259.097833,167805635.316119,167714522.929614
