arrival_rate,bp_parameter_L,bp_parameter_H,Dynamic_BAL_njobs100_mode1_L2_norm_flow_time,Dynamic_BAL_njobs100_mode2_L2_norm_flow_time,Dynamic_BAL_njobs100_mode3_L2_norm_flow_time,Dynamic_BAL_njobs100_mode4_L2_norm_flow_time,Dynamic_BAL_njobs100_mode5_L2_norm_flow_time,Dynamic_BAL_njobs100_mode6_L2_norm_flow_time
24,8.500000,262144,34337911.674290,32762601.447077,32762601.447077,32762601.447077,32762601.447077,32762601.447077
24,9.800000,32768,40633179.359780,40633179.359780,40633179.359780,40633179.359780,40633179.359780,40633179.359780
24,12.400000,4096,63625928.796895,63625928.796895,63625928.796895,63625928.796895,63625928.796895,63625928.796895
24,18.900000,512,105808485.490562,105808485.490562,105808485.490562,105808485.490562,105808485.490562,105808485.490562
24,60.000000,24,160564878.430563,160290996.097532,160647880.514472,160668117.623654,163027231.514559,163392861.560800
24,60.000000,18,163921018.932679,164953820.803105,166691538.021970,167422122.036369,167421934.291702,167219965.079691
24,60.000000,12,169581670.262248,169597387.210364,169597387.210364,169597387.210364,169597387.210364,169597387.210364
24,56.300000,64,168675214.043769,168675214.043769,168675214.043769,168675214.043769,168675214.043769,168675214.043769
