arrival_rate,bp_parameter_L,bp_parameter_H,Dynamic_BAL_njobs100_mode1_L2_norm_flow_time,Dynamic_BAL_njobs100_mode2_L2_norm_flow_time,Dynamic_BAL_njobs100_mode3_L2_norm_flow_time,Dynamic_BAL_njobs100_mode4_L2_norm_flow_time,Dynamic_BAL_njobs100_mode5_L2_norm_flow_time,Dynamic_BAL_njobs100_mode6_L2_norm_flow_time
24,8.500000,262144,3647743.098569,3647743.098569,3647743.098569,3647743.098569,3647743.098569,3647743.098569
24,9.800000,32768,5249064.592982,5212018.045615,5212018.045615,5212018.045615,5212018.045615,5212018.045615
24,12.400000,4096,7733489.933143,7733489.933143,7733489.933143,7733489.933143,7733489.933143,7733489.933143
24,18.900000,512,13679317.363953,13679317.363953,13679317.363953,13679317.363953,13679317.363953,13679317.363953
24,60.000000,24,20250771.513975,20144256.971814,20293836.648637,20375821.661142,20530021.918903,20520487.048551
24,60.000000,12,20933018.309050,20933018.309050,20933018.309050,20933018.309050,20933018.309050,20933018.309050
24,56.300000,64,21069730.197508,21069730.197508,21069730.197508,21069730.197508,21069730.197508,21069730.197508
24,60.000000,18,19964731.344252,20518329.375389,20705693.661755,20789747.132588,21005030.344912,20708084.660377
