arrival_rate,bp_parameter_L,bp_parameter_H,Dynamic_BAL_njobs100_mode1_L2_norm_flow_time,Dynamic_BAL_njobs100_mode2_L2_norm_flow_time,Dynamic_BAL_njobs100_mode3_L2_norm_flow_time,Dynamic_BAL_njobs100_mode4_L2_norm_flow_time,Dynamic_BAL_njobs100_mode5_L2_norm_flow_time,Dynamic_BAL_njobs100_mode6_L2_norm_flow_time
24,8.500000,262144,3728751.393160,3728751.393160,3728751.393160,3728751.393160,3728751.393160,3728751.393160
24,9.800000,32768,5146835.795971,5146835.795971,5146835.795971,5146835.795971,5146835.795971,5146835.795971
24,12.400000,4096,8000756.900894,8000756.900894,8000756.900894,8000756.900894,8000756.900894,8000756.900894
24,18.900000,512,13483868.085936,13483868.085936,13483868.085936,13483868.085936,13483868.085936,13483868.085936
24,60.000000,12,20987449.681182,20992733.386929,20992733.386929,20992733.386929,20992733.386929,20992733.386929
24,56.300000,64,20981113.720462,20981113.720462,20981113.720462,20981113.720462,20981113.720462,20981113.720462
24,60.000000,18,20683052.934799,20788405.788825,20864695.410187,20275040.604990,21303798.697908,20989412.161422
24,60.000000,24,19446905.271973,19507557.457247,19475068.483387,19639772.902050,19886415.259169,19877059.399366
