arrival_rate,bp_parameter_L,bp_parameter_H,Dynamic_BAL_njobs100_mode1_L2_norm_flow_time,Dynamic_BAL_njobs100_mode2_L2_norm_flow_time,Dynamic_BAL_njobs100_mode3_L2_norm_flow_time,Dynamic_BAL_njobs100_mode4_L2_norm_flow_time,Dynamic_BAL_njobs100_mode5_L2_norm_flow_time,Dynamic_BAL_njobs100_mode6_L2_norm_flow_time
26,8.500000,262144,3668312.193085,3668312.193085,3668312.193085,3668312.193085,3668312.193085,3668312.193085
26,9.800000,32768,5238009.315638,5238009.315638,5238009.315638,5238009.315638,5238009.315638,5238009.315638
26,12.400000,4096,7354243.635295,7354243.635295,7354243.635295,7354243.635295,7354243.635295,7354243.635295
26,60.000000,12,19711009.688666,19711009.688666,19711009.688666,19711009.688666,19711009.688666,19711009.688666
26,56.300000,64,19934731.801987,19934731.801987,19934731.801987,19934731.801987,19934731.801987,19934731.801987
26,18.900000,512,12712649.274695,12712649.274695,12712649.274695,12712649.274695,12712649.274695,12712649.274695
26,60.000000,24,19256176.507734,19243367.016525,19157784.392827,19436009.738135,19851383.679212,19851228.546352
26,60.000000,18,19353714.956623,19498494.232841,19630703.082014,19630611.827243,19850184.425435,19594646.271611
