arrival_rate,bp_parameter_L,bp_parameter_H,Dynamic_BAL_njobs100_mode1_L2_norm_flow_time,Dynamic_BAL_njobs100_mode2_L2_norm_flow_time,Dynamic_BAL_njobs100_mode3_L2_norm_flow_time,Dynamic_BAL_njobs100_mode4_L2_norm_flow_time,Dynamic_BAL_njobs100_mode5_L2_norm_flow_time,Dynamic_BAL_njobs100_mode6_L2_norm_flow_time
26,8.500000,262144,3238048.661355,3238048.661355,3238048.661355,3238048.661355,3238048.661355,3238048.661355
26,9.800000,32768,4555275.749341,4555275.749341,4555275.749341,4555275.749341,4555275.749341,4555275.749341
26,12.400000,4096,7199073.383492,7199073.383492,7199073.383492,7199073.383492,7199073.383492,7199073.383492
26,18.900000,512,12579259.976390,12579259.976390,12579259.976390,12579259.976390,12579259.976390,12579259.976390
26,60.000000,18,19545570.251826,19676333.332612,19697237.850979,19697060.766678,19869426.176791,19673032.082835
26,60.000000,24,18985589.328161,19144622.525038,19210856.409664,19188076.760731,19668340.018462,19670301.779381
26,60.000000,12,20100045.319223,20100045.319223,20100045.319223,20100045.319223,20100045.319223,20100045.319223
26,56.300000,64,19762227.663385,19762227.663385,19762227.663385,19762227.663385,19762227.663385,19762227.663385
