arrival_rate,bp_parameter_L,bp_parameter_H,Dynamic_BAL_njobs100_mode1_L2_norm_flow_time,Dynamic_BAL_njobs100_mode2_L2_norm_flow_time,Dynamic_BAL_njobs100_mode3_L2_norm_flow_time,Dynamic_BAL_njobs100_mode4_L2_norm_flow_time,Dynamic_BAL_njobs100_mode5_L2_norm_flow_time,Dynamic_BAL_njobs100_mode6_L2_norm_flow_time
26,8.500000,262144,26048569.328828,26032374.276537,25958271.593549,25958271.593549,25958271.593549,25958271.593549
26,9.800000,32768,36827891.697518,36706461.134052,36706461.134052,36706461.134052,36706461.134052,36706461.134052
26,12.400000,4096,56810622.545213,56810622.545213,56810622.545213,56810622.545213,56810622.545213,56810622.545213
26,18.900000,512,103447011.920457,103447011.920457,103447011.920457,103447011.920457,103447011.920457,103447011.920457
26,60.000000,18,155159447.730633,156301486.257866,157485133.130403,157485106.420295,157485031.707867,157411745.532929
26,60.000000,24,150316319.786841,150600119.129623,150942760.248593,151735546.075471,151834703.629281,156655716.802698
26,60.000000,12,159091538.760807,159091538.760807,159091538.760807,159091538.760807,159091538.760807,159091538.760807
26,56.300000,64,159614503.326974,159614503.326974,159614503.326974,159614503.326974,159614503.326974,159614503.326974
