arrival_rate,bp_parameter_L,bp_parameter_H,Dynamic_BAL_njobs100_mode1_L2_norm_flow_time,Dynamic_BAL_njobs100_mode2_L2_norm_flow_time,Dynamic_BAL_njobs100_mode3_L2_norm_flow_time,Dynamic_BAL_njobs100_mode4_L2_norm_flow_time,Dynamic_BAL_njobs100_mode5_L2_norm_flow_time,Dynamic_BAL_njobs100_mode6_L2_norm_flow_time
26,8.500000,262144,3326495.462035,3326495.462035,3326495.462035,3326495.462035,3326495.462035,3326495.462035
26,9.800000,32768,4533761.425756,4533761.425756,4533761.425756,4533761.425756,4533761.425756,4533761.425756
26,12.400000,4096,7301436.002975,7301436.002975,7301436.002975,7301436.002975,7301436.002975,7301436.002975
26,18.900000,512,12321987.566426,12321987.566426,12321987.566426,12321987.566426,12321987.566426,12321987.566426
26,60.000000,18,19826162.877815,20006215.350314,20088699.982351,20088665.017832,20375714.552919,20039990.026158
26,56.300000,64,20036419.790054,20036419.790054,20036419.790054,20036419.790054,20036419.790054,20036419.790054
26,60.000000,24,18697541.649661,18800967.146240,18795558.281413,18495050.412067,19363901.610222,19361442.953264
26,60.000000,12,19998244.459480,19998244.459480,19998244.459480,19998244.459480,19998244.459480,19998244.459480
