arrival_rate,bp_parameter_L,bp_parameter_H,Dynamic_BAL_njobs100_mode1_L2_norm_flow_time,Dynamic_BAL_njobs100_mode2_L2_norm_flow_time,Dynamic_BAL_njobs100_mode3_L2_norm_flow_time,Dynamic_BAL_njobs100_mode4_L2_norm_flow_time,Dynamic_BAL_njobs100_mode5_L2_norm_flow_time,Dynamic_BAL_njobs100_mode6_L2_norm_flow_time
26,8.500000,262144,3262843.938322,3262843.938322,3262843.938322,3262843.938322,3262843.938322,3262843.938322
26,9.800000,32768,4714144.177351,4714144.177351,4714144.177351,4714144.177351,4714144.177351,4714144.177351
26,12.400000,4096,7044751.510894,7044751.510894,7044751.510894,7044751.510894,7044751.510894,7044751.510894
26,18.900000,512,12698076.817467,12698076.817467,12698076.817467,12698076.817467,12698076.817467,12698076.817467
26,60.000000,24,18665071.068069,18653235.315758,18494258.000092,19145922.338150,19339752.832043,19351717.994558
26,60.000000,12,19858658.257208,19858658.257208,19858658.257208,19858658.257208,19858658.257208,19858658.257208
26,60.000000,18,19048493.234368,19715925.624004,19768434.271626,19768434.271626,19520461.170077,19728307.283100
26,56.300000,64,19895956.747996,19895956.747996,19895956.747996,19895956.747996,19895956.747996,19895956.747996
