arrival_rate,bp_parameter_L,bp_parameter_H,Dynamic_BAL_njobs100_mode1_L2_norm_flow_time,Dynamic_BAL_njobs100_mode2_L2_norm_flow_time,Dynamic_BAL_njobs100_mode3_L2_norm_flow_time,Dynamic_BAL_njobs100_mode4_L2_norm_flow_time,Dynamic_BAL_njobs100_mode5_L2_norm_flow_time,Dynamic_BAL_njobs100_mode6_L2_norm_flow_time
26,8.500000,262144,3192404.471515,3164376.823195,3164376.823195,3164376.823195,3192404.471515,3164376.823195
26,9.800000,32768,4630907.073491,4630907.073491,4630907.073491,4630907.073491,4630907.073491,4630907.073491
26,12.400000,4096,7316462.113524,7316462.113524,7316462.113524,7316462.113524,7316462.113524,7316462.113524
26,18.900000,512,12312013.940260,12312013.940260,12312013.940260,12312013.940260,12312013.940260,12312013.940260
26,60.000000,24,19002406.673494,18783688.836878,18699497.634104,19544763.301908,19648624.795802,19647235.103883
26,60.000000,18,19677683.941591,19939964.631723,19959860.717962,19959860.717962,20457942.299309,19909162.102367
26,60.000000,12,19770821.353748,19770821.353748,19770821.353748,19770821.353748,19770821.353748,19770821.353748
26,56.300000,64,19996487.099074,19996487.099074,19996487.099074,19996487.099074,19996487.099074,19996487.099074
