arrival_rate,bp_parameter_L,bp_parameter_H,Dynamic_BAL_njobs100_mode1_L2_norm_flow_time,Dynamic_BAL_njobs100_mode2_L2_norm_flow_time,Dynamic_BAL_njobs100_mode3_L2_norm_flow_time,Dynamic_BAL_njobs100_mode4_L2_norm_flow_time,Dynamic_BAL_njobs100_mode5_L2_norm_flow_time,Dynamic_BAL_njobs100_mode6_L2_norm_flow_time,Dynamic_BAL_njobs100_mode7_L2_norm_flow_time
26,8.500000,262144,27320952.531045,26472854.474223,26472854.474223,26472854.474223,26472854.474223,26472854.474223,26472854.474223
26,9.800000,32768,39917622.780849,39450404.414718,39450404.414718,39450404.414718,39450404.414718,39450404.414718,39450404.414718
26,12.400000,4096,68709665.385209,68709665.385209,68709665.385209,68709665.385209,68709665.385209,68709665.385209,68709665.385209
26,18.900000,512,127397110.394078,127397110.394078,127397110.394078,127397110.394078,127397110.394078,127397110.394078,127397110.394078
26,56.300000,64,159127219.037438,159127219.037438,159127219.037438,159127219.037438,159127219.037438,159085654.282840,159002980.510259
