arrival_rate,bp_parameter_L,bp_parameter_H,Dynamic_BAL_njobs100_mode1_L2_norm_flow_time,Dynamic_BAL_njobs100_mode2_L2_norm_flow_time,Dynamic_BAL_njobs100_mode3_L2_norm_flow_time,Dynamic_BAL_njobs100_mode4_L2_norm_flow_time,Dynamic_BAL_njobs100_mode5_L2_norm_flow_time,Dynamic_BAL_njobs100_mode6_L2_norm_flow_time
26,8.500000,262144,3444862.610972,3444862.610972,3444862.610972,3444862.610972,3444862.610972,3444862.610972
26,9.800000,32768,4508896.889546,4508896.889546,4508896.889546,4508896.889546,4508896.889546,4508896.889546
26,12.400000,4096,7389226.180928,7389226.180928,7389226.180928,7389226.180928,7389226.180928,7389226.180928
26,18.900000,512,12303100.978927,12303100.978927,12303100.978927,12303100.978927,12303100.978927,12303100.978927
26,60.000000,18,19220988.254829,19816384.941370,19952712.439583,19952448.122298,20425585.623573,19881156.991218
26,60.000000,12,19944164.937306,19944164.937306,19944164.937306,19944164.937306,19944164.937306,19944164.937306
26,60.000000,24,19511289.155239,19315292.552118,19221437.945683,19221934.237811,19984925.069325,19982181.174616
26,56.300000,64,19798438.077128,19798438.077128,19798438.077128,19798438.077128,19798438.077128,19798438.077128
