arrival_rate,bp_parameter_L,bp_parameter_H,Dynamic_BAL_njobs100_mode1_L2_norm_flow_time,Dynamic_BAL_njobs100_mode2_L2_norm_flow_time,Dynamic_BAL_njobs100_mode3_L2_norm_flow_time,Dynamic_BAL_njobs100_mode4_L2_norm_flow_time,Dynamic_BAL_njobs100_mode5_L2_norm_flow_time,Dynamic_BAL_njobs100_mode6_L2_norm_flow_time
26,8.500000,262144,3485312.533542,3489643.014430,3489643.014430,3489643.014430,3489643.014430,3489643.014430
26,9.800000,32768,4583541.761195,4583541.761195,4583541.761195,4583541.761195,4583541.761195,4583541.761195
26,12.400000,4096,7333684.440092,7333684.440092,7333684.440092,7333684.440092,7333684.440092,7333684.440092
26,18.900000,512,12433007.993962,12433007.993962,12433007.993962,12433007.993962,12433007.993962,12433007.993962
26,60.000000,24,18647932.233277,18635733.688532,18491951.342404,18982401.157711,19412301.202999,19416396.359933
26,60.000000,12,20021923.189762,20021923.189762,20021923.189762,20021923.189762,20021923.189762,20021923.189762
26,60.000000,18,19519444.179095,19681944.047294,19681944.047294,19681721.068962,20028115.108477,19657271.326029
26,56.300000,64,19668230.732779,19668230.732779,19668230.732779,19668230.732779,19668230.732779,19668230.732779
