arrival_rate,bp_parameter_L,bp_parameter_H,Dynamic_BAL_njobs100_mode1_L2_norm_flow_time,Dynamic_BAL_njobs100_mode2_L2_norm_flow_time,Dynamic_BAL_njobs100_mode3_L2_norm_flow_time,Dynamic_BAL_njobs100_mode4_L2_norm_flow_time,Dynamic_BAL_njobs100_mode5_L2_norm_flow_time,Dynamic_BAL_njobs100_mode6_L2_norm_flow_time,Dynamic_BAL_njobs100_mode7_L2_norm_flow_time
28,8.500000,262144,24036912.919185,24036912.919185,24036912.919185,24036912.919185,24036912.919185,24036912.919185,24036912.919185
28,9.800000,32768,34246455.679924,34246733.816552,34111192.106029,34111192.106029,34111192.106029,34111192.106029,34111192.106029
28,12.400000,4096,63332714.697536,63332714.697536,63332714.697536,63332714.697536,63332714.697536,63332714.697536,63332714.697536
28,18.900000,512,121841593.475103,121841593.475103,121841593.475103,121841593.475103,121841593.475103,121841593.475103,121841593.475103
28,56.300000,64,149640754.840909,149640754.840909,149640754.840909,149640754.840909,149640754.840909,149601496.744818,149522061.150789
