arrival_rate,bp_parameter_L,bp_parameter_H,Dynamic_BAL_njobs100_mode1_L2_norm_flow_time,Dynamic_BAL_njobs100_mode2_L2_norm_flow_time,Dynamic_BAL_njobs100_mode3_L2_norm_flow_time,Dynamic_BAL_njobs100_mode4_L2_norm_flow_time,Dynamic_BAL_njobs100_mode5_L2_norm_flow_time,Dynamic_BAL_njobs100_mode6_L2_norm_flow_time
28,8.500000,262144,3154097.012143,3154097.012143,3154097.012143,3154097.012143,3154097.012143,3154097.012143
28,9.800000,32768,3916556.014678,3916556.014678,3916556.014678,3916556.014678,3916556.014678,3916556.014678
28,12.400000,4096,6527393.166256,6405394.980403,6405394.980403,6405394.980403,6405394.980403,6405394.980403
28,18.900000,512,11814359.709037,11814359.709037,11814359.709037,11814359.709037,11814359.709037,11814359.709037
28,60.000000,24,17998023.664193,18221435.893973,18369502.164006,18972404.969982,18938766.072374,18939817.310150
28,60.000000,18,18771301.150316,18887029.290615,18887029.290615,18887029.290615,18951146.701348,18861877.199478
28,60.000000,12,18755409.163888,18755409.163888,18755409.163888,18755409.163888,18755409.163888,18755409.163888
28,56.300000,64,19253967.645329,19253967.645329,19253967.645329,19253967.645329,19253967.645329,19253967.645329
