arrival_rate,bp_parameter_L,bp_parameter_H,Dynamic_BAL_njobs100_mode1_L2_norm_flow_time,Dynamic_BAL_njobs100_mode2_L2_norm_flow_time,Dynamic_BAL_njobs100_mode3_L2_norm_flow_time,Dynamic_BAL_njobs100_mode4_L2_norm_flow_time,Dynamic_BAL_njobs100_mode5_L2_norm_flow_time,Dynamic_BAL_njobs100_mode6_L2_norm_flow_time,Dynamic_BAL_njobs100_mode7_L2_norm_flow_time
28,8.500000,262144,23546850.369265,22849778.273190,22849778.273190,22849778.273190,22849778.273190,22849778.273190,22849778.273190
28,9.800000,32768,35541532.322066,35451080.190760,35451080.190760,35451080.190760,35451080.190760,35451080.190760,35451080.190760
28,12.400000,4096,61742366.276065,61742366.276065,61742366.276065,61742366.276065,61742366.276065,61742366.276065,61742366.276065
28,18.900000,512,120231817.234771,120231817.234771,120231817.234771,120231817.234771,120231817.234771,120231817.234771,120231817.234771
28,56.300000,64,149796889.748710,149796889.748710,149796889.748710,149796889.748710,149796889.748710,149756804.790255,149668772.444735
