arrival_rate,bp_parameter_L,bp_parameter_H,Dynamic_BAL_njobs100_mode1_L2_norm_flow_time,Dynamic_BAL_njobs100_mode2_L2_norm_flow_time,Dynamic_BAL_njobs100_mode3_L2_norm_flow_time,Dynamic_BAL_njobs100_mode4_L2_norm_flow_time,Dynamic_BAL_njobs100_mode5_L2_norm_flow_time,Dynamic_BAL_njobs100_mode6_L2_norm_flow_time
28,8.500000,262144,22695528.255162,22695528.255162,22695528.255162,22695528.255162,22695528.255162,22695528.255162
28,9.800000,32768,33449463.583463,33449463.583463,33449463.583463,33449463.583463,33449463.583463,33449463.583463
28,12.400000,4096,53760229.081160,53760229.081160,53760229.081160,53760229.081160,53760229.081160,53760229.081160
28,18.900000,512,96102209.322032,96102209.322032,96102209.322032,96102209.322032,96102209.322032,96102209.322032
28,60.000000,12,149712208.582362,149712208.582362,149712208.582362,149712208.582362,149712208.582362,149712208.582362
28,60.000000,18,150666702.520404,151858982.415509,151963927.501144,151963905.261374,151963905.261374,151938941.280229
28,60.000000,24,143784853.425843,144018221.010610,141061365.227408,147269819.410399,150212564.427446,148923649.821621
28,56.300000,64,150728283.724495,150728283.724495,150728283.724495,150728283.724495,150728283.724495,150728283.724495
