arrival_rate,bp_parameter_L,bp_parameter_H,Dynamic_BAL_njobs100_mode1_L2_norm_flow_time,Dynamic_BAL_njobs100_mode2_L2_norm_flow_time,Dynamic_BAL_njobs100_mode3_L2_norm_flow_time,Dynamic_BAL_njobs100_mode4_L2_norm_flow_time,Dynamic_BAL_njobs100_mode5_L2_norm_flow_time,Dynamic_BAL_njobs100_mode6_L2_norm_flow_time,Dynamic_BAL_njobs100_mode7_L2_norm_flow_time
28,8.500000,262144,23769239.642981,21849443.901440,21810141.773592,21810141.773592,21810141.773592,21810141.773592,21810141.773592
28,9.800000,32768,33268302.490694,32407615.856131,32407615.856131,32407615.856131,32407615.856131,32407615.856131,32407615.856131
28,12.400000,4096,65112713.018481,64564052.624490,64564052.624490,64564052.624490,64564052.624490,64564052.624490,64564052.624490
28,18.900000,512,119012227.763408,119012227.763408,119012227.763408,119012227.763408,119012227.763408,119012227.763408,119012227.763408
28,56.300000,64,150527106.798555,150527106.798555,150527106.798555,150527106.798555,150527106.798555,150486911.723545,150413553.201316
