arrival_rate,bp_parameter_L,bp_parameter_H,Dynamic_BAL_njobs100_mode1_L2_norm_flow_time,Dynamic_BAL_njobs100_mode2_L2_norm_flow_time,Dynamic_BAL_njobs100_mode3_L2_norm_flow_time,Dynamic_BAL_njobs100_mode4_L2_norm_flow_time,Dynamic_BAL_njobs100_mode5_L2_norm_flow_time,Dynamic_BAL_njobs100_mode6_L2_norm_flow_time
28,9.800000,32768,33301417.609279,33154797.832882,33154797.832882,33154797.832882,33154797.832882,33154797.832882
28,8.500000,262144,25021173.677896,24763823.581528,24763823.581528,24763823.581528,24763823.581528,24763823.581528
28,12.400000,4096,55441950.719662,55334512.216231,55334512.216231,55334512.216231,55334512.216231,55334512.216231
28,60.000000,18,148920937.159405,150325422.087902,150329083.064936,150329041.952986,150328985.017890,150289342.016092
28,18.900000,512,96360565.179221,96360565.179221,96360565.179221,96360565.179221,96360565.179221,96360565.179221
28,60.000000,24,142999491.592620,144079298.956137,146598858.290274,149690714.686334,149924966.892353,148318842.442512
28,60.000000,12,150176753.228326,150176753.228326,150176753.228326,150176753.228326,150176753.228326,150176753.228326
28,56.300000,64,150965957.731054,150965957.731054,150965957.731054,150965957.731054,150965957.731054,150965957.731054
