arrival_rate,bp_parameter_L,bp_parameter_H,Dynamic_BAL_njobs100_mode1_L2_norm_flow_time,Dynamic_BAL_njobs100_mode2_L2_norm_flow_time,Dynamic_BAL_njobs100_mode3_L2_norm_flow_time,Dynamic_BAL_njobs100_mode4_L2_norm_flow_time,Dynamic_BAL_njobs100_mode5_L2_norm_flow_time,Dynamic_BAL_njobs100_mode6_L2_norm_flow_time
28,8.500000,262144,3102437.189734,3102437.189734,3102437.189734,3102437.189734,3102437.189734,3102437.189734
28,9.800000,32768,4196240.266225,4196240.266225,4196240.266225,4196240.266225,4196240.266225,4196240.266225
28,12.400000,4096,7096262.160246,7096262.160246,7096262.160246,7096262.160246,7096262.160246,7096262.160246
28,18.900000,512,11956622.689419,11956622.689419,11956622.689419,11956622.689419,11956622.689419,11956622.689419
28,60.000000,24,18149497.386448,18193271.911650,18425361.270164,18999479.933964,18894742.663927,18903272.694150
28,60.000000,12,18965509.225028,18965509.225028,18965509.225028,18965509.225028,18965509.225028,18965509.225028
28,60.000000,18,18552097.819981,18567140.903362,18567140.903362,18567067.961041,18213091.854878,18542793.929787
28,56.300000,64,18887450.259264,18887450.259264,18887450.259264,18887450.259264,18887450.259264,18887450.259264
