arrival_rate,bp_parameter_L,bp_parameter_H,Dynamic_BAL_njobs100_mode1_L2_norm_flow_time,Dynamic_BAL_njobs100_mode2_L2_norm_flow_time,Dynamic_BAL_njobs100_mode3_L2_norm_flow_time,Dynamic_BAL_njobs100_mode4_L2_norm_flow_time,Dynamic_BAL_njobs100_mode5_L2_norm_flow_time,Dynamic_BAL_njobs100_mode6_L2_norm_flow_time
28,8.500000,262144,3409951.459300,3409951.459300,3409951.459300,3409951.459300,3409951.459300,3409951.459300
28,9.800000,32768,4744684.787729,4744684.787729,4744684.787729,4744684.787729,4744684.787729,4744684.787729
28,12.400000,4096,6399514.966895,6399514.966895,6399514.966895,6399514.966895,6399514.966895,6399514.966895
28,18.900000,512,11897427.986697,11897427.986697,11897427.986697,11897427.986697,11897427.986697,11897427.986697
28,56.300000,64,18387708.010300,18387708.010300,18387708.010300,18387708.010300,18387708.010300,18387708.010300
28,60.000000,12,18653962.792849,18653962.792849,18653962.792849,18653962.792849,18653962.792849,18653962.792849
28,60.000000,24,17868527.423384,17925864.675367,18015242.960271,18331802.088110,18668268.026388,18673967.979289
28,60.000000,18,18580126.625687,18692505.614279,18692505.614279,18692505.614279,18602010.865372,18672117.551053
