arrival_rate,bp_parameter_L,bp_parameter_H,Dynamic_BAL_njobs100_mode1_L2_norm_flow_time,Dynamic_BAL_njobs100_mode2_L2_norm_flow_time,Dynamic_BAL_njobs100_mode3_L2_norm_flow_time,Dynamic_BAL_njobs100_mode4_L2_norm_flow_time,Dynamic_BAL_njobs100_mode5_L2_norm_flow_time,Dynamic_BAL_njobs100_mode6_L2_norm_flow_time,Dynamic_BAL_njobs100_mode7_L2_norm_flow_time
30,8.500000,262144,21192272.698670,20035680.900294,20035680.900294,20035680.900294,20035680.900294,20035680.900294,20035680.900294
30,9.800000,32768,31614272.064561,31429205.024418,31429205.024418,31429205.024418,31429205.024418,31429205.024418,31429205.024418
30,12.400000,4096,52694842.012722,52694842.012722,52694842.012722,52694842.012722,52694842.012722,52694842.012722,52694842.012722
30,18.900000,512,115452697.362678,115443860.427016,115443860.427016,115443860.427016,115443860.427016,115443860.427016,115443860.427016
30,56.300000,64,140517681.225672,140517681.225672,140517681.225672,140517681.225672,140517681.225672,140478753.572782,140387637.701647
