arrival_rate,bp_parameter_L,bp_parameter_H,Dynamic_BAL_njobs100_mode1_L2_norm_flow_time,Dynamic_BAL_njobs100_mode2_L2_norm_flow_time,Dynamic_BAL_njobs100_mode3_L2_norm_flow_time,Dynamic_BAL_njobs100_mode4_L2_norm_flow_time,Dynamic_BAL_njobs100_mode5_L2_norm_flow_time,Dynamic_BAL_njobs100_mode6_L2_norm_flow_time
30,8.500000,262144,21175090.919589,21169096.709627,21169096.709627,21169096.709627,21169096.709627,21169096.709627
30,9.800000,32768,28298412.352980,27832285.081114,27832285.081114,27832285.081114,27832285.081114,27832285.081114
30,12.400000,4096,52347461.155840,52225107.697017,52225107.697017,52225107.697017,52225107.697017,52225107.697017
30,18.900000,512,90654271.110124,90654271.110124,90654271.110124,90654271.110124,90654271.110124,90654271.110124
30,60.000000,18,140169090.061853,140990460.258417,140990460.258417,140990460.258417,140990460.258417,140968197.324501
30,60.000000,24,135731783.644240,136901617.390118,139664637.364167,140986155.207069,140985860.968342,140749274.434857
30,60.000000,12,140983208.704338,140983208.704338,140983208.704338,140983208.704338,140983208.704338,140983208.704338
30,56.300000,64,141950945.546521,141950945.546521,141950945.546521,141950945.546521,141950945.546521,141950945.546521
