arrival_rate,bp_parameter_L,bp_parameter_H,Dynamic_BAL_njobs100_mode1_L2_norm_flow_time,Dynamic_BAL_njobs100_mode2_L2_norm_flow_time,Dynamic_BAL_njobs100_mode3_L2_norm_flow_time,Dynamic_BAL_njobs100_mode4_L2_norm_flow_time,Dynamic_BAL_njobs100_mode5_L2_norm_flow_time,Dynamic_BAL_njobs100_mode6_L2_norm_flow_time
30,8.500000,262144,2807685.554309,2807685.554309,2807685.554309,2807685.554309,2807685.554309,2807685.554309
30,9.800000,32768,3476704.427633,3476704.427633,3475611.665609,3475611.665609,3475611.665609,3475611.665609
30,12.400000,4096,6065285.114323,6065285.114323,6065285.114323,6065285.114323,6065285.114323,6065285.114323
30,18.900000,512,10768539.651798,10768539.651798,10768539.651798,10768539.651798,10768539.651798,10768539.651798
30,60.000000,18,17407509.888355,17441599.557879,17441599.557879,17441599.557879,17189706.053501,17431529.625062
30,60.000000,24,16872483.530343,17253531.124718,17304440.926227,17480509.835730,17836835.958296,17288363.529888
30,60.000000,12,17763497.771945,17763497.771945,17763497.771945,17763497.771945,17763497.771945,17763497.771945
30,56.300000,64,17188525.477307,17188525.477307,17188525.477307,17188525.477307,17188525.477307,17188525.477307
