arrival_rate,bp_parameter_L,bp_parameter_H,Dynamic_BAL_njobs100_mode1_L2_norm_flow_time,Dynamic_BAL_njobs100_mode2_L2_norm_flow_time,Dynamic_BAL_njobs100_mode3_L2_norm_flow_time,Dynamic_BAL_njobs100_mode4_L2_norm_flow_time,Dynamic_BAL_njobs100_mode5_L2_norm_flow_time,Dynamic_BAL_njobs100_mode6_L2_norm_flow_time
30,9.800000,32768,3924512.795386,3924512.795386,3924512.795386,3924512.795386,3924512.795386,3924512.795386
30,8.500000,262144,2813979.684869,2813979.684869,2813979.684869,2813979.684869,2813979.684869,2813979.684869
30,12.400000,4096,6159981.972331,6159981.972331,6159981.972331,6159981.972331,6159981.972331,6159981.972331
30,60.000000,18,16974242.629660,16974242.629660,16974242.629660,16974242.629660,16533009.930029,16974242.629660
30,18.900000,512,11310611.773095,11310611.773095,11310611.773095,11310611.773095,11310611.773095,11310611.773095
30,60.000000,24,16823113.731832,17071650.851972,17479574.713943,17479639.409497,17861115.717504,17315349.106096
30,56.300000,64,17539357.085557,17539357.085557,17539357.085557,17539357.085557,17539357.085557,17539357.085557
30,60.000000,12,17642124.048773,17642124.048773,17642124.048773,17642124.048773,17642124.048773,17642124.048773
