arrival_rate,bp_parameter_L,bp_parameter_H,Dynamic_BAL_njobs100_mode1_L2_norm_flow_time,Dynamic_BAL_njobs100_mode2_L2_norm_flow_time,Dynamic_BAL_njobs100_mode3_L2_norm_flow_time,Dynamic_BAL_njobs100_mode4_L2_norm_flow_time,Dynamic_BAL_njobs100_mode5_L2_norm_flow_time,Dynamic_BAL_njobs100_mode6_L2_norm_flow_time
30,8.500000,262144,20735789.233360,20600899.184257,20600899.184257,20600899.184257,20600899.184257,20600899.184257
30,9.800000,32768,30098007.501207,30000190.683658,30000190.683658,30000190.683658,30000190.683658,30000190.683658
30,12.400000,4096,50068900.779841,50068900.779841,50068900.779841,50068900.779841,50068900.779841,50068900.779841
30,18.900000,512,91290550.805585,91290550.805585,91290550.805585,91290550.805585,91290550.805585,91290550.805585
30,60.000000,24,133209963.388383,137612688.808317,139221873.293236,141378371.903394,141378011.127659,141025032.735378
30,60.000000,18,141318213.556586,142257766.046993,142257766.046993,142257766.046993,142257766.046993,142236743.492226
30,60.000000,12,141675877.292699,141675877.292699,141675877.292699,141675877.292699,141675877.292699,141675877.292699
30,56.300000,64,141619096.374390,141619096.374390,141619096.374390,141619096.374390,141619096.374390,141619096.374390
