arrival_rate,bp_parameter_L,bp_parameter_H,Dynamic_BAL_njobs100_mode1_L2_norm_flow_time,Dynamic_BAL_njobs100_mode2_L2_norm_flow_time,Dynamic_BAL_njobs100_mode3_L2_norm_flow_time,Dynamic_BAL_njobs100_mode4_L2_norm_flow_time,Dynamic_BAL_njobs100_mode5_L2_norm_flow_time,Dynamic_BAL_njobs100_mode6_L2_norm_flow_time
30,8.500000,262144,3231449.242479,3231449.242479,3231449.242479,3231449.242479,3231449.242479,3231449.242479
30,9.800000,32768,3808476.001271,3808476.001271,3808476.001271,3808476.001271,3808476.001271,3808476.001271
30,12.400000,4096,6383800.574669,6383800.574669,6383800.574669,6383800.574669,6383800.574669,6383800.574669
30,18.900000,512,11215701.447807,11215701.447807,11215701.447807,11215701.447807,11215701.447807,11215701.447807
30,60.000000,24,17027676.056778,17285808.612933,17585338.025640,17830020.627391,18005441.120979,17556955.139471
30,56.300000,64,17546895.548813,17546895.548813,17546895.548813,17546895.548813,17546895.548813,17546895.548813
30,60.000000,12,17674855.620530,17674855.620530,17674855.620530,17674855.620530,17674855.620530,17674855.620530
30,60.000000,18,17361350.186714,17361350.186714,17361350.186714,17361350.186714,17082167.590400,17352518.003068
