arrival_rate,bp_parameter_L,bp_parameter_H,Dynamic_BAL_njobs100_mode1_L2_norm_flow_time,Dynamic_BAL_njobs100_mode2_L2_norm_flow_time,Dynamic_BAL_njobs100_mode3_L2_norm_flow_time,Dynamic_BAL_njobs100_mode4_L2_norm_flow_time,Dynamic_BAL_njobs100_mode5_L2_norm_flow_time,Dynamic_BAL_njobs100_mode6_L2_norm_flow_time
32,9.800000,32768,3581614.417906,3581614.417906,3581614.417906,3581614.417906,3581614.417906,3581614.417906
32,8.500000,262144,2707101.580932,2707101.580932,2707101.580932,2707101.580932,2707101.580932,2707101.580932
32,12.400000,4096,5700804.867447,5700804.867447,5700804.867447,5700804.867447,5700804.867447,5700804.867447
32,18.900000,512,10853666.816668,10853666.816668,10853666.816668,10853666.816668,10853666.816668,10853666.816668
32,60.000000,18,16256510.152220,16256510.152220,16256510.152220,16256510.152220,16256510.152220,16248228.685627
32,60.000000,24,15948062.427625,16435844.710139,16460360.674702,16460360.674702,17093434.995543,16361405.844460
32,60.000000,12,16469446.828157,16469446.828157,16469446.828157,16469446.828157,16469446.828157,16469446.828157
32,56.300000,64,16819750.194121,16819750.194121,16819750.194121,16819750.194121,16819750.194121,16819750.194121
