arrival_rate,bp_parameter_L,bp_parameter_H,Dynamic_BAL_njobs100_mode1_L2_norm_flow_time,Dynamic_BAL_njobs100_mode2_L2_norm_flow_time,Dynamic_BAL_njobs100_mode3_L2_norm_flow_time,Dynamic_BAL_njobs100_mode4_L2_norm_flow_time,Dynamic_BAL_njobs100_mode5_L2_norm_flow_time,Dynamic_BAL_njobs100_mode6_L2_norm_flow_time,Dynamic_BAL_njobs100_mode7_L2_norm_flow_time
32,8.500000,262144,18635343.729143,18662476.948206,18635343.729143,18635343.729143,18635343.729143,18635343.729143,18635343.729143
32,9.800000,32768,27356307.557441,27356307.557441,27356307.557441,27356307.557441,27356307.557441,27356307.557441,27356307.557441
32,12.400000,4096,51415598.784544,51255077.853836,50898877.523700,50898877.523700,50898877.523700,50898877.523700,50898877.523700
32,18.900000,512,103212363.987491,103212363.987491,103212363.987491,103212363.987491,103212363.987491,103212363.987491,103212363.987491
32,56.300000,64,131552006.328681,131552006.328681,131552006.328681,131552006.328681,131552006.328681,131512918.120186,131552006.328681
