arrival_rate,bp_parameter_L,bp_parameter_H,Dynamic_BAL_njobs100_mode1_L2_norm_flow_time,Dynamic_BAL_njobs100_mode2_L2_norm_flow_time,Dynamic_BAL_njobs100_mode3_L2_norm_flow_time,Dynamic_BAL_njobs100_mode4_L2_norm_flow_time,Dynamic_BAL_njobs100_mode5_L2_norm_flow_time,Dynamic_BAL_njobs100_mode6_L2_norm_flow_time,Dynamic_BAL_njobs100_mode7_L2_norm_flow_time
32,8.500000,262144,17715616.074755,17715036.672657,17715036.672657,17715036.672657,17715036.672657,17715036.672657,17715036.672657
32,9.800000,32768,27520663.043058,27506121.140697,27506121.140697,27506121.140697,27506121.140697,27506121.140697,27506121.140697
32,12.400000,4096,49913710.564383,49864327.499401,49864327.499401,49864327.499401,49864327.499401,49864327.499401,49864327.499401
32,18.900000,512,107825549.136840,107825549.136840,107825549.136840,107825549.136840,107825549.136840,107825549.136840,107825549.136840
32,56.300000,64,133419365.757859,133419365.757859,133419365.757859,133419365.757859,133419365.757859,133382948.970888,133419365.757859
