arrival_rate,bp_parameter_L,bp_parameter_H,Dynamic_BAL_njobs100_mode1_L2_norm_flow_time,Dynamic_BAL_njobs100_mode2_L2_norm_flow_time,Dynamic_BAL_njobs100_mode3_L2_norm_flow_time,Dynamic_BAL_njobs100_mode4_L2_norm_flow_time,Dynamic_BAL_njobs100_mode5_L2_norm_flow_time,Dynamic_BAL_njobs100_mode6_L2_norm_flow_time
32,8.500000,262144,2565814.926410,2328507.430592,2328507.430592,2328507.430592,2328507.430592,2328507.430592
32,9.800000,32768,3417661.076459,3417661.076459,3417661.076459,3417661.076459,3417661.076459,3417661.076459
32,12.400000,4096,5754364.458664,5754364.458664,5754364.458664,5754364.458664,5754364.458664,5754364.458664
32,18.900000,512,10658385.406250,10658385.406250,10658385.406250,10658385.406250,10658385.406250,10658385.406250
32,60.000000,24,16100212.345110,16495008.437615,16524684.820159,16524684.820159,17115085.394414,16423900.957813
32,60.000000,12,16180854.196414,16180854.196414,16180854.196414,16180854.196414,16180854.196414,16180854.196414
32,60.000000,18,16309484.199422,16309484.199422,16309484.199422,16309484.199422,16309484.199422,16302545.245805
32,56.300000,64,16552827.508937,16552827.508937,16552827.508937,16552827.508937,16552827.508937,16552827.508937
