arrival_rate,bp_parameter_L,bp_parameter_H,Dynamic_BAL_njobs100_mode1_L2_norm_flow_time,Dynamic_BAL_njobs100_mode2_L2_norm_flow_time,Dynamic_BAL_njobs100_mode3_L2_norm_flow_time,Dynamic_BAL_njobs100_mode4_L2_norm_flow_time,Dynamic_BAL_njobs100_mode5_L2_norm_flow_time,Dynamic_BAL_njobs100_mode6_L2_norm_flow_time
32,8.500000,262144,2760240.628360,2760240.628360,2760240.628360,2760240.628360,2760240.628360,2760240.628360
32,9.800000,32768,3706629.211030,3706629.211030,3706629.211030,3706629.211030,3706629.211030,3706629.211030
32,12.400000,4096,5857549.802668,5857549.802668,5857549.802668,5857549.802668,5857549.802668,5857549.802668
32,18.900000,512,10514439.161957,10514439.161957,10514439.161957,10514439.161957,10514439.161957,10514439.161957
32,60.000000,24,15948098.507980,16467262.744477,16472591.156186,16472234.985870,16938316.906411,16386378.089347
32,56.300000,64,16275910.965272,16275910.965272,16275910.965272,16275910.965272,16275910.965272,16275910.965272
32,60.000000,18,16574353.986981,16574353.986981,16574353.986981,16574353.986981,16574353.986981,16563344.517975
32,60.000000,12,16885588.550723,16885588.550723,16885588.550723,16885588.550723,16885588.550723,16885588.550723
