arrival_rate,bp_parameter_L,bp_parameter_H,Dynamic_BAL_njobs100_mode1_L2_norm_flow_time,Dynamic_BAL_njobs100_mode2_L2_norm_flow_time,Dynamic_BAL_njobs100_mode3_L2_norm_flow_time,Dynamic_BAL_njobs100_mode4_L2_norm_flow_time,Dynamic_BAL_njobs100_mode5_L2_norm_flow_time,Dynamic_BAL_njobs100_mode6_L2_norm_flow_time
32,8.500000,262144,2330932.001350,2330932.001350,2330932.001350,2330932.001350,2330932.001350,2330932.001350
32,9.800000,32768,3991855.808543,3935446.303343,3935446.303343,3935446.303343,3935446.303343,3935446.303343
32,12.400000,4096,5075426.147793,5075426.147793,5040612.969738,5040612.969738,5040612.969738,5040612.969738
32,18.900000,512,10156121.379562,10156121.379562,10156121.379562,10156121.379562,10156121.379562,10156121.379562
32,60.000000,24,16207735.030580,16412167.381270,16412167.381270,16412167.381270,16924881.505806,16315216.632964
32,60.000000,18,16611920.342704,16611920.342704,16611920.342704,16611920.342704,16593570.643198,16603234.156940
32,56.300000,64,16356582.886624,16356582.886624,16356582.886624,16356582.886624,16356582.886624,16356582.886624
32,60.000000,12,16461813.656038,16461813.656038,16461813.656038,16461813.656038,16461813.656038,16461813.656038
