arrival_rate,bp_parameter_L,bp_parameter_H,Dynamic_BAL_njobs100_mode1_L2_norm_flow_time,Dynamic_BAL_njobs100_mode2_L2_norm_flow_time,Dynamic_BAL_njobs100_mode3_L2_norm_flow_time,Dynamic_BAL_njobs100_mode4_L2_norm_flow_time,Dynamic_BAL_njobs100_mode5_L2_norm_flow_time,Dynamic_BAL_njobs100_mode6_L2_norm_flow_time
32,8.500000,262144,2283782.763852,2281052.241545,2281052.241545,2281052.241545,2281052.241545,2281052.241545
32,12.400000,4096,5623931.749273,5623931.749273,5623931.749273,5623931.749273,5623931.749273,5623931.749273
32,9.800000,32768,3384958.291773,3384958.291773,3384958.291773,3384958.291773,3384958.291773,3384958.291773
32,18.900000,512,10457659.249591,10457659.249591,10457659.249591,10457659.249591,10457659.249591,10457659.249591
32,60.000000,18,16257311.743208,16257311.743208,16257311.743208,16257311.743208,16257311.743208,16257311.743208
32,60.000000,12,16323777.426392,16323777.426392,16323777.426392,16323777.426392,16323777.426392,16323777.426392
32,60.000000,24,15598235.070998,15902467.004048,15964308.886200,15964308.886200,16418258.283733,15858511.223054
32,56.300000,64,16358112.031796,16358112.031796,16358112.031796,16358112.031796,16358112.031796,16358112.031796
