arrival_rate,bp_parameter_L,bp_parameter_H,Dynamic_BAL_njobs100_mode1_L2_norm_flow_time,Dynamic_BAL_njobs100_mode2_L2_norm_flow_time,Dynamic_BAL_njobs100_mode3_L2_norm_flow_time,Dynamic_BAL_njobs100_mode4_L2_norm_flow_time,Dynamic_BAL_njobs100_mode5_L2_norm_flow_time,Dynamic_BAL_njobs100_mode6_L2_norm_flow_time
34,8.500000,262144,2373911.733976,2373911.733976,2373911.733976,2373911.733976,2373911.733976,2373911.733976
34,9.800000,32768,3160641.208062,3160641.208062,3160641.208062,3160641.208062,3160641.208062,3160641.208062
34,12.400000,4096,5010912.385915,5010912.385915,5010912.385915,5010912.385915,5010912.385915,5010912.385915
34,18.900000,512,9941332.762969,9941332.762969,9941332.762969,9941332.762969,9941332.762969,9941332.762969
34,60.000000,24,14888457.128265,15318945.271060,15351254.586827,15350888.482714,15050212.992084,15284405.520781
34,60.000000,18,15478127.043659,15478127.043659,15478127.043659,15478127.043659,15478127.043659,15478127.043659
34,60.000000,12,15234037.151519,15234037.151519,15234037.151519,15234037.151519,15234037.151519,15234037.151519
34,56.300000,64,15547559.459334,15547559.459334,15547559.459334,15547559.459334,15547559.459334,15547559.459334
