arrival_rate,bp_parameter_L,bp_parameter_H,Dynamic_BAL_njobs100_mode1_L2_norm_flow_time,Dynamic_BAL_njobs100_mode2_L2_norm_flow_time,Dynamic_BAL_njobs100_mode3_L2_norm_flow_time,Dynamic_BAL_njobs100_mode4_L2_norm_flow_time,Dynamic_BAL_njobs100_mode5_L2_norm_flow_time,Dynamic_BAL_njobs100_mode6_L2_norm_flow_time
34,8.500000,262144,15920044.457930,15920044.457930,15920044.457930,15920044.457930,15920044.457930,15920044.457930
34,9.800000,32768,24797901.013009,24791706.033129,24791706.033129,24791706.033129,24791706.033129,24791706.033129
34,12.400000,4096,40603383.128863,40603383.128863,40603383.128863,40603383.128863,40603383.128863,40603383.128863
34,18.900000,512,80994123.657932,80890809.522823,80890809.522823,80890809.522823,80890809.522823,80890809.522823
34,60.000000,24,120266686.902805,122241117.544272,122286667.572845,122401915.991898,122401729.757561,122340472.874983
34,60.000000,18,123218753.065197,123218753.065197,123218753.065197,123218753.065197,123218753.065197,123211649.563127
34,60.000000,12,122992065.579957,122992065.579957,122992065.579957,122992065.579957,122992065.579957,122992065.579957
34,56.300000,64,122137689.750305,122137689.750305,122137689.750305,122137689.750305,122137689.750305,122137689.750305
