arrival_rate,bp_parameter_L,bp_parameter_H,Dynamic_BAL_njobs100_mode1_L2_norm_flow_time,Dynamic_BAL_njobs100_mode2_L2_norm_flow_time,Dynamic_BAL_njobs100_mode3_L2_norm_flow_time,Dynamic_BAL_njobs100_mode4_L2_norm_flow_time,Dynamic_BAL_njobs100_mode5_L2_norm_flow_time,Dynamic_BAL_njobs100_mode6_L2_norm_flow_time,Dynamic_BAL_njobs100_mode7_L2_norm_flow_time
34,8.500000,262144,16989603.843284,16973428.425989,16973428.425989,16973428.425989,16973428.425989,16973428.425989,16973428.425989
34,9.800000,32768,25291434.360181,25181116.585388,24918388.809166,24918388.809166,24918388.809166,24918388.809166,24918388.809166
34,12.400000,4096,44187066.874716,44187066.874716,44187066.874716,44187066.874716,44187066.874716,44187066.874716,44187066.874716
34,18.900000,512,98977188.307842,98961710.675622,98961710.675622,98961710.675622,98961710.675622,98961710.675622,98961710.675622
34,56.300000,64,122366250.518193,122366250.518193,122366250.518193,122366250.518193,122366250.518193,122328325.799742,122366250.518193
