arrival_rate,bp_parameter_L,bp_parameter_H,Dynamic_BAL_njobs100_mode1_L2_norm_flow_time,Dynamic_BAL_njobs100_mode2_L2_norm_flow_time,Dynamic_BAL_njobs100_mode3_L2_norm_flow_time,Dynamic_BAL_njobs100_mode4_L2_norm_flow_time,Dynamic_BAL_njobs100_mode5_L2_norm_flow_time,Dynamic_BAL_njobs100_mode6_L2_norm_flow_time
34,8.500000,262144,17531667.236056,17336623.626563,17297702.910953,17297702.910953,17297702.910953,17297702.910953
34,12.400000,4096,41578953.317013,41482174.735190,41482174.735190,41482174.735190,41482174.735190,41482174.735190
34,9.800000,32768,24114704.363874,23996501.684033,23996501.684033,23996501.684033,23996501.684033,23996501.684033
34,18.900000,512,81201465.264000,81217217.517723,81217217.517723,81217217.517723,81217217.517723,81217217.517723
34,60.000000,24,120504614.809206,123305814.430800,123305814.430800,123305814.430800,123305814.430800,123208888.790397
34,60.000000,18,122014549.522346,122014549.522346,122014549.522346,122014549.522346,122014549.522346,122014549.522346
34,60.000000,12,122787142.503714,122787142.503714,122787142.503714,122787142.503714,122787142.503714,122787142.503714
34,56.300000,64,121851977.794736,121851977.794736,121851977.794736,121851977.794736,121851977.794736,121851977.794736
