arrival_rate,bp_parameter_L,bp_parameter_H,Dynamic_BAL_njobs100_mode1_L2_norm_flow_time,Dynamic_BAL_njobs100_mode2_L2_norm_flow_time,Dynamic_BAL_njobs100_mode3_L2_norm_flow_time,Dynamic_BAL_njobs100_mode4_L2_norm_flow_time,Dynamic_BAL_njobs100_mode5_L2_norm_flow_time,Dynamic_BAL_njobs100_mode6_L2_norm_flow_time
34,8.500000,262144,2575516.185838,2575516.185838,2575516.185838,2575516.185838,2575516.185838,2575516.185838
34,9.800000,32768,3021551.318318,3021551.318318,3021551.318318,3021551.318318,3021551.318318,3021551.318318
34,12.400000,4096,5113610.403105,5113610.403105,5113610.403105,5113610.403105,5113610.403105,5113610.403105
34,18.900000,512,9794064.858496,9794064.858496,9794064.858496,9794064.858496,9794064.858496,9794064.858496
34,60.000000,12,15244094.305006,15244094.305006,15244094.305006,15244094.305006,15244094.305006,15244094.305006
34,56.300000,64,15002245.963401,15002245.963401,15002245.963401,15002245.963401,15002245.963401,15002245.963401
34,60.000000,24,15193529.788652,15275080.173681,15275080.173681,15275080.173681,14985927.255860,15236472.807333
34,60.000000,18,15115571.415604,15115571.415604,15115571.415604,15115571.415604,15115571.415604,15115571.415604
