arrival_rate,bp_parameter_L,bp_parameter_H,Dynamic_BAL_njobs100_mode1_L2_norm_flow_time,Dynamic_BAL_njobs100_mode2_L2_norm_flow_time,Dynamic_BAL_njobs100_mode3_L2_norm_flow_time,Dynamic_BAL_njobs100_mode4_L2_norm_flow_time,Dynamic_BAL_njobs100_mode5_L2_norm_flow_time,Dynamic_BAL_njobs100_mode6_L2_norm_flow_time
36,8.500000,262144,15620106.559590,15620106.559590,15620106.559590,15620106.559590,15620106.559590,15620106.559590
36,9.800000,32768,23231743.814802,22942034.383791,22942034.383791,22942034.383791,22942034.383791,22942034.383791
36,12.400000,4096,37289133.016120,37118794.382549,37118794.382549,37118794.382549,37118794.382549,37118794.382549
36,18.900000,512,75987527.447617,75902235.276581,75902235.276581,75902235.276581,75902235.276581,75902235.276581
36,60.000000,18,113198345.582623,113198345.582623,113198345.582623,113198345.582623,113198345.582623,113198345.582623
36,60.000000,24,114250740.005597,114880906.898570,115066428.948589,115066428.948589,115066428.948589,114997983.148989
36,60.000000,12,114359904.129652,114359904.129652,114359904.129652,114359904.129652,114359904.129652,114359904.129652
36,56.300000,64,111774996.649079,111774996.649079,111774996.649079,111774996.649079,111774996.649079,111774996.649079
