arrival_rate,bp_parameter_L,bp_parameter_H,Dynamic_BAL_njobs100_mode1_L2_norm_flow_time,Dynamic_BAL_njobs100_mode2_L2_norm_flow_time,Dynamic_BAL_njobs100_mode3_L2_norm_flow_time,Dynamic_BAL_njobs100_mode4_L2_norm_flow_time,Dynamic_BAL_njobs100_mode5_L2_norm_flow_time,Dynamic_BAL_njobs100_mode6_L2_norm_flow_time
36,9.800000,32768,20655383.285791,20413282.416387,20413282.416387,20413282.416387,20413282.416387,20413282.416387
36,12.400000,4096,39336498.096528,39336498.096528,39336498.096528,39336498.096528,39336498.096528,39336498.096528
36,8.500000,262144,18069695.056927,16785560.124655,16785560.124655,16785560.124655,16785560.124655,16785560.124655
36,18.900000,512,74270952.393264,74250354.354775,74250354.354775,74250354.354775,74250354.354775,74250354.354775
36,60.000000,18,113780397.388885,113780397.388885,113780397.388885,113780397.388885,113780397.388885,113780397.388885
36,60.000000,24,114078500.944543,116315434.217776,116315434.217776,116315403.453493,116315403.453493,116250592.676225
36,60.000000,12,112361089.651787,112361089.651787,112361089.651787,112361089.651787,112361089.651787,112361089.651787
36,56.300000,64,112637855.845453,112637855.845453,112637855.845453,112637855.845453,112637855.845453,112637855.845453
