arrival_rate,bp_parameter_L,bp_parameter_H,Dynamic_BAL_njobs100_mode1_L2_norm_flow_time,Dynamic_BAL_njobs100_mode2_L2_norm_flow_time,Dynamic_BAL_njobs100_mode3_L2_norm_flow_time,Dynamic_BAL_njobs100_mode4_L2_norm_flow_time,Dynamic_BAL_njobs100_mode5_L2_norm_flow_time,Dynamic_BAL_njobs100_mode6_L2_norm_flow_time
36,8.500000,262144,2023926.397213,1855180.364358,1855180.364358,1855180.364358,1855180.364358,1855180.364358
36,9.800000,32768,3572113.257636,3104529.181207,3104529.181207,3104529.181207,3104529.181207,3104529.181207
36,12.400000,4096,4798212.981710,4798212.981710,4798212.981710,4798212.981710,4798212.981710,4798212.981710
36,18.900000,512,9150989.227716,9150989.227716,9150989.227716,9150989.227716,9150989.227716,9150989.227716
36,60.000000,12,13974597.327012,13974597.327012,13974597.327012,13974597.327012,13974597.327012,13974597.327012
36,60.000000,24,14191887.090755,14315012.601675,14315012.601675,14315012.601675,14097814.523536,14283704.631950
36,60.000000,18,14002145.940382,14002145.940382,14002145.940382,14002145.940382,14002145.940382,14002145.940382
36,56.300000,64,13823626.354828,13823626.354828,13823626.354828,13823626.354828,13823626.354828,13823626.354828
