arrival_rate,bp_parameter_L,bp_parameter_H,Dynamic_BAL_njobs100_mode1_L2_norm_flow_time,Dynamic_BAL_njobs100_mode2_L2_norm_flow_time,Dynamic_BAL_njobs100_mode3_L2_norm_flow_time,Dynamic_BAL_njobs100_mode4_L2_norm_flow_time,Dynamic_BAL_njobs100_mode5_L2_norm_flow_time,Dynamic_BAL_njobs100_mode6_L2_norm_flow_time,Dynamic_BAL_njobs100_mode7_L2_norm_flow_time
36,8.500000,262144,15251440.670205,15135578.471464,15135578.471464,15200164.913815,15200164.913815,15135578.471464,15135578.471464
36,9.800000,32768,21136417.255742,21149665.217955,21149665.217955,21149665.217955,21149665.217955,21149665.217955,21149665.217955
36,12.400000,4096,39087540.441976,38579623.959542,38579623.959542,38579623.959542,38579623.959542,38579623.959542,38579623.959542
36,18.900000,512,93128205.231626,93098159.265316,93098159.265316,93098159.265316,93098159.265316,93098159.265316,93098159.265316
36,56.300000,64,113713465.920479,113713465.920479,113713465.920479,113713465.920479,113713465.920479,113676604.012985,113713465.920479
