arrival_rate,bp_parameter_L,bp_parameter_H,Dynamic_BAL_njobs100_mode1_L2_norm_flow_time,Dynamic_BAL_njobs100_mode2_L2_norm_flow_time,Dynamic_BAL_njobs100_mode3_L2_norm_flow_time,Dynamic_BAL_njobs100_mode4_L2_norm_flow_time,Dynamic_BAL_njobs100_mode5_L2_norm_flow_time,Dynamic_BAL_njobs100_mode6_L2_norm_flow_time
36,8.500000,262144,1962083.524290,1962083.524290,1962083.524290,1962083.524290,1962083.524290,1962083.524290
36,12.400000,4096,4444837.278385,4425863.602382,4425863.602382,4425863.602382,4425863.602382,4425863.602382
36,9.800000,32768,2742075.191391,2742075.191391,2742075.191391,2742075.191391,2742075.191391,2742075.191391
36,18.900000,512,9073933.207252,9074406.379127,9056049.030337,9056049.030337,9056049.030337,9056049.030337
36,60.000000,18,14090556.588795,14090556.588795,14090556.588795,14090556.588795,14090556.588795,14090556.588795
36,60.000000,24,14265979.067629,14414910.134716,14414910.134716,14414669.339428,14385178.449251,14369499.185671
36,60.000000,12,14078128.064587,14078128.064587,14078128.064587,14078128.064587,14078128.064587,14078128.064587
36,56.300000,64,14025393.462281,14025393.462281,14025393.462281,14025393.462281,14025393.462281,14025393.462281
