arrival_rate,bp_parameter_L,bp_parameter_H,Dynamic_BAL_njobs100_mode1_L2_norm_flow_time,Dynamic_BAL_njobs100_mode2_L2_norm_flow_time,Dynamic_BAL_njobs100_mode3_L2_norm_flow_time,Dynamic_BAL_njobs100_mode4_L2_norm_flow_time,Dynamic_BAL_njobs100_mode5_L2_norm_flow_time,Dynamic_BAL_njobs100_mode6_L2_norm_flow_time,Dynamic_BAL_njobs100_mode7_L2_norm_flow_time
36,9.800000,32768,20874613.658228,20874613.658228,20874613.658228,20874613.658228,20874613.658228,20874613.658228,20874613.658228
36,8.500000,262144,15078816.317149,15113212.198010,15113212.198010,15113212.198010,15113212.198010,15113212.198010,15113212.198010
36,12.400000,4096,38576923.791625,38187894.163457,38187894.163457,38187894.163457,38187894.163457,38187894.163457,38187894.163457
36,18.900000,512,90542494.875305,90544763.708819,90541173.231345,90541173.231345,90542494.875305,90541173.231345,90541173.231345
36,56.300000,64,111886281.538921,111886281.538921,111886281.538921,111886281.538921,111886281.538921,111848387.087989,111886281.538921
