arrival_rate,bp_parameter_L,bp_parameter_H,Dynamic_BAL_njobs100_mode1_L2_norm_flow_time,Dynamic_BAL_njobs100_mode2_L2_norm_flow_time,Dynamic_BAL_njobs100_mode3_L2_norm_flow_time,Dynamic_BAL_njobs100_mode4_L2_norm_flow_time,Dynamic_BAL_njobs100_mode5_L2_norm_flow_time,Dynamic_BAL_njobs100_mode6_L2_norm_flow_time,Dynamic_BAL_njobs100_mode7_L2_norm_flow_time
38,8.500000,262144,11124418.645812,11124418.645812,11124418.645812,11124418.645812,11124418.645812,11124418.645812,11124418.645812
38,9.800000,32768,18480920.509166,18480920.509166,18480920.509166,18480920.509166,18480920.509166,18480920.509166,18480920.509166
38,12.400000,4096,34364049.245210,34266073.532438,34266073.532438,34266073.532438,34266073.532438,34266073.532438,34266073.532438
38,18.900000,512,84528744.448407,84511609.247123,84510334.558843,84510334.558843,84513625.800043,84510334.558843,84510334.558843
38,56.300000,64,103374373.945031,103374373.945031,103374373.945031,103374373.945031,103374373.945031,103337791.161851,103374373.945031
