arrival_rate,bp_parameter_L,bp_parameter_H,Dynamic_BAL_njobs100_mode1_L2_norm_flow_time,Dynamic_BAL_njobs100_mode2_L2_norm_flow_time,Dynamic_BAL_njobs100_mode3_L2_norm_flow_time,Dynamic_BAL_njobs100_mode4_L2_norm_flow_time,Dynamic_BAL_njobs100_mode5_L2_norm_flow_time,Dynamic_BAL_njobs100_mode6_L2_norm_flow_time
38,8.500000,262144,1330705.879992,1330705.879992,1330705.879992,1330705.879992,1330705.879992,1330705.879992
38,9.800000,32768,2401621.567152,2401621.567152,2401621.567152,2401621.567152,2401621.567152,2401621.567152
38,12.400000,4096,4201059.684136,4201059.684136,4201059.684136,4201059.684136,4201059.684136,4201059.684136
38,18.900000,512,8640635.309948,8640635.309948,8640635.309948,8640635.309948,8640635.309948,8640635.309948
38,60.000000,24,12695596.218923,12699271.706873,12699271.706873,12699271.706873,12699271.706873,12672635.543356
38,60.000000,12,12818002.064042,12818002.064042,12818002.064042,12818002.064042,12818002.064042,12818002.064042
38,60.000000,18,13175757.187204,13175757.187204,13175757.187204,13175757.187204,13175757.187204,13175757.187204
38,56.300000,64,13071694.844982,13071694.844982,13071694.844982,13071694.844982,13071694.844982,13071694.844982
