arrival_rate,bp_parameter_L,bp_parameter_H,Dynamic_BAL_njobs100_mode1_L2_norm_flow_time,Dynamic_BAL_njobs100_mode2_L2_norm_flow_time,Dynamic_BAL_njobs100_mode3_L2_norm_flow_time,Dynamic_BAL_njobs100_mode4_L2_norm_flow_time,Dynamic_BAL_njobs100_mode5_L2_norm_flow_time,Dynamic_BAL_njobs100_mode6_L2_norm_flow_time
38,8.500000,262144,10037388.930870,9996202.658039,9996202.658039,9996202.658039,9996202.658039,9996202.658039
38,9.800000,32768,20010493.149926,20010493.149926,20024832.575499,20024832.575499,20024832.575499,20024832.575499
38,12.400000,4096,33616744.219751,33594901.927413,33594901.927413,33594901.927413,33594901.927413,33594901.927413
38,18.900000,512,68682668.924709,68516221.951622,68516221.951622,68516221.951622,68516221.951622,68516221.951622
38,60.000000,18,104918210.760153,104918210.760153,104918210.760153,104918210.760153,104918210.760153,104918210.760153
38,60.000000,24,102833200.627103,103473978.521903,103473978.521903,103473978.521903,103473790.085186,103433992.308339
38,60.000000,12,104367358.010952,104367358.010952,104367358.010952,104367358.010952,104367358.010952,104367358.010952
38,56.300000,64,103925330.801628,103925330.801628,103925330.801628,103925330.801628,103925330.801628,103925330.801628
