arrival_rate,bp_parameter_L,bp_parameter_H,Dynamic_BAL_njobs100_mode1_L2_norm_flow_time,Dynamic_BAL_njobs100_mode2_L2_norm_flow_time,Dynamic_BAL_njobs100_mode3_L2_norm_flow_time,Dynamic_BAL_njobs100_mode4_L2_norm_flow_time,Dynamic_BAL_njobs100_mode5_L2_norm_flow_time,Dynamic_BAL_njobs100_mode6_L2_norm_flow_time
38,9.800000,32768,20619048.186286,20619048.186286,20619048.186286,20619048.186286,20619048.186286,20619048.186286
38,12.400000,4096,35002589.316836,34848896.886971,34848896.886971,34848896.886971,34848896.886971,34848896.886971
38,8.500000,262144,11940891.275136,11920950.617975,11920950.617975,11920950.617975,11920950.617975,11920950.617975
38,18.900000,512,69266362.989608,69150493.110251,69219605.272953,69219605.272953,69219605.272953,69150493.110251
38,60.000000,24,103096044.221986,103983931.706245,103983931.706245,103983931.706245,103983931.706245,103941710.820401
38,60.000000,18,104853792.948182,104853792.948182,104853792.948182,104853792.948182,104853792.948182,104853792.948182
38,60.000000,12,104129825.309356,104129825.309356,104129825.309356,104129825.309356,104129825.309356,104129825.309356
38,56.300000,64,105816744.651830,105816744.651830,105816744.651830,105816744.651830,105816744.651830,105816744.651830
