arrival_rate,bp_parameter_L,bp_parameter_H,Dynamic_BAL_njobs100_mode1_L2_norm_flow_time,Dynamic_BAL_njobs100_mode2_L2_norm_flow_time,Dynamic_BAL_njobs100_mode3_L2_norm_flow_time,Dynamic_BAL_njobs100_mode4_L2_norm_flow_time,Dynamic_BAL_njobs100_mode5_L2_norm_flow_time,Dynamic_BAL_njobs100_mode6_L2_norm_flow_time
38,9.800000,32768,2000795.673221,1992177.418837,1992177.418837,1992177.418837,1992177.418837,1992177.418837
38,8.500000,262144,1533345.144700,1533345.144700,1533345.144700,1533345.144700,1533345.144700,1533345.144700
38,12.400000,4096,4391113.919824,4385276.061358,4385276.061358,4385276.061358,4385276.061358,4385276.061358
38,18.900000,512,8496157.829676,8496157.829676,8496157.829676,8496157.829676,8496157.829676,8496157.829676
38,60.000000,24,13027784.107676,13027784.107676,13027784.107676,13027784.107676,13027784.107676,13000223.993992
38,60.000000,12,12752846.442866,12752846.442866,12752846.442866,12752846.442866,12752846.442866,12752846.442866
38,60.000000,18,12859602.948372,12859602.948372,12859602.948372,12859602.948372,12859602.948372,12859602.948372
38,56.300000,64,12770055.481223,12770055.481223,12770055.481223,12770055.481223,12770055.481223,12770055.481223
