arrival_rate,bp_parameter_L,bp_parameter_H,Dynamic_BAL_njobs100_mode1_L2_norm_flow_time,Dynamic_BAL_njobs100_mode2_L2_norm_flow_time,Dynamic_BAL_njobs100_mode3_L2_norm_flow_time,Dynamic_BAL_njobs100_mode4_L2_norm_flow_time,Dynamic_BAL_njobs100_mode5_L2_norm_flow_time,Dynamic_BAL_njobs100_mode6_L2_norm_flow_time
38,8.500000,262144,11418540.162595,11285850.329827,11285850.329827,11285850.329827,11285850.329827,11285850.329827
38,9.800000,32768,21248471.539870,20788621.547892,20788621.547892,20788621.547892,20788621.547892,20788621.547892
38,12.400000,4096,33511915.641506,33489019.446986,33241464.986986,33241464.986986,33241464.986986,33241464.986986
38,18.900000,512,70123917.633289,70131115.297545,70113245.654171,70113245.654171,70113245.654171,70113245.654171
38,60.000000,24,104563551.026320,104826981.348782,104826981.348782,104826981.348782,104826981.348782,104771496.666693
38,60.000000,18,103713187.970760,103713187.970760,103713187.970760,103713187.970760,103713187.970760,103713187.970760
38,60.000000,12,103452169.377891,103452169.377891,103452169.377891,103452169.377891,103452169.377891,103452169.377891
38,56.300000,64,104984375.051946,104984375.051946,104984375.051946,104984375.051946,104984375.051946,104984375.051946
