arrival_rate,bp_parameter_L,bp_parameter_H,Dynamic_BAL_njobs100_mode1_L2_norm_flow_time,Dynamic_BAL_njobs100_mode2_L2_norm_flow_time,Dynamic_BAL_njobs100_mode3_L2_norm_flow_time,Dynamic_BAL_njobs100_mode4_L2_norm_flow_time,Dynamic_BAL_njobs100_mode5_L2_norm_flow_time,Dynamic_BAL_njobs100_mode6_L2_norm_flow_time
38,8.500000,262144,1836615.170950,1398923.822032,1398923.822032,1398923.822032,1398923.822032,1398923.822032
38,9.800000,32768,2514397.881349,2514397.881349,2514397.881349,2514397.881349,2514397.881349,2514397.881349
38,12.400000,4096,4548332.796274,4548332.796274,4548332.796274,4548332.796274,4548332.796274,4548332.796274
38,18.900000,512,8496025.268034,8496025.268034,8496025.268034,8496025.268034,8496025.268034,8496025.268034
38,60.000000,18,12691677.617793,12691677.617793,12691677.617793,12691677.617793,12691677.617793,12691677.617793
38,60.000000,24,12625345.151320,12725611.927114,12725611.927114,12725611.927114,12725611.927114,12699054.249814
38,60.000000,12,13358547.530992,13358547.530992,13358547.530992,13358547.530992,13358547.530992,13358547.530992
38,56.300000,64,13472229.987574,13472229.987574,13472229.987574,13472229.987574,13472229.987574,13472229.987574
