arrival_rate,bp_parameter_L,bp_parameter_H,Dynamic_BAL_njobs100_mode1_L2_norm_flow_time,Dynamic_BAL_njobs100_mode2_L2_norm_flow_time,Dynamic_BAL_njobs100_mode3_L2_norm_flow_time,Dynamic_BAL_njobs100_mode4_L2_norm_flow_time,Dynamic_BAL_njobs100_mode5_L2_norm_flow_time,Dynamic_BAL_njobs100_mode6_L2_norm_flow_time
38,12.400000,4096,4139931.994572,4149576.158170,4149576.158170,4149576.158170,4149576.158170,4149576.158170
38,9.800000,32768,2441148.617566,2441148.617566,2441148.617566,2441148.617566,2441148.617566,2441148.617566
38,18.900000,512,8285421.564210,8235530.727051,8235530.727051,8235530.727051,8235530.727051,8235530.727051
38,8.500000,262144,4587262.146454,2330704.735788,2330704.735788,2330704.735788,2330704.735788,2330704.735788
38,60.000000,18,12847399.867477,12847399.867477,12847399.867477,12847399.867477,12847399.867477,12847399.867477
38,60.000000,24,12811215.491310,12811215.491310,12811215.491310,12811215.491310,12811215.491310,12781319.515417
38,60.000000,12,12995506.398041,12995506.398041,12995506.398041,12995506.398041,12995506.398041,12995506.398041
38,56.300000,64,12976398.953839,12976398.953839,12976398.953839,12976398.953839,12976398.953839,12976398.953839
