arrival_rate,bp_parameter_L,bp_parameter_H,Dynamic_BAL_njobs100_mode1_L2_norm_flow_time,Dynamic_BAL_njobs100_mode2_L2_norm_flow_time,Dynamic_BAL_njobs100_mode3_L2_norm_flow_time,Dynamic_BAL_njobs100_mode4_L2_norm_flow_time,Dynamic_BAL_njobs100_mode5_L2_norm_flow_time,Dynamic_BAL_njobs100_mode6_L2_norm_flow_time
40,9.800000,32768,2541964.516036,2541964.516036,2541964.516036,2541964.516036,2541964.516036,2541964.516036
40,12.400000,4096,4460427.265761,4440021.827417,4440021.827417,4440021.827417,4440021.827417,4440021.827417
40,8.500000,262144,1769965.972578,1769965.972578,1769965.972578,1769965.972578,1769965.972578,1769965.972578
40,18.900000,512,7620585.924789,7618573.029592,7618573.029592,7618573.029592,7618573.029592,7618573.029592
40,60.000000,24,12060825.767163,12068760.161496,12068760.161496,12068760.161496,12068760.161496,12042429.855737
40,60.000000,18,11903398.445552,11903398.445552,11903398.445552,11903398.445552,11903398.445552,11903398.445552
40,56.300000,64,11904001.025009,11904001.025009,11904001.025009,11904001.025009,11904001.025009,11904001.025009
40,60.000000,12,11913354.088366,11913354.088366,11913354.088366,11913354.088366,11913354.088366,11913354.088366
