arrival_rate,bp_parameter_L,bp_parameter_H,Dynamic_BAL_njobs100_mode1_L2_norm_flow_time,Dynamic_BAL_njobs100_mode2_L2_norm_flow_time,Dynamic_BAL_njobs100_mode3_L2_norm_flow_time,Dynamic_BAL_njobs100_mode4_L2_norm_flow_time,Dynamic_BAL_njobs100_mode5_L2_norm_flow_time,Dynamic_BAL_njobs100_mode6_L2_norm_flow_time,Dynamic_BAL_njobs100_mode7_L2_norm_flow_time
40,8.500000,262144,9217984.187804,9230521.214018,9230521.214018,9230521.214018,9230521.214018,9230521.214018,9230521.214018
40,9.800000,32768,18092094.005580,18034318.198325,18062631.238689,18062631.238689,18062631.238689,18062631.238689,18062631.238689
40,12.400000,4096,32343875.028511,31953521.345742,31953521.345742,31953521.345742,31953521.345742,31953521.345742,31953521.345742
40,18.900000,512,76534044.631196,76537499.115572,76529657.526150,76529657.526150,76529657.526150,76529657.526150,76529657.526150
40,56.300000,64,94213702.673876,94213702.673876,94213702.673876,94213702.673876,94213702.673876,94176650.166610,94213702.673876
