arrival_rate,bp_parameter_L,bp_parameter_H,Dynamic_BAL_njobs100_mode1_L2_norm_flow_time,Dynamic_BAL_njobs100_mode2_L2_norm_flow_time,Dynamic_BAL_njobs100_mode3_L2_norm_flow_time,Dynamic_BAL_njobs100_mode4_L2_norm_flow_time,Dynamic_BAL_njobs100_mode5_L2_norm_flow_time,Dynamic_BAL_njobs100_mode6_L2_norm_flow_time,Dynamic_BAL_njobs100_mode7_L2_norm_flow_time
40,8.500000,262144,10656316.240782,10661293.496301,10661293.496301,10661293.496301,10661293.496301,10661293.496301,10661293.496301
40,9.800000,32768,17393116.874619,17428967.681054,17428967.681054,17428967.681054,17428967.681054,17428967.681054,17428967.681054
40,12.400000,4096,31391931.017608,31243214.258398,31243214.258398,31243214.258398,31243214.258398,31243214.258398,31243214.258398
40,18.900000,512,77239589.716639,77185694.324768,77163362.746355,77163362.746355,77163362.746355,77163362.746355,77163362.746355
40,56.300000,64,92504809.668356,92504809.668356,92504809.668356,92504809.668356,92504809.668356,92465874.498095,92504809.668356
