arrival_rate,bp_parameter_L,bp_parameter_H,Dynamic_BAL_njobs100_mode1_L2_norm_flow_time,Dynamic_BAL_njobs100_mode2_L2_norm_flow_time,Dynamic_BAL_njobs100_mode3_L2_norm_flow_time,Dynamic_BAL_njobs100_mode4_L2_norm_flow_time,Dynamic_BAL_njobs100_mode5_L2_norm_flow_time,Dynamic_BAL_njobs100_mode6_L2_norm_flow_time
40,9.800000,32768,16765691.777066,16268261.448936,16268261.448936,16268261.448936,16268261.448936,16268250.934201
40,8.500000,262144,10572463.325789,10572463.325789,10572463.325789,10572463.325789,10572463.325789,10572463.325789
40,12.400000,4096,31018108.120012,31048132.726211,30994548.666791,30994548.666791,30994548.666791,30994548.666791
40,18.900000,512,64373867.871237,64281859.365116,64196257.302959,64196257.302959,64196257.302959,64196257.302959
40,60.000000,24,96302634.101127,96472527.780980,96472527.780980,96472527.780980,96472527.780980,96434366.003806
40,60.000000,18,93931729.007924,93931729.007924,93931729.007924,93931729.007924,93931729.007924,93931729.007924
40,60.000000,12,95142836.480944,95142836.480944,95142836.480944,95142836.480944,95142836.480944,95142836.480944
40,56.300000,64,95297211.834314,95297211.834314,95297211.834314,95297211.834314,95297211.834314,95297211.834314
