arrival_rate,bp_parameter_L,bp_parameter_H,RR_L2_norm_flow_time
20,8.500000,262144,7671534.137401
20,9.800000,32768,9732401.483957
20,12.400000,4096,14742375.880632
20,18.900000,512,24071351.482109
20,56.300000,64,40876949.394926
20,60.000000,12,38795285.968126
20,60.000000,18,37557326.083520
20,60.000000,24,35811838.549853
