arrival_rate,bp_parameter_L,bp_parameter_H,RR_L2_norm_flow_time
20,8.500000,262144,60131531.909697
20,9.800000,32768,79228814.729530
20,12.400000,4096,118592207.514594
20,18.900000,512,187440372.263628
20,56.300000,64,327462932.210487
20,60.000000,12,313879461.286300
20,60.000000,18,299141856.668332
20,60.000000,24,286973617.562822
20,100.000000,50,16357533.726426
20,500.000000,200,98891508.248914
20,2000.000000,800,406487633.679059
