arrival_rate,bp_parameter_L,bp_parameter_H,RR_L2_norm_flow_time
20,8.500000,262144,60149966.812432
20,9.800000,32768,80809908.273950
20,12.400000,4096,114785119.526860
20,18.900000,512,191887743.323079
20,56.300000,64,327723088.608121
20,60.000000,12,312954682.746366
20,60.000000,18,300212739.214166
20,60.000000,24,288429784.673582
20,100.000000,50,16959974.037458
20,500.000000,200,99834498.477307
20,2000.000000,800,400962173.381067
