arrival_rate,bp_parameter_L,bp_parameter_H,RR_L2_norm_flow_time
20,8.500000,262144,60061910.862545
20,9.800000,32768,79937930.962231
20,12.400000,4096,115771918.690133
20,18.900000,512,191265324.085838
20,56.300000,64,327740829.798509
20,60.000000,12,313314659.896549
20,60.000000,18,301275942.370672
20,60.000000,24,285795652.770231
20,100.000000,50,16847312.747246
20,500.000000,200,100129673.295818
20,2000.000000,800,407142180.700526
