arrival_rate,bp_parameter_L,bp_parameter_H,RR_L2_norm_flow_time
20,8.500000,262144,7631643.527940
20,9.800000,32768,9983989.361547
20,12.400000,4096,14210596.913161
20,18.900000,512,23351460.570059
20,56.300000,64,40927826.742052
20,60.000000,12,38797105.548716
20,60.000000,18,37671047.566078
20,60.000000,24,35983417.432326
