arrival_rate,bp_parameter_L,bp_parameter_H,RR_L2_norm_flow_time
22,8.500000,262144,55448957.345712
22,9.800000,32768,71253151.942971
22,12.400000,4096,107615145.938536
22,18.900000,512,181597448.067809
22,56.300000,64,313726721.605507
