arrival_rate,bp_parameter_L,bp_parameter_H,RR_L2_norm_flow_time
22,8.500000,262144,54004568.259902
22,9.800000,32768,72639908.525837
22,12.400000,4096,107172886.737898
22,18.900000,512,184114335.989912
22,56.300000,64,313858271.195864
22,60.000000,12,300713662.691228
22,60.000000,18,287225413.384478
22,60.000000,24,277561854.388947
22,100.000000,50,15963945.110043
22,500.000000,200,97984815.276312
22,2000.000000,800,406711085.134776
