arrival_rate,bp_parameter_L,bp_parameter_H,RR_L2_norm_flow_time
22,8.500000,262144,7040602.901771
22,9.800000,32768,9422191.838028
22,12.400000,4096,14146750.553769
22,18.900000,512,22421330.064849
22,56.300000,64,38904492.401250
22,60.000000,12,37146640.292297
22,60.000000,18,36275707.654367
22,60.000000,24,34706938.080598
