arrival_rate,bp_parameter_L,bp_parameter_H,RR_L2_norm_flow_time
22,8.500000,262144,6494375.095866
22,9.800000,32768,8943575.086370
22,12.400000,4096,12801543.007500
22,18.900000,512,22512749.058060
22,56.300000,64,39361106.291604
22,60.000000,12,37645240.912900
22,60.000000,18,35729521.624728
22,60.000000,24,34611268.423175
