arrival_rate,bp_parameter_L,bp_parameter_H,RR_L2_norm_flow_time
22,8.500000,262144,7066869.415200
22,9.800000,32768,9093026.082242
22,12.400000,4096,13827975.198508
22,18.900000,512,23303628.517362
22,56.300000,64,39275603.428038
22,60.000000,12,37722693.994091
22,60.000000,18,35636916.255368
22,60.000000,24,34228181.727049
