arrival_rate,bp_parameter_L,bp_parameter_H,RR_L2_norm_flow_time
22,8.500000,262144,55228766.995373
22,9.800000,32768,71391138.732888
22,12.400000,4096,110811604.691398
22,18.900000,512,182516383.251448
22,56.300000,64,313005780.490538
22,60.000000,12,300962658.485601
22,60.000000,18,286798236.782618
22,60.000000,24,276147556.388322
22,100.000000,50,16764157.931332
22,500.000000,200,99449212.513840
22,2000.000000,800,407782652.674933
