arrival_rate,bp_parameter_L,bp_parameter_H,RR_L2_norm_flow_time
22,8.500000,262144,54631678.079543
22,9.800000,32768,72477986.232029
22,12.400000,4096,107198228.561144
22,18.900000,512,181341036.673715
22,56.300000,64,315327299.351064
22,60.000000,12,299981547.486193
22,60.000000,18,288788624.322423
22,60.000000,24,275339468.444528
22,100.000000,50,16067413.162983
22,500.000000,200,97794875.599052
22,2000.000000,800,406097405.403611
