arrival_rate,bp_parameter_L,bp_parameter_H,RR_L2_norm_flow_time
22,8.500000,262144,6611956.691563
22,9.800000,32768,8688491.728647
22,12.400000,4096,13763219.550644
22,18.900000,512,22741517.496354
22,56.300000,64,39515481.825546
22,60.000000,12,37576358.117279
22,60.000000,18,35758555.877500
22,60.000000,24,35137931.097799
