arrival_rate,bp_parameter_L,bp_parameter_H,RR_L2_norm_flow_time
24,8.500000,262144,47779011.764650
24,9.800000,32768,66248201.326776
24,12.400000,4096,104099424.235703
24,18.900000,512,173623685.762291
24,56.300000,64,298094828.936092
24,60.000000,12,284950515.566713
24,60.000000,18,274862027.665116
24,60.000000,24,262369385.794015
24,100.000000,50,15874554.065025
24,500.000000,200,100338995.246109
24,2000.000000,800,411446613.291988
