arrival_rate,bp_parameter_L,bp_parameter_H,RR_L2_norm_flow_time
24,8.500000,262144,6230590.177012
24,9.800000,32768,8079392.352240
24,12.400000,4096,13401566.892782
24,18.900000,512,21128185.733576
24,56.300000,64,37373277.931976
24,60.000000,12,36263208.760788
24,60.000000,18,34267603.834729
24,60.000000,24,32772070.176712
