arrival_rate,bp_parameter_L,bp_parameter_H,RR_L2_norm_flow_time
24,8.500000,262144,48555227.679997
24,9.800000,32768,70009785.359838
24,12.400000,4096,102999763.449063
24,18.900000,512,173910813.033436
24,56.300000,64,298089633.831102
24,60.000000,12,285553485.957072
24,60.000000,18,275694028.885016
24,60.000000,24,262943405.838625
24,100.000000,50,16092271.640032
24,500.000000,200,98365900.804128
24,2000.000000,800,406443799.395016
