arrival_rate,bp_parameter_L,bp_parameter_H,RR_L2_norm_flow_time
24,8.500000,262144,50308783.189610
24,9.800000,32768,66517852.360058
24,12.400000,4096,102579554.921964
24,18.900000,512,172517352.420282
24,56.300000,64,298032512.894404
