arrival_rate,bp_parameter_L,bp_parameter_H,RR_L2_norm_flow_time
26,8.500000,262144,42140330.549075
26,9.800000,32768,61260487.512574
26,12.400000,4096,93373049.653980
26,18.900000,512,163994736.502810
26,56.300000,64,284894144.904204
