arrival_rate,bp_parameter_L,bp_parameter_H,RR_L2_norm_flow_time
26,8.500000,262144,43681592.310252
26,9.800000,32768,59254641.294479
26,12.400000,4096,95849894.876554
26,18.900000,512,163430898.837599
26,56.300000,64,283539470.672230
26,60.000000,12,270594886.927145
26,60.000000,18,263725697.708746
26,60.000000,24,252616251.763250
26,100.000000,50,16111019.098308
26,500.000000,200,96103930.406739
26,2000.000000,800,401981493.634210
