arrival_rate,bp_parameter_L,bp_parameter_H,RR_L2_norm_flow_time
26,8.500000,262144,43871439.763879
26,9.800000,32768,59697554.570302
26,12.400000,4096,93178382.700278
26,18.900000,512,166663865.068954
26,56.300000,64,283537435.494397
