arrival_rate,bp_parameter_L,bp_parameter_H,RR_L2_norm_flow_time
28,8.500000,262144,4889218.834266
28,9.800000,32768,7353745.510675
28,12.400000,4096,11924327.487230
28,18.900000,512,19495222.108956
28,56.300000,64,33628997.612561
28,60.000000,12,31639522.507213
28,60.000000,18,31503774.509553
28,60.000000,24,29786982.091384
