arrival_rate,bp_parameter_L,bp_parameter_H,RR_L2_norm_flow_time
28,8.500000,262144,39275481.182902
28,9.800000,32768,53500125.157387
28,12.400000,4096,90182888.585362
28,18.900000,512,157646970.456927
28,56.300000,64,267865119.907301
28,60.000000,12,256899015.445439
28,60.000000,18,247012248.250389
28,60.000000,24,240830439.136079
28,100.000000,50,15375350.904491
28,500.000000,200,99401466.375855
28,2000.000000,800,404386372.656423
