arrival_rate,bp_parameter_L,bp_parameter_H,RR_L2_norm_flow_time
30,8.500000,262144,34372301.748408
30,9.800000,32768,49045230.114527
30,12.400000,4096,82695654.190070
30,18.900000,512,147171533.085714
30,56.300000,64,252828875.531674
30,60.000000,12,245766487.851535
30,60.000000,18,237659328.380824
30,60.000000,24,229099467.404568
30,100.000000,50,15162282.111612
30,500.000000,200,97122847.077548
30,2000.000000,800,402477099.890856
