arrival_rate,bp_parameter_L,bp_parameter_H,RR_L2_norm_flow_time
30,8.500000,262144,31712713.219424
30,9.800000,32768,46984055.898694
30,12.400000,4096,82225990.371972
30,18.900000,512,149810836.554010
30,56.300000,64,253664031.291803
30,60.000000,12,244494527.400049
30,60.000000,18,234500839.822394
30,60.000000,24,226718808.661929
30,100.000000,50,15208597.589856
30,500.000000,200,98467191.645407
30,2000.000000,800,402661230.721946
