arrival_rate,bp_parameter_L,bp_parameter_H,RR_L2_norm_flow_time
30,8.500000,262144,33303521.794157
30,9.800000,32768,49168907.693139
30,12.400000,4096,82735886.373399
30,18.900000,512,148523761.572695
30,56.300000,64,255096421.978641
