arrival_rate,bp_parameter_L,bp_parameter_H,RR_L2_norm_flow_time
30,8.500000,262144,4349512.910281
30,9.800000,32768,5610842.825861
30,12.400000,4096,10122121.678174
30,18.900000,512,17770620.070528
30,56.300000,64,31012597.295821
30,60.000000,12,30807711.675329
30,60.000000,18,29204757.896966
30,60.000000,24,28180769.743811
