arrival_rate,bp_parameter_L,bp_parameter_H,RR_L2_norm_flow_time
30,8.500000,262144,33221629.663483
30,9.800000,32768,48401291.118543
30,12.400000,4096,77688258.971328
30,18.900000,512,148613521.878094
30,56.300000,64,252755786.898457
