arrival_rate,bp_parameter_L,bp_parameter_H,RR_L2_norm_flow_time
30,8.500000,262144,4913943.008460
30,9.800000,32768,6174246.305781
30,12.400000,4096,9714143.553044
30,18.900000,512,17969781.838945
30,56.300000,64,31469638.096726
30,60.000000,12,30012826.716288
30,60.000000,18,29801060.426854
30,60.000000,24,28569969.140820
