arrival_rate,bp_parameter_L,bp_parameter_H,RR_L2_norm_flow_time
32,8.500000,262144,27800983.129785
32,9.800000,32768,40610591.190032
32,12.400000,4096,75807308.002673
32,18.900000,512,135674472.650318
32,56.300000,64,237712383.930043
32,60.000000,12,232326951.618415
32,60.000000,18,224483097.568133
32,60.000000,24,212227995.171067
32,100.000000,50,15005767.192404
32,500.000000,200,97742801.673301
32,2000.000000,800,405259607.231076
