arrival_rate,bp_parameter_L,bp_parameter_H,RR_L2_norm_flow_time
32,8.500000,262144,3606685.660326
32,9.800000,32768,5526801.882481
32,12.400000,4096,9154089.005757
32,18.900000,512,17167442.262979
32,56.300000,64,29878363.145240
32,60.000000,12,28311170.945952
32,60.000000,18,27398970.858906
32,60.000000,24,26380576.639388
