arrival_rate,bp_parameter_L,bp_parameter_H,RR_L2_norm_flow_time
32,8.500000,262144,3340280.847196
32,9.800000,32768,5703435.974459
32,12.400000,4096,10060955.030384
32,18.900000,512,17672345.840451
32,56.300000,64,29143121.057384
32,60.000000,12,29341786.244647
32,60.000000,18,27492617.325411
32,60.000000,24,26747528.764509
