arrival_rate,bp_parameter_L,bp_parameter_H,RR_L2_norm_flow_time
32,8.500000,262144,31588508.393379
32,9.800000,32768,44458122.511301
32,12.400000,4096,74680884.842145
32,18.900000,512,137718196.103415
32,56.300000,64,239806349.148720
32,60.000000,12,229892980.460722
32,60.000000,18,219905122.109999
32,60.000000,24,214962038.855015
32,100.000000,50,14884733.065327
32,500.000000,200,98316858.608784
32,2000.000000,800,404438086.662315
