arrival_rate,bp_parameter_L,bp_parameter_H,RR_L2_norm_flow_time
34,8.500000,262144,25600779.895810
34,9.800000,32768,40212433.754997
34,12.400000,4096,71877104.206446
34,18.900000,512,129588331.466272
34,56.300000,64,223029564.648280
34,60.000000,12,216990397.021057
34,60.000000,18,208319668.385722
34,60.000000,24,202164238.205937
34,100.000000,50,14528571.678844
34,500.000000,200,97628072.225154
34,2000.000000,800,404588180.263808
