arrival_rate,bp_parameter_L,bp_parameter_H,RR_L2_norm_flow_time
34,8.500000,262144,27238400.761762
34,9.800000,32768,38022922.134591
34,12.400000,4096,68384503.784565
34,18.900000,512,127825677.466790
34,56.300000,64,222216855.507365
34,60.000000,12,216298280.736768
34,60.000000,18,206688276.658840
34,60.000000,24,201293260.243771
34,100.000000,50,14416338.564888
34,500.000000,200,97257550.960211
34,2000.000000,800,401188329.073740
