arrival_rate,bp_parameter_L,bp_parameter_H,RR_L2_norm_flow_time
34,8.500000,262144,26973192.777006
34,9.800000,32768,40596408.937884
34,12.400000,4096,70584871.929130
34,18.900000,512,128710493.233737
34,56.300000,64,221464977.148528
34,60.000000,12,214462089.850031
34,60.000000,18,208477975.635465
34,60.000000,24,200639344.221676
34,100.000000,50,14895540.091016
34,500.000000,200,97015961.076004
34,2000.000000,800,405630962.923226
