arrival_rate,bp_parameter_L,bp_parameter_H,RR_L2_norm_flow_time
34,8.500000,262144,25977300.937917
34,9.800000,32768,40966116.820935
34,12.400000,4096,68240829.533605
34,18.900000,512,130829308.395846
34,56.300000,64,223042733.005246
