arrival_rate,bp_parameter_L,bp_parameter_H,RR_L2_norm_flow_time
36,8.500000,262144,23211109.215220
36,9.800000,32768,33060529.892433
36,12.400000,4096,61452367.682572
36,18.900000,512,122036916.134549
36,56.300000,64,205146154.551859
