arrival_rate,bp_parameter_L,bp_parameter_H,RR_L2_norm_flow_time
36,8.500000,262144,2348637.276126
36,9.800000,32768,3849030.336529
36,12.400000,4096,7801298.069472
36,18.900000,512,15819842.261308
36,56.300000,64,25352487.663420
36,60.000000,12,25141362.619212
36,60.000000,18,24233426.921261
36,60.000000,24,23045546.901573
