arrival_rate,bp_parameter_L,bp_parameter_H,RR_L2_norm_flow_time
36,8.500000,262144,21898304.695477
36,9.800000,32768,36573123.274623
36,12.400000,4096,64162625.804987
36,18.900000,512,117479122.317279
36,56.300000,64,206942068.648091
36,60.000000,12,200295524.473966
36,60.000000,18,190271939.491794
36,60.000000,24,187368979.290180
36,100.000000,50,14090277.001965
36,500.000000,200,97464229.703853
36,2000.000000,800,402754328.623858
