arrival_rate,bp_parameter_L,bp_parameter_H,RR_L2_norm_flow_time
36,8.500000,262144,2932681.178488
36,9.800000,32768,4382725.730056
36,12.400000,4096,8527749.674240
36,18.900000,512,15682972.428864
36,56.300000,64,25888513.957531
36,60.000000,12,25095785.610083
36,60.000000,18,24152638.461491
36,60.000000,24,23714004.848425
