arrival_rate,bp_parameter_L,bp_parameter_H,RR_L2_norm_flow_time
36,8.500000,262144,3052927.880888
36,9.800000,32768,4135562.924183
36,12.400000,4096,7466274.928114
36,18.900000,512,15024227.214243
36,56.300000,64,25687646.194579
36,60.000000,12,24903031.219213
36,60.000000,18,24196201.077049
36,60.000000,24,23782034.862410
