arrival_rate,bp_parameter_L,bp_parameter_H,RR_L2_norm_flow_time
38,8.500000,262144,18748247.792752
38,9.800000,32768,32195325.352003
38,12.400000,4096,57661354.423483
38,18.900000,512,112069855.958330
38,56.300000,64,191197528.379165
38,60.000000,12,186272466.972471
38,60.000000,18,180569196.469997
38,60.000000,24,171991561.135330
38,100.000000,50,14184156.860531
38,500.000000,200,97630208.687050
38,2000.000000,800,404816487.682572
