arrival_rate,bp_parameter_L,bp_parameter_H,RR_L2_norm_flow_time
38,8.500000,262144,17204100.056516
38,9.800000,32768,29554905.395228
38,12.400000,4096,58047513.709534
38,18.900000,512,113420707.055519
38,56.300000,64,187643230.130846
