arrival_rate,bp_parameter_L,bp_parameter_H,RR_L2_norm_flow_time
38,8.500000,262144,2759482.045399
38,9.800000,32768,3336862.681253
38,12.400000,4096,7537250.055779
38,18.900000,512,14234420.480604
38,56.300000,64,24014620.566169
38,60.000000,12,23603020.864869
38,60.000000,18,22743000.207362
38,60.000000,24,21937208.288044
