arrival_rate,bp_parameter_L,bp_parameter_H,RR_L2_norm_flow_time
38,8.500000,262144,3486538.802433
38,9.800000,32768,4772539.131367
38,12.400000,4096,7382378.903924
38,18.900000,512,14201485.984922
38,56.300000,64,23853629.770263
38,60.000000,12,23108923.683540
38,60.000000,18,22201360.966122
38,60.000000,24,21965187.263044
