arrival_rate,bp_parameter_L,bp_parameter_H,RR_L2_norm_flow_time
38,8.500000,262144,18235968.232900
38,9.800000,32768,32512411.030792
38,12.400000,4096,56383653.844312
38,18.900000,512,113549316.191003
38,56.300000,64,192697474.343789
