arrival_rate,bp_parameter_L,bp_parameter_H,RR_L2_norm_flow_time
38,8.500000,262144,21190928.921815
38,9.800000,32768,29377700.053623
38,12.400000,4096,58448636.958885
38,18.900000,512,112880510.065593
38,56.300000,64,190587650.275159
