arrival_rate,bp_parameter_L,bp_parameter_H,RR_L2_norm_flow_time
38,8.500000,262144,17855417.234456
38,9.800000,32768,31680511.562487
38,12.400000,4096,58366053.198530
38,18.900000,512,107061678.551615
38,56.300000,64,188364944.408087
38,60.000000,12,183328355.147028
38,60.000000,18,175976504.778493
38,60.000000,24,174280239.182616
38,100.000000,50,14088877.635692
38,500.000000,200,97074857.185011
38,2000.000000,800,401116391.628760
