arrival_rate,bp_parameter_L,bp_parameter_H,RR_L2_norm_flow_time
38,8.500000,262144,2232927.065993
38,9.800000,32768,3754496.585027
38,12.400000,4096,7430519.114336
38,18.900000,512,14184432.198216
38,56.300000,64,24792865.395712
38,60.000000,12,23855558.185383
38,60.000000,18,21973755.361661
38,60.000000,24,21191287.985788
