arrival_rate,bp_parameter_L,bp_parameter_H,RR_L2_norm_flow_time
38,8.500000,262144,3455641.222274
38,9.800000,32768,3646267.013172
38,12.400000,4096,6934364.079813
38,18.900000,512,13720495.126133
38,56.300000,64,23904114.497222
38,60.000000,12,23230198.224172
38,60.000000,18,22239563.359871
38,60.000000,24,21312923.177954
