arrival_rate,bp_parameter_L,bp_parameter_H,RR_L2_norm_flow_time
40,8.500000,262144,15686477.235595
40,9.800000,32768,26460049.302592
40,12.400000,4096,51396152.071668
40,18.900000,512,106026142.316952
40,56.300000,64,176590247.144191
40,60.000000,12,168487436.150959
40,60.000000,18,164885379.018453
40,60.000000,24,157707260.013245
40,100.000000,50,13721113.101276
40,500.000000,200,97030322.329180
40,2000.000000,800,401095404.713055
