arrival_rate,bp_parameter_L,bp_parameter_H,RR_L2_norm_flow_time
40,8.500000,262144,16062925.041383
40,9.800000,32768,26948718.655420
40,12.400000,4096,52411847.908259
40,18.900000,512,106678404.770562
40,56.300000,64,171565325.768347
