arrival_rate,bp_parameter_L,bp_parameter_H,RR_L2_norm_flow_time
40,8.500000,262144,1948997.526953
40,9.800000,32768,2974195.155837
40,12.400000,4096,5998290.082948
40,18.900000,512,13142211.084225
40,56.300000,64,22221674.774910
40,60.000000,12,20988902.322431
40,60.000000,18,20765135.081286
40,60.000000,24,19124280.146132
