arrival_rate,bp_parameter_L,bp_parameter_H,RR_L2_norm_flow_time
40,8.500000,262144,13241772.003810
40,9.800000,32768,26969931.681847
40,12.400000,4096,50206554.694297
40,18.900000,512,104334896.122929
40,56.300000,64,173515932.687388
40,60.000000,12,171708987.432145
40,60.000000,18,166571683.276768
40,60.000000,24,160171339.065166
40,100.000000,50,13467038.656179
40,500.000000,200,96080159.682949
40,2000.000000,800,396204060.215777
