arrival_rate,bp_parameter_L,bp_parameter_H,RR_L2_norm_flow_time
40,8.500000,262144,17858900.185158
40,9.800000,32768,27275803.016805
40,12.400000,4096,51479306.136758
40,18.900000,512,103360486.255337
40,56.300000,64,172855556.015530
40,60.000000,12,169483093.939594
40,60.000000,18,161679229.232870
40,60.000000,24,160349720.236445
40,100.000000,50,13555383.725567
40,500.000000,200,96923255.967124
40,2000.000000,800,404082144.117578
