arrival_rate,bp_parameter_L,bp_parameter_H,RR_L2_norm_flow_time
40,8.500000,262144,2313568.985730
40,9.800000,32768,2838056.480556
40,12.400000,4096,7163959.736363
40,18.900000,512,12170461.581325
40,56.300000,64,21267605.756098
40,60.000000,12,20770706.265565
40,60.000000,18,20710125.844159
40,60.000000,24,19889100.623528
